transaction_id,customer_id,transaction_date,transaction_type,amount,adjustment_code,network_node,country,destination_account,is_suspicious_ground_truth,country_name,risk_score,is_tax_haven,cross_border,amount_zscore_cliente
TXN00000001,CLI000284,2023-10-27,ESTORNO,1510.95,10,RJ-CORE-01,BR,BR-3746317213,False,Brasil,0.05,False,False,-0.11711829629030575
TXN00000002,CLI000865,2023-02-16,PAGAMENTO,2650.12,00,SP-CORE-02,BR,BR-9697354961,False,Brasil,0.05,False,False,0.0017622701158345412
TXN00000003,CLI001134,2023-07-17,FATURA,1348.04,10,BA-CORE-01,BR,BR-2181241943,False,Brasil,0.05,False,False,-0.07901270484409446
TXN00000004,CLI000602,2023-12-15,FATURA,2528.11,02,RJ-CORE-01,BR,BR-1958682846,False,Brasil,0.05,False,False,0.7071067811865478
TXN00000005,CLI001040,2023-03-22,PAGAMENTO,1598.96,02,BA-CORE-01,BR,BR-4163119785,False,Brasil,0.05,False,False,-0.5477567959806682
TXN00000006,CLI000331,2023-11-17,FATURA,1058.59,01,SP-CORE-02,BR,BR-9963334018,False,Brasil,0.05,False,False,0.11182651160394791
TXN00000007,CLI000630,2023-11-03,FATURA,1148.06,00,SP-CORE-01,BR,BR-2812140441,False,Brasil,0.05,False,False,0.2620884602233037
TXN00000008,CLI000142,2023-01-30,AJUSTE,858.23,00,SP-CORE-01,BR,BR-1127978094,False,Brasil,0.05,False,False,0.8743143386675656
TXN00000009,CLI000867,2023-03-07,AJUSTE,2315.93,01,RJ-CORE-01,BR,BR-1939042955,False,Brasil,0.05,False,False,0.3995038266260667
TXN00000010,CLI000765,2023-10-04,AJUSTE,2648.32,01,RJ-CORE-01,BR,BR-9703905715,False,Brasil,0.05,False,False,1.006561699354379
TXN00000011,CLI000693,2023-09-22,PAGAMENTO,1591.17,01,SP-CORE-02,BR,BR-7635473142,False,Brasil,0.05,False,False,0.4898216410432665
TXN00000012,CLI000121,2023-10-29,FATURA,1947.65,01,SP-CORE-01,BR,BR-6241752544,False,Brasil,0.05,False,False,0.11354666491059587
TXN00000013,CLI000488,2023-02-04,AJUSTE,3170.86,02,SP-CORE-01,BR,BR-7825844140,False,Brasil,0.05,False,False,-0.7071067811865475
TXN00000014,CLI000969,2023-12-09,ESTORNO,-1709.24,01,BA-CORE-01,BR,BR-4460967357,False,Brasil,0.05,False,False,-0.8686136970357903
TXN00000015,CLI000842,2023-04-08,PAGAMENTO,348.25,10,RJ-CORE-01,BR,BR-8293453178,False,Brasil,0.05,False,False,-1.8024431679015473
TXN00000016,CLI000695,2023-01-28,PAGAMENTO,2363.31,00,SP-CORE-01,BR,BR-6756332150,False,Brasil,0.05,False,False,1.1093657758422653
TXN00000017,CLI000376,2023-05-08,FATURA,686.73,10,SP-CORE-02,BR,BR-1667779376,False,Brasil,0.05,False,False,-0.8184009088994828
TXN00000018,CLI001108,2023-08-25,ESTORNO,-889.33,00,MG-CORE-01,BR,BR-2445662585,False,Brasil,0.05,False,False,-1.2911033248737074
TXN00000019,CLI000995,2023-02-17,FATURA,3243.76,01,SP-CORE-02,BR,BR-5693307665,False,Brasil,0.05,False,False,0.806033002501776
TXN00000020,CLI000005,2023-04-20,PAGAMENTO,3028.98,00,SP-CORE-02,BR,BR-5710360983,False,Brasil,0.05,False,False,1.8442970151617273
TXN00000021,CLI001139,2023-05-16,PAGAMENTO,3244.28,10,RJ-CORE-01,BR,BR-8934927891,False,Brasil,0.05,False,False,0.8156147277077388
TXN00000022,CLI001111,2023-03-21,PAGAMENTO,680.84,01,SP-CORE-01,BR,BR-7887950851,False,Brasil,0.05,False,False,0.8717383522487858
TXN00000023,CLI000323,2023-06-10,FATURA,218.94,10,BA-CORE-01,BR,BR-4466589567,False,Brasil,0.05,False,False,-0.6014375997818112
TXN00000024,CLI000140,2023-09-18,FATURA,298.79,01,SP-CORE-01,BR,BR-8429141456,False,Brasil,0.05,False,False,-0.9084366770442371
TXN00000025,CLI000082,2023-07-26,AJUSTE,437.21,01,BA-CORE-01,BR,BR-3303082117,False,Brasil,0.05,False,False,-0.7804947026685469
TXN00000026,CLI000644,2023-08-03,FATURA,2307.66,02,RJ-CORE-01,BR,BR-2625792787,False,Brasil,0.05,False,False,-0.40085517980580565
TXN00000027,CLI000149,2023-05-16,AJUSTE,1397.33,02,MG-CORE-01,BR,BR-7665963761,False,Brasil,0.05,False,False,0.07238016910681665
TXN00000028,CLI000437,2023-08-23,FATURA,2181.63,00,SP-CORE-01,BR,BR-8995970241,False,Brasil,0.05,False,False,0.14953171212881453
TXN00000029,CLI000898,2023-03-09,ESTORNO,-3267.74,00,SP-CORE-02,BR,BR-3479708607,False,Brasil,0.05,False,False,-1.3529602129657783
TXN00000030,CLI000213,2023-11-10,ESTORNO,3443.81,00,BA-CORE-01,BR,BR-4026113008,False,Brasil,0.05,False,False,0.6264185960546305
TXN00000031,CLI000558,2023-05-16,AJUSTE,421.69,00,BA-CORE-01,BR,BR-9786748825,False,Brasil,0.05,False,False,0.0
TXN00000032,CLI000515,2023-11-06,ESTORNO,752.99,02,SP-CORE-02,BR,BR-5728765136,False,Brasil,0.05,False,False,0.02562052013354333
TXN00000033,CLI000684,2023-02-17,FATURA,2227.31,02,SP-CORE-01,BR,BR-6488854841,False,Brasil,0.05,False,False,-0.024463713540145562
TXN00000034,CLI000876,2023-11-23,AJUSTE,3429.7,01,MG-CORE-01,BR,BR-2566942273,False,Brasil,0.05,False,False,1.3837066810903067
TXN00000035,CLI000757,2023-02-27,FATURA,281.85,01,BA-CORE-01,BR,BR-6884882440,False,Brasil,0.05,False,False,-0.7071067811865475
TXN00000036,CLI000733,2023-08-09,AJUSTE,463.51,02,RJ-CORE-01,BR,BR-3783290795,False,Brasil,0.05,False,False,-0.5394825520712877
TXN00000037,CLI000833,2023-12-16,AJUSTE,888.36,00,RJ-CORE-01,BR,BR-4131575764,False,Brasil,0.05,False,False,-0.1377101733977517
TXN00000038,CLI000368,2023-05-02,AJUSTE,3028.83,01,MG-CORE-01,BR,BR-5996775663,False,Brasil,0.05,False,False,0.708674407082956
TXN00000039,CLI000222,2023-07-30,ESTORNO,2811.78,01,RJ-CORE-01,BR,BR-6924716023,False,Brasil,0.05,False,False,0.41599836803130075
TXN00000040,CLI000717,2023-01-20,PAGAMENTO,3007.9,01,SP-CORE-02,BR,BR-3392080953,False,Brasil,0.05,False,False,0.7071067811865471
TXN00000041,CLI000143,2023-04-27,ESTORNO,-795.77,01,MG-CORE-01,BR,BR-8235363119,False,Brasil,0.05,False,False,-1.3103493609908599
TXN00000042,CLI000237,2023-06-29,ESTORNO,2252.36,10,BA-CORE-01,BR,BR-4332894265,False,Brasil,0.05,False,False,0.7071067811865477
TXN00000043,CLI000708,2023-04-02,ESTORNO,2040.45,02,SP-CORE-01,BR,BR-6649827836,False,Brasil,0.05,False,False,0.4586168876512253
TXN00000044,CLI000091,2023-08-12,ESTORNO,-2129.61,00,MG-CORE-01,BR,BR-2149938334,False,Brasil,0.05,False,False,-1.4782609776143827
TXN00000045,CLI000144,2023-01-01,PAGAMENTO,1829.32,01,RJ-CORE-01,BR,BR-2351531223,False,Brasil,0.05,False,False,0.7071067811865472
TXN00000046,CLI000837,2023-11-16,ESTORNO,-1112.43,00,RJ-CORE-01,BR,BR-8110054933,False,Brasil,0.05,False,False,-1.9493240015324902
TXN00000047,CLI000777,2023-07-26,ESTORNO,2446.29,01,SP-CORE-02,BR,BR-2970753705,False,Brasil,0.05,False,False,0.4164533223499183
TXN00000048,CLI000623,2023-11-12,AJUSTE,2000.49,10,BA-CORE-01,BR,BR-2137651678,False,Brasil,0.05,False,False,0.7071067811865465
TXN00000049,CLI000438,2023-04-18,ESTORNO,-1516.01,02,MG-CORE-01,BR,BR-7805745017,False,Brasil,0.05,False,False,-1.2164631567061652
TXN00000050,CLI000687,2023-03-28,PAGAMENTO,2312.8,02,BA-CORE-01,BR,BR-7010379415,False,Brasil,0.05,False,False,0.7925512951871048
TXN00000051,CLI000051,2023-05-01,FATURA,2361.33,01,SP-CORE-02,BR,BR-5284391408,False,Brasil,0.05,False,False,1.0812081592204388
TXN00000052,CLI001179,2023-05-06,FATURA,3444.1,00,MG-CORE-01,BR,BR-7483366056,False,Brasil,0.05,False,False,0.830410689584216
TXN00000053,CLI000012,2023-12-23,AJUSTE,1356.25,10,SP-CORE-02,BR,BR-1470939445,False,Brasil,0.05,False,False,0.0
TXN00000054,CLI000249,2023-08-06,FATURA,160971.22,4F,SANTOS-PORT-07,KY,OFFSHORE-627048UF,True,Ilhas Cayman,0.95,True,True,1.7886334218172142
TXN00000055,CLI001034,2023-03-10,PAGAMENTO,2808.93,02,MG-CORE-01,BR,BR-4272602734,False,Brasil,0.05,False,False,0.6253457321276774
TXN00000056,CLI000531,2023-10-08,PAGAMENTO,1571.78,01,MG-CORE-01,BR,BR-7980611182,False,Brasil,0.05,False,False,-0.48117073133338123
TXN00000057,CLI000901,2023-11-23,AJUSTE,985.04,10,SP-CORE-02,BR,BR-1854316681,False,Brasil,0.05,False,False,-0.9033834301824605
TXN00000058,CLI000166,2023-05-27,FATURA,836.04,02,RJ-CORE-01,BR,BR-4944899549,False,Brasil,0.05,False,False,-1.4971341314076976
TXN00000059,CLI000850,2023-03-19,AJUSTE,824.79,01,SP-CORE-02,BR,BR-7867414708,False,Brasil,0.05,False,False,-0.44610021037635883
TXN00000060,CLI000861,2023-06-19,PAGAMENTO,1908.29,10,SP-CORE-01,BR,BR-3098545541,False,Brasil,0.05,False,False,0.9148991798700513
TXN00000061,CLI000977,2023-10-27,PAGAMENTO,3312.3,00,BA-CORE-01,BR,BR-8760038701,False,Brasil,0.05,False,False,1.235656760904058
TXN00000062,CLI001119,2023-06-30,FATURA,1059.17,10,MG-CORE-01,BR,BR-2028439863,False,Brasil,0.05,False,False,-0.2041302515311407
TXN00000063,CLI000797,2023-09-07,AJUSTE,783.59,10,MG-CORE-01,BR,BR-1338258951,False,Brasil,0.05,False,False,-0.04031091353328986
TXN00000064,CLI001094,2023-12-09,ESTORNO,2383.41,10,SP-CORE-02,BR,BR-8438486479,False,Brasil,0.05,False,False,0.12689669623773436
TXN00000065,CLI000278,2023-07-21,FATURA,2079.79,00,SP-CORE-01,BR,BR-4504793184,False,Brasil,0.05,False,False,0.5745136503971268
TXN00000066,CLI000932,2023-04-04,PAGAMENTO,194.99,10,RJ-CORE-01,BR,BR-1540137296,False,Brasil,0.05,False,False,-0.8992305389533405
TXN00000067,CLI000168,2023-06-22,ESTORNO,-2669.08,10,RJ-CORE-01,BR,BR-8128575500,False,Brasil,0.05,False,False,-0.045418082764647184
TXN00000068,CLI000141,2023-01-10,PAGAMENTO,2626.6,00,RJ-CORE-01,BR,BR-6004182187,False,Brasil,0.05,False,False,1.2369819377833844
TXN00000069,CLI000313,2023-01-16,FATURA,3324.65,01,SP-CORE-01,BR,BR-7900268326,False,Brasil,0.05,False,False,1.2080161457630019
TXN00000070,CLI000953,2023-03-06,AJUSTE,1667.99,00,BA-CORE-01,BR,BR-5141907136,False,Brasil,0.05,False,False,0.0
TXN00000071,CLI000053,2023-07-08,ESTORNO,-603.91,00,SP-CORE-02,BR,BR-3962958940,False,Brasil,0.05,False,False,-0.814250529810155
TXN00000072,CLI000498,2023-10-22,ESTORNO,-2377.17,10,MG-CORE-01,BR,BR-8357059814,False,Brasil,0.05,False,False,-1.9536530824867484
TXN00000073,CLI000712,2023-12-23,FATURA,2708.23,00,BA-CORE-01,BR,BR-6898796145,False,Brasil,0.05,False,False,0.6592170954798162
TXN00000074,CLI001004,2023-12-05,PAGAMENTO,1309.59,02,SP-CORE-01,BR,BR-2939118223,False,Brasil,0.05,False,False,0.8594060371302097
TXN00000075,CLI000361,2023-08-10,FATURA,3363.54,10,SP-CORE-02,BR,BR-2064746525,False,Brasil,0.05,False,False,1.0809557282433362
TXN00000076,CLI000550,2023-11-12,ESTORNO,2832.53,10,MG-CORE-01,BR,BR-5569956444,False,Brasil,0.05,False,False,0.6917487345484077
TXN00000077,CLI000952,2023-05-06,ESTORNO,-2910.94,00,RJ-CORE-01,BR,BR-9680276057,False,Brasil,0.05,False,False,0.0
TXN00000078,CLI000435,2023-06-22,PAGAMENTO,119.88,02,SP-CORE-02,BR,BR-3379074819,False,Brasil,0.05,False,False,-0.4615659931826677
TXN00000079,CLI000392,2023-05-13,ESTORNO,1204.38,02,BA-CORE-01,BR,BR-3527331058,False,Brasil,0.05,False,False,-0.022403764819466203
TXN00000080,CLI000976,2023-05-04,FATURA,2525.86,10,BA-CORE-01,BR,BR-1030884438,False,Brasil,0.05,False,False,0.3922681690946452
TXN00000081,CLI000829,2023-08-18,PAGAMENTO,2779.41,00,RJ-CORE-01,BR,BR-1252860896,False,Brasil,0.05,False,False,-0.34260087934790845
TXN00000082,CLI001088,2023-06-06,AJUSTE,2330.58,02,MG-CORE-01,BR,BR-2419179580,False,Brasil,0.05,False,False,0.13332732248215626
TXN00000083,CLI000515,2023-08-06,ESTORNO,-3488.28,02,RJ-CORE-01,BR,BR-3208283728,False,Brasil,0.05,False,False,-2.053837103058868
TXN00000084,CLI000380,2023-03-03,AJUSTE,2530.07,02,SP-CORE-01,BR,BR-3084839399,False,Brasil,0.05,False,False,0.5343536846281816
TXN00000085,CLI000580,2023-04-21,AJUSTE,2590.34,02,BA-CORE-01,BR,BR-3315992115,False,Brasil,0.05,False,False,-0.7346549876795239
TXN00000086,CLI000029,2023-04-10,FATURA,1050.94,02,SP-CORE-02,BR,BR-7769777475,False,Brasil,0.05,False,False,-0.9836059370474657
TXN00000087,CLI000259,2023-05-21,AJUSTE,178.39,00,BA-CORE-01,BR,BR-2748309234,False,Brasil,0.05,False,False,-1.3017273350795278
TXN00000088,CLI000903,2023-02-22,PAGAMENTO,3057.06,02,MG-CORE-01,BR,BR-1405126228,False,Brasil,0.05,False,False,0.9988135831105711
TXN00000089,CLI000821,2023-04-05,ESTORNO,3379.93,02,MG-CORE-01,BR,BR-8125276666,False,Brasil,0.05,False,False,1.3089036703994084
TXN00000090,CLI001153,2023-02-07,PAGAMENTO,2028.03,00,SP-CORE-02,BR,BR-6816663775,False,Brasil,0.05,False,False,0.7044876709779458
TXN00000091,CLI000463,2023-02-13,ESTORNO,3478.84,00,BA-CORE-01,BR,BR-7060638140,False,Brasil,0.05,False,False,1.0489448384551223
TXN00000092,CLI000626,2023-08-19,PAGAMENTO,3181.6,02,BA-CORE-01,BR,BR-9822598054,False,Brasil,0.05,False,False,1.1332569555076055
TXN00000093,CLI000542,2023-11-09,FATURA,3361.18,00,SP-CORE-02,BR,BR-3775320897,False,Brasil,0.05,False,False,0.7373251841756324
TXN00000094,CLI000837,2023-03-22,FATURA,854.73,00,SP-CORE-02,BR,BR-5555296751,False,Brasil,0.05,False,False,-0.6314034421806277
TXN00000095,CLI000591,2023-12-19,PAGAMENTO,2086.46,02,SP-CORE-01,BR,BR-8422620843,False,Brasil,0.05,False,False,1.269984375022439
TXN00000096,CLI000406,2023-12-26,ESTORNO,3011.43,00,SP-CORE-02,BR,BR-1469306919,False,Brasil,0.05,False,False,0.8662629805393793
TXN00000097,CLI000147,2023-02-28,PAGAMENTO,1915.08,01,RJ-CORE-01,BR,BR-1822873088,False,Brasil,0.05,False,False,0.39003194650983586
TXN00000098,CLI000960,2023-03-26,FATURA,2778.35,02,MG-CORE-01,BR,BR-7598297060,False,Brasil,0.05,False,False,1.7232872293391464
TXN00000099,CLI000165,2023-12-25,ESTORNO,-1420.73,02,BA-CORE-01,BR,BR-5897045684,False,Brasil,0.05,False,False,-1.2197114434077838
TXN00000100,CLI000469,2023-08-10,FATURA,2576.18,02,SP-CORE-01,BR,BR-6083042422,False,Brasil,0.05,False,False,1.035219581632039
TXN00000101,CLI001063,2023-12-11,FATURA,2878.55,00,SP-CORE-02,BR,BR-2986972437,False,Brasil,0.05,False,False,0.388078946329419
TXN00000102,CLI000963,2023-05-23,PAGAMENTO,651.58,10,MG-CORE-01,BR,BR-5618742930,False,Brasil,0.05,False,False,-0.9105459874871135
TXN00000103,CLI001015,2023-07-29,ESTORNO,-1179.91,00,SP-CORE-02,BR,BR-1420514789,False,Brasil,0.05,False,False,-1.820284719247957
TXN00000104,CLI000663,2023-12-06,ESTORNO,-3309.27,00,MG-CORE-01,BR,BR-2015242176,False,Brasil,0.05,False,False,-1.9144997188078439
TXN00000105,CLI000847,2023-07-26,FATURA,3029.89,00,BA-CORE-01,BR,BR-7040502394,False,Brasil,0.05,False,False,1.066949893333029
TXN00000106,CLI000417,2023-04-07,FATURA,1824.17,10,MG-CORE-01,BR,BR-3067418686,False,Brasil,0.05,False,False,0.1259702124276268
TXN00000107,CLI000491,2023-10-09,ESTORNO,-475.93,02,MG-CORE-01,BR,BR-9008612465,False,Brasil,0.05,False,False,-0.5556965286980611
TXN00000108,CLI000233,2023-06-09,AJUSTE,1936.92,10,SP-CORE-01,BR,BR-4875962612,False,Brasil,0.05,False,False,-1.120267845294242
TXN00000109,CLI001043,2023-03-02,PAGAMENTO,2274.03,01,MG-CORE-01,BR,BR-6002078344,False,Brasil,0.05,False,False,0.3851218931884723
TXN00000110,CLI000786,2023-08-01,ESTORNO,2924.84,10,SP-CORE-02,BR,BR-6971815972,False,Brasil,0.05,False,False,0.18183146696294175
TXN00000111,CLI000850,2023-11-03,AJUSTE,1788.68,01,SP-CORE-01,BR,BR-8667072205,False,Brasil,0.05,False,False,-0.43752392267964746
TXN00000112,CLI001188,2023-09-17,ESTORNO,949.76,00,RJ-CORE-01,BR,BR-6520103410,False,Brasil,0.05,False,False,-0.758383057418327
TXN00000113,CLI001131,2023-03-18,PAGAMENTO,1573.98,10,RJ-CORE-01,BR,BR-3090237817,False,Brasil,0.05,False,False,-0.3804296223951872
TXN00000114,CLI000785,2023-08-22,PAGAMENTO,3266.33,01,SP-CORE-02,BR,BR-6110572428,False,Brasil,0.05,False,False,1.0963943249694912
TXN00000115,CLI000312,2023-07-30,AJUSTE,171.89,10,MG-CORE-01,BR,BR-9841118422,False,Brasil,0.05,False,False,0.2859370501305261
TXN00000116,CLI000205,2023-01-19,PAGAMENTO,459.34,02,SP-CORE-01,BR,BR-9851745355,False,Brasil,0.05,False,False,-0.5283034216676712
TXN00000117,CLI000962,2023-01-08,PAGAMENTO,2534.1,10,SP-CORE-02,BR,BR-2346922426,False,Brasil,0.05,False,False,0.4762829693542244
TXN00000118,CLI001093,2023-06-23,ESTORNO,2188.94,10,SP-CORE-01,BR,BR-9805294274,False,Brasil,0.05,False,False,0.9188421960501992
TXN00000119,CLI000141,2023-06-12,PAGAMENTO,2201.26,10,BA-CORE-01,BR,BR-3281169403,False,Brasil,0.05,False,False,0.8516737849273336
TXN00000120,CLI000889,2023-11-20,AJUSTE,2401.71,02,SP-CORE-02,BR,BR-3181106786,False,Brasil,0.05,False,False,0.6527611403357344
TXN00000121,CLI000614,2023-11-21,FATURA,2469.54,00,MG-CORE-01,BR,BR-4656488400,False,Brasil,0.05,False,False,0.4421337294829814
TXN00000122,CLI000768,2023-01-24,FATURA,1148.82,00,RJ-CORE-01,BR,BR-9884231465,False,Brasil,0.05,False,False,0.6733723723459376
TXN00000123,CLI000349,2023-03-16,PAGAMENTO,869.81,10,BA-CORE-01,BR,BR-9881824272,False,Brasil,0.05,False,False,-0.6553396172519003
TXN00000124,CLI001020,2023-02-10,AJUSTE,2141.03,10,BA-CORE-01,BR,BR-4701485292,False,Brasil,0.05,False,False,0.0
TXN00000125,CLI000020,2023-04-29,AJUSTE,1624.8,02,MG-CORE-01,BR,BR-2734202799,False,Brasil,0.05,False,False,1.4033377446706499
TXN00000126,CLI000708,2023-05-28,PAGAMENTO,2378.09,01,SP-CORE-01,BR,BR-3446737272,False,Brasil,0.05,False,False,0.6445963208116793
TXN00000127,CLI000788,2023-11-24,ESTORNO,-3367.86,02,MG-CORE-01,BR,BR-9760623742,False,Brasil,0.05,False,False,-1.7014569496269212
TXN00000128,CLI000605,2023-02-24,PAGAMENTO,845.48,02,BA-CORE-01,BR,BR-5647083348,False,Brasil,0.05,False,False,-0.7499176278099269
TXN00000129,CLI001018,2023-12-04,FATURA,1397.4,00,BA-CORE-01,BR,BR-2119980130,False,Brasil,0.05,False,False,-0.9435519811145716
TXN00000130,CLI000281,2023-04-28,ESTORNO,2132.59,02,SP-CORE-02,BR,BR-2349409434,False,Brasil,0.05,False,False,0.14906443514197945
TXN00000131,CLI001187,2023-11-18,FATURA,2269.27,02,MG-CORE-01,BR,BR-6435772945,False,Brasil,0.05,False,False,0.017035563134291755
TXN00000132,CLI000271,2023-03-09,ESTORNO,-333.66,02,RJ-CORE-01,BR,BR-8067372072,False,Brasil,0.05,False,False,-1.3796648112481997
TXN00000133,CLI000987,2023-09-29,ESTORNO,1766.25,02,SP-CORE-02,BR,BR-7258731893,False,Brasil,0.05,False,False,0.3552537973021141
TXN00000134,CLI000463,2023-06-23,ESTORNO,2818.73,10,SP-CORE-01,BR,BR-5018948187,False,Brasil,0.05,False,False,0.5119871837320672
TXN00000135,CLI001099,2023-10-13,PAGAMENTO,1292.9,10,SP-CORE-01,BR,BR-5334976883,False,Brasil,0.05,False,False,0.032451450363029634
TXN00000136,CLI000761,2023-08-21,FATURA,1302.68,02,BA-CORE-01,BR,BR-1429416213,False,Brasil,0.05,False,False,0.35141294715189014
TXN00000137,CLI000672,2023-12-12,FATURA,833.7,00,BA-CORE-01,BR,BR-3309122187,False,Brasil,0.05,False,False,-0.7071067811865474
TXN00000138,CLI000239,2023-11-28,AJUSTE,240.0,10,RJ-CORE-01,BR,BR-7467725516,False,Brasil,0.05,False,False,-1.5629705633343842
TXN00000139,CLI000200,2023-01-24,AJUSTE,3312.99,02,MG-CORE-01,BR,BR-6344160868,False,Brasil,0.05,False,False,0.7071067811865509
TXN00000140,CLI000859,2023-10-03,AJUSTE,492.11,10,RJ-CORE-01,BR,BR-2224011538,False,Brasil,0.05,False,False,0.49752346202978637
TXN00000141,CLI000573,2023-08-01,AJUSTE,2299.13,10,BA-CORE-01,BR,BR-3271782991,False,Brasil,0.05,False,False,0.6304494572921379
TXN00000142,CLI000743,2023-12-20,FATURA,1309.44,10,MG-CORE-01,BR,BR-7676965974,False,Brasil,0.05,False,False,-0.37197487735811363
TXN00000143,CLI000566,2023-12-18,FATURA,1298.33,02,SP-CORE-01,BR,BR-4771526597,False,Brasil,0.05,False,False,-0.8500483569607877
TXN00000144,CLI000044,2023-03-04,AJUSTE,3322.56,10,SP-CORE-01,BR,BR-2135872495,False,Brasil,0.05,False,False,0.9407106764093115
TXN00000145,CLI000141,2023-06-20,FATURA,867.62,01,BA-CORE-01,BR,BR-4821286999,False,Brasil,0.05,False,False,-0.35644763552440833
TXN00000146,CLI000006,2023-10-28,AJUSTE,771.51,01,RJ-CORE-01,BR,BR-5962610986,False,Brasil,0.05,False,False,-0.13990165500178275
TXN00000147,CLI000053,2023-03-16,ESTORNO,3456.6,02,SP-CORE-02,BR,BR-2472659626,False,Brasil,0.05,False,False,1.0181239724659548
TXN00000148,CLI000033,2023-01-08,AJUSTE,1266.68,01,BA-CORE-01,BR,BR-8958199946,False,Brasil,0.05,False,False,0.4509365392198806
TXN00000149,CLI000131,2023-05-16,AJUSTE,202.35,10,BA-CORE-01,BR,BR-7465682673,False,Brasil,0.05,False,False,-0.42966446929047875
TXN00000150,CLI000454,2023-08-18,PAGAMENTO,2727.5,00,MG-CORE-01,BR,BR-1218179599,False,Brasil,0.05,False,False,0.700432890381222
TXN00000151,CLI000981,2023-12-04,FATURA,1834.65,10,SP-CORE-01,BR,BR-8019198243,False,Brasil,0.05,False,False,0.4167354180865293
TXN00000152,CLI000166,2023-08-07,PAGAMENTO,2407.62,10,MG-CORE-01,BR,BR-8856990236,False,Brasil,0.05,False,False,1.0623097623858786
TXN00000153,CLI001124,2023-11-08,ESTORNO,536.2,01,RJ-CORE-01,BR,BR-1189351213,False,Brasil,0.05,False,False,-1.1045435717755048
TXN00000154,CLI000204,2023-07-15,ESTORNO,3481.3,02,MG-CORE-01,BR,BR-9503167458,False,Brasil,0.05,False,False,0.7687611047712721
TXN00000155,CLI000468,2023-12-02,FATURA,2285.19,01,MG-CORE-01,BR,BR-8325785916,False,Brasil,0.05,False,False,-0.7071067811865501
TXN00000156,CLI000641,2023-06-23,PAGAMENTO,2899.42,10,MG-CORE-01,BR,BR-3409076656,False,Brasil,0.05,False,False,0.3857816751203764
TXN00000157,CLI000138,2023-06-10,PAGAMENTO,2334.58,02,SP-CORE-02,BR,BR-1480494664,False,Brasil,0.05,False,False,0.13191542348389532
TXN00000158,CLI001140,2023-02-13,FATURA,344.44,00,RJ-CORE-01,BR,BR-3373077218,False,Brasil,0.05,False,False,-1.0666142434885635
TXN00000159,CLI000725,2023-10-28,FATURA,3349.05,02,SP-CORE-01,BR,BR-2845919895,False,Brasil,0.05,False,False,0.9652827680644246
TXN00000160,CLI001184,2023-01-27,PAGAMENTO,3390.03,02,RJ-CORE-01,BR,BR-5474620894,False,Brasil,0.05,False,False,1.013681584445333
TXN00000161,CLI001140,2023-03-21,AJUSTE,2305.44,01,SP-CORE-01,BR,BR-2536778950,False,Brasil,0.05,False,False,0.9163874549519389
TXN00000162,CLI001141,2023-02-28,ESTORNO,2673.87,01,MG-CORE-01,BR,BR-3929454134,False,Brasil,0.05,False,False,0.6370353233524889
TXN00000163,CLI000560,2023-11-08,FATURA,3253.21,02,SP-CORE-01,BR,BR-3864457210,False,Brasil,0.05,False,False,0.7071067811865475
TXN00000164,CLI000143,2023-06-23,ESTORNO,1241.56,01,SP-CORE-02,BR,BR-9051829827,False,Brasil,0.05,False,False,-0.09568203747750302
TXN00000165,CLI000771,2023-11-21,AJUSTE,3401.9,00,BA-CORE-01,BR,BR-4218981849,False,Brasil,0.05,False,False,1.4012995901132663
TXN00000166,CLI001163,2023-08-21,PAGAMENTO,1206.32,02,RJ-CORE-01,BR,BR-2770791023,False,Brasil,0.05,False,False,0.2157280493321968
TXN00000167,CLI000908,2023-01-27,FATURA,561.42,00,SP-CORE-01,BR,BR-9265609985,False,Brasil,0.05,False,False,-1.2076408247699084
TXN00000168,CLI001050,2023-09-06,PAGAMENTO,2132.62,10,RJ-CORE-01,BR,BR-6360837474,False,Brasil,0.05,False,False,0.6261640398834316
TXN00000169,CLI001080,2023-06-26,FATURA,1516.1,02,BA-CORE-01,BR,BR-4011966884,False,Brasil,0.05,False,False,-0.573863917754229
TXN00000170,CLI000433,2023-01-24,ESTORNO,-787.4,00,SP-CORE-01,BR,BR-3021598245,False,Brasil,0.05,False,False,-1.1765592584711424
TXN00000171,CLI000882,2023-05-11,AJUSTE,1027.28,00,SP-CORE-01,BR,BR-9239688178,False,Brasil,0.05,False,False,-1.7156134993505652
TXN00000172,CLI000726,2023-03-08,AJUSTE,1343.12,01,BA-CORE-01,BR,BR-6796738787,False,Brasil,0.05,False,False,-0.49610291890027425
TXN00000173,CLI000942,2023-07-23,FATURA,3018.94,00,MG-CORE-01,BR,BR-4742303947,False,Brasil,0.05,False,False,1.1458823412128705
TXN00000174,CLI000236,2023-06-10,FATURA,2023.64,10,MG-CORE-01,BR,BR-1957449367,False,Brasil,0.05,False,False,0.15416873316665913
TXN00000175,CLI000742,2023-01-11,PAGAMENTO,3382.37,01,BA-CORE-01,BR,BR-3834820954,False,Brasil,0.05,False,False,0.5586108615968429
TXN00000176,CLI000821,2023-08-12,FATURA,2958.81,01,MG-CORE-01,BR,BR-7006365648,False,Brasil,0.05,False,False,1.0703247788458483
TXN00000177,CLI000345,2023-07-22,FATURA,3049.42,02,SP-CORE-02,BR,BR-8616379926,False,Brasil,0.05,False,False,0.8199463736041839
TXN00000178,CLI000303,2023-09-19,FATURA,2223.62,01,RJ-CORE-01,BR,BR-7482848011,False,Brasil,0.05,False,False,-0.36632872805317335
TXN00000179,CLI000314,2023-02-22,AJUSTE,529.63,01,SP-CORE-02,BR,BR-1118543408,False,Brasil,0.05,False,False,-0.9958512308571636
TXN00000180,CLI001187,2023-04-01,FATURA,3330.5,10,MG-CORE-01,BR,BR-2121910732,False,Brasil,0.05,False,False,0.8409458133338747
TXN00000181,CLI000901,2023-12-15,PAGAMENTO,3236.06,02,RJ-CORE-01,BR,BR-9519284858,False,Brasil,0.05,False,False,0.8295035177886194
TXN00000182,CLI000116,2023-08-29,FATURA,1558.88,02,RJ-CORE-01,BR,BR-1164313410,False,Brasil,0.05,False,False,0.7437380825684804
TXN00000183,CLI000588,2023-09-17,ESTORNO,-278.18,10,MG-CORE-01,BR,BR-7857221324,False,Brasil,0.05,False,False,-0.350079324421576
TXN00000184,CLI001039,2023-11-27,FATURA,3027.59,00,BA-CORE-01,BR,BR-8672650595,False,Brasil,0.05,False,False,0.5324392462406466
TXN00000185,CLI000386,2023-08-25,PAGAMENTO,2039.55,00,MG-CORE-01,BR,BR-5791662169,False,Brasil,0.05,False,False,0.6045362105531223
TXN00000186,CLI000704,2023-11-06,ESTORNO,-1675.19,01,SP-CORE-01,BR,BR-6111349421,False,Brasil,0.05,False,False,-0.16428722909120777
TXN00000187,CLI000900,2023-09-16,FATURA,2268.52,00,SP-CORE-02,BR,BR-9780573290,False,Brasil,0.05,False,False,0.14163349755154564
TXN00000188,CLI000693,2023-07-06,AJUSTE,1317.52,02,MG-CORE-01,BR,BR-2872852789,False,Brasil,0.05,False,False,0.25404630697205194
TXN00000189,CLI001143,2023-11-20,FATURA,2272.62,00,RJ-CORE-01,BR,BR-6141226746,False,Brasil,0.05,False,False,-0.7071067811865475
TXN00000190,CLI001194,2023-05-26,PAGAMENTO,896.95,01,RJ-CORE-01,BR,BR-2852408227,False,Brasil,0.05,False,False,-0.7071067811865474
TXN00000191,CLI000174,2023-06-29,AJUSTE,1099.61,10,SP-CORE-02,BR,BR-9249648005,False,Brasil,0.05,False,False,-0.5963991644024288
TXN00000192,CLI000868,2023-10-14,ESTORNO,-1330.84,02,SP-CORE-02,BR,BR-7971399399,False,Brasil,0.05,False,False,-1.6217658332259646
TXN00000193,CLI000996,2023-01-10,ESTORNO,1281.84,01,SP-CORE-02,BR,BR-9160639027,False,Brasil,0.05,False,False,-0.46326716268104284
TXN00000194,CLI000208,2023-04-26,AJUSTE,3499.92,01,SP-CORE-01,BR,BR-7473041886,False,Brasil,0.05,False,False,-0.26414963918277157
TXN00000195,CLI000316,2023-12-05,FATURA,1191.94,01,BA-CORE-01,BR,BR-8159250505,False,Brasil,0.05,False,False,-0.805439746207858
TXN00000196,CLI000842,2023-04-03,AJUSTE,2913.08,01,MG-CORE-01,BR,BR-6695912196,False,Brasil,0.05,False,False,0.5876621576184808
TXN00000197,CLI000920,2023-12-13,ESTORNO,2524.16,10,BA-CORE-01,BR,BR-8289454630,False,Brasil,0.05,False,False,1.2846543653279132
TXN00000198,CLI001169,2023-10-01,AJUSTE,852.31,10,SP-CORE-02,BR,BR-3381183483,False,Brasil,0.05,False,False,-0.4564385696678401
TXN00000199,CLI000858,2023-08-25,PAGAMENTO,2697.65,10,BA-CORE-01,BR,BR-6118914230,False,Brasil,0.05,False,False,0.6207817152685506
TXN00000200,CLI000985,2023-04-13,AJUSTE,2808.38,01,RJ-CORE-01,BR,BR-7739255769,False,Brasil,0.05,False,False,0.8791767128652459
TXN00000201,CLI000559,2023-10-11,ESTORNO,3271.34,00,RJ-CORE-01,BR,BR-4580822352,False,Brasil,0.05,False,False,-0.3983073402713282
TXN00000202,CLI000924,2023-09-20,PAGAMENTO,532.77,10,SP-CORE-01,BR,BR-6600100279,False,Brasil,0.05,False,False,0.08952151534116846
TXN00000203,CLI000168,2023-01-14,ESTORNO,-1463.84,10,BA-CORE-01,BR,BR-6197695041,False,Brasil,0.05,False,False,-0.038975147896888954
TXN00000204,CLI000588,2023-04-25,ESTORNO,-118.09,00,RJ-CORE-01,BR,BR-6679017210,False,Brasil,0.05,False,False,-0.34676528196971623
TXN00000205,CLI000163,2023-12-23,PAGAMENTO,387510.88,4F,SANTOS-PORT-07,LU,OFFSHORE-379176OO,True,Luxemburgo,0.8,True,True,1.7888448295948862
TXN00000206,CLI001081,2023-05-12,FATURA,770.48,01,BA-CORE-01,BR,BR-3472487690,False,Brasil,0.05,False,False,0.0
TXN00000207,CLI000098,2023-02-26,PAGAMENTO,2721.08,01,RJ-CORE-01,BR,BR-6944142262,False,Brasil,0.05,False,False,0.9659592664277116
TXN00000208,CLI001024,2023-08-03,AJUSTE,2243.55,10,SP-CORE-01,BR,BR-2716495971,False,Brasil,0.05,False,False,0.199641246101405
TXN00000209,CLI000880,2023-11-20,FATURA,1813.51,01,SP-CORE-02,BR,BR-3953315788,False,Brasil,0.05,False,False,0.8657195817066559
TXN00000210,CLI001073,2023-11-11,FATURA,1247.8,10,SP-CORE-02,BR,BR-4803044105,False,Brasil,0.05,False,False,0.1635319382508431
TXN00000211,CLI000793,2023-02-04,ESTORNO,-3337.84,00,MG-CORE-01,BR,BR-8638257497,False,Brasil,0.05,False,False,-1.8056248779573865
TXN00000212,CLI000213,2023-05-10,ESTORNO,-2620.66,02,SP-CORE-01,BR,BR-1939915527,False,Brasil,0.05,False,False,-1.1532687047883545
TXN00000213,CLI000981,2023-03-10,ESTORNO,174.29,02,SP-CORE-02,BR,BR-2995226582,False,Brasil,0.05,False,False,-0.6177998635783866
TXN00000214,CLI000413,2023-03-11,AJUSTE,239.59,10,SP-CORE-01,BR,BR-3394039673,False,Brasil,0.05,False,False,-0.7071067811865476
TXN00000215,CLI000816,2023-04-13,FATURA,3102.55,02,RJ-CORE-01,BR,BR-5816198518,False,Brasil,0.05,False,False,0.73739714818836
TXN00000216,CLI000098,2023-05-10,PAGAMENTO,147.44,01,RJ-CORE-01,BR,BR-8995059760,False,Brasil,0.05,False,False,-0.8602235795575888
TXN00000217,CLI000792,2023-05-20,ESTORNO,453.17,02,MG-CORE-01,BR,BR-7228002201,False,Brasil,0.05,False,False,-1.135103824399025
TXN00000218,CLI000170,2023-04-06,ESTORNO,263595.19,4F,SANTOS-PORT-07,LU,OFFSHORE-623166YH,True,Luxemburgo,0.8,True,True,1.4999827663848637
TXN00000219,CLI000658,2023-02-10,PAGAMENTO,1518.51,01,BA-CORE-01,BR,BR-7296096954,False,Brasil,0.05,False,False,-0.06054164788048046
TXN00000220,CLI000873,2023-02-10,FATURA,1161.16,02,RJ-CORE-01,BR,BR-1267429212,False,Brasil,0.05,False,False,0.019837154045889493
TXN00000221,CLI000891,2023-12-20,AJUSTE,1564.8,10,SP-CORE-01,BR,BR-8872207630,False,Brasil,0.05,False,False,-0.5106452593262186
TXN00000222,CLI000328,2023-11-24,ESTORNO,-3430.49,00,SP-CORE-01,BR,BR-7767538527,False,Brasil,0.05,False,False,-2.34193911414191
TXN00000223,CLI000138,2023-03-15,FATURA,2973.37,10,SP-CORE-01,BR,BR-3048612358,False,Brasil,0.05,False,False,0.5037745518786456
TXN00000224,CLI000315,2023-11-27,AJUSTE,1294.82,10,BA-CORE-01,BR,BR-9344011888,False,Brasil,0.05,False,False,-0.21126725538410163
TXN00000225,CLI001085,2023-07-09,PAGAMENTO,1314.61,00,BA-CORE-01,BR,BR-8884394611,False,Brasil,0.05,False,False,-0.7917917064279966
TXN00000226,CLI000382,2023-07-23,ESTORNO,-1114.06,02,SP-CORE-02,BR,BR-4856070374,False,Brasil,0.05,False,False,-1.7533006989075215
TXN00000227,CLI000914,2023-09-23,PAGAMENTO,1366.72,00,RJ-CORE-01,BR,BR-3096929657,False,Brasil,0.05,False,False,0.39974522739067325
TXN00000228,CLI000278,2023-11-10,AJUSTE,1013.81,10,SP-CORE-02,BR,BR-6467215542,False,Brasil,0.05,False,False,-0.02923655766542413
TXN00000229,CLI000712,2023-08-20,FATURA,620.84,10,SP-CORE-01,BR,BR-3085816511,False,Brasil,0.05,False,False,-0.5329966526125255
TXN00000230,CLI000741,2023-10-09,FATURA,1906.76,02,SP-CORE-02,BR,BR-6965096268,False,Brasil,0.05,False,False,0.6548811755150167
TXN00000231,CLI000054,2023-03-04,AJUSTE,3448.26,01,SP-CORE-02,BR,BR-8722962486,False,Brasil,0.05,False,False,-0.4906307501511205
TXN00000232,CLI000177,2023-10-11,ESTORNO,2011.53,10,BA-CORE-01,BR,BR-4110335359,False,Brasil,0.05,False,False,0.434276343395089
TXN00000233,CLI000839,2023-06-08,FATURA,1405.6,10,BA-CORE-01,BR,BR-8904911624,False,Brasil,0.05,False,False,-0.5789101841202081
TXN00000234,CLI001060,2023-03-06,FATURA,3403.88,00,MG-CORE-01,BR,BR-4949401194,False,Brasil,0.05,False,False,1.1531376812815093
TXN00000235,CLI000114,2023-03-07,ESTORNO,3075.3,01,SP-CORE-02,BR,BR-3294043548,False,Brasil,0.05,False,False,0.6241691952791121
TXN00000236,CLI000462,2023-09-23,FATURA,552.49,01,SP-CORE-02,BR,BR-9190197115,False,Brasil,0.05,False,False,-0.9265052650033523
TXN00000237,CLI001129,2023-09-23,ESTORNO,3134.34,00,RJ-CORE-01,BR,BR-3847562279,False,Brasil,0.05,False,False,0.5639348270040432
TXN00000238,CLI001190,2023-03-06,ESTORNO,2195.08,00,BA-CORE-01,BR,BR-9950486177,False,Brasil,0.05,False,False,0.7921923468457575
TXN00000239,CLI000059,2023-03-29,AJUSTE,2312.39,02,BA-CORE-01,BR,BR-2840877826,False,Brasil,0.05,False,False,0.03665365239350929
TXN00000240,CLI000854,2023-01-24,FATURA,3320.94,02,SP-CORE-02,BR,BR-9018065507,False,Brasil,0.05,False,False,1.3416065438392808
TXN00000241,CLI000502,2023-09-12,FATURA,3113.71,02,RJ-CORE-01,BR,BR-1780520225,False,Brasil,0.05,False,False,1.0032609609267549
TXN00000242,CLI000852,2023-06-02,PAGAMENTO,1598.33,00,SP-CORE-02,BR,BR-6412330148,False,Brasil,0.05,False,False,-1.43296182792333
TXN00000243,CLI000708,2023-08-26,PAGAMENTO,730.0,01,RJ-CORE-01,BR,BR-2405969000,False,Brasil,0.05,False,False,-0.26320738727211557
TXN00000244,CLI000956,2023-03-08,PAGAMENTO,2667.11,00,RJ-CORE-01,BR,BR-7247886041,False,Brasil,0.05,False,False,0.728347837345707
TXN00000245,CLI000787,2023-05-17,FATURA,-246350.52,9A,SANTOS-PORT-07,KY,OFFSHORE-923271KY,True,Ilhas Cayman,0.95,True,True,-2.474650759948384
TXN00000246,CLI000641,2023-05-08,PAGAMENTO,3370.15,01,RJ-CORE-01,BR,BR-6231117883,False,Brasil,0.05,False,False,0.8105885879301874
TXN00000247,CLI001019,2023-03-23,AJUSTE,1753.96,10,MG-CORE-01,BR,BR-8299146480,False,Brasil,0.05,False,False,0.26799578766564736
TXN00000248,CLI001195,2023-02-16,FATURA,3309.41,10,SP-CORE-02,BR,BR-8588769565,False,Brasil,0.05,False,False,0.6777662355021222
TXN00000249,CLI000017,2023-01-25,ESTORNO,-195.88,10,BA-CORE-01,BR,BR-4518871744,False,Brasil,0.05,False,False,-1.4691992257547497
TXN00000250,CLI000750,2023-08-09,FATURA,486.09,02,RJ-CORE-01,BR,BR-9438411468,False,Brasil,0.05,False,False,-1.1364872720836785
TXN00000251,CLI000592,2023-07-25,FATURA,198.03,01,RJ-CORE-01,BR,BR-9410288290,False,Brasil,0.05,False,False,-0.3424906535764146
TXN00000252,CLI000244,2023-07-17,FATURA,1774.81,02,BA-CORE-01,BR,BR-4070964768,False,Brasil,0.05,False,False,0.5068058386085691
TXN00000253,CLI000296,2023-02-19,AJUSTE,1390.78,02,BA-CORE-01,BR,BR-9916336966,False,Brasil,0.05,False,False,-0.3402467514951278
TXN00000254,CLI000281,2023-11-05,AJUSTE,1791.75,00,SP-CORE-01,BR,BR-3693985578,False,Brasil,0.05,False,False,-0.15075688975145887
TXN00000255,CLI000653,2023-08-31,ESTORNO,-1827.28,01,BA-CORE-01,BR,BR-8612747444,False,Brasil,0.05,False,False,-1.05332252354365
TXN00000256,CLI001039,2023-07-21,AJUSTE,3467.34,02,BA-CORE-01,BR,BR-4361393222,False,Brasil,0.05,False,False,0.9663193771316058
TXN00000257,CLI000679,2023-12-29,PAGAMENTO,1978.98,10,SP-CORE-01,BR,BR-2591589823,False,Brasil,0.05,False,False,0.3607597613186558
TXN00000258,CLI000544,2023-08-02,FATURA,2051.28,00,BA-CORE-01,BR,BR-2465576748,False,Brasil,0.05,False,False,0.26921956246257484
TXN00000259,CLI000779,2023-01-27,AJUSTE,2050.66,01,BA-CORE-01,BR,BR-8943866829,False,Brasil,0.05,False,False,0.9013875042729028
TXN00000260,CLI000904,2023-12-15,AJUSTE,862.84,00,SP-CORE-02,BR,BR-8826851692,False,Brasil,0.05,False,False,-0.7919651158370971
TXN00000261,CLI000966,2023-08-03,ESTORNO,136029.57,9A,SANTOS-PORT-07,LU,OFFSHORE-473799DN,True,Luxemburgo,0.8,True,True,1.499706359649783
TXN00000262,CLI000980,2023-12-28,FATURA,500.53,01,BA-CORE-01,BR,BR-8164814926,False,Brasil,0.05,False,False,-1.105485084911956
TXN00000263,CLI000726,2023-06-10,PAGAMENTO,433973.63,4F,SANTOS-PORT-07,PA,OFFSHORE-678377KA,True,Panamá,0.9,True,True,1.4999850942216506
TXN00000264,CLI000610,2023-11-09,ESTORNO,-1704.95,01,RJ-CORE-01,BR,BR-1074059253,False,Brasil,0.05,False,False,-1.6446629735699714
TXN00000265,CLI000561,2023-12-27,ESTORNO,-741.33,10,RJ-CORE-01,BR,BR-2263732197,False,Brasil,0.05,False,False,-0.6739584294275912
TXN00000266,CLI000300,2023-03-04,ESTORNO,2015.7,10,MG-CORE-01,BR,BR-6339955011,False,Brasil,0.05,False,False,-0.010225527094378488
TXN00000267,CLI000982,2023-01-22,ESTORNO,1020.95,00,RJ-CORE-01,BR,BR-6879898071,False,Brasil,0.05,False,False,-0.3484075285729783
TXN00000268,CLI000282,2023-04-14,AJUSTE,2901.27,02,BA-CORE-01,BR,BR-6771394050,False,Brasil,0.05,False,False,0.69147591135873
TXN00000269,CLI001088,2023-11-12,FATURA,2598.3,01,SP-CORE-02,BR,BR-7658867789,False,Brasil,0.05,False,False,0.32092594956431797
TXN00000270,CLI000968,2023-11-23,AJUSTE,830.27,00,MG-CORE-01,BR,BR-7243788374,False,Brasil,0.05,False,False,-0.2816373634681776
TXN00000271,CLI000834,2023-12-15,FATURA,2702.27,00,BA-CORE-01,BR,BR-6611903015,False,Brasil,0.05,False,False,0.7467428226325784
TXN00000272,CLI000122,2023-09-02,PAGAMENTO,2283.87,02,RJ-CORE-01,BR,BR-1990153355,False,Brasil,0.05,False,False,1.3400094099861357
TXN00000273,CLI000361,2023-11-30,FATURA,2017.98,00,SP-CORE-02,BR,BR-4097892639,False,Brasil,0.05,False,False,-0.39345434149391784
TXN00000274,CLI000019,2023-07-23,FATURA,2762.1,01,RJ-CORE-01,BR,BR-2355268102,False,Brasil,0.05,False,False,0.927848347641523
TXN00000275,CLI001113,2023-10-18,ESTORNO,2117.68,02,RJ-CORE-01,BR,BR-3964229896,False,Brasil,0.05,False,False,-0.006883155070996368
TXN00000276,CLI000231,2023-03-10,PAGAMENTO,2981.69,10,RJ-CORE-01,BR,BR-1822662216,False,Brasil,0.05,False,False,0.9770994115892598
TXN00000277,CLI000605,2023-03-25,ESTORNO,2564.29,02,SP-CORE-02,BR,BR-8467250120,False,Brasil,0.05,False,False,0.9577404312588255
TXN00000278,CLI000672,2023-03-31,AJUSTE,2146.12,10,MG-CORE-01,BR,BR-7858164010,False,Brasil,0.05,False,False,0.7071067811865476
TXN00000279,CLI000663,2023-07-25,FATURA,2349.01,01,SP-CORE-02,BR,BR-5211261115,False,Brasil,0.05,False,False,0.5363969714671867
TXN00000280,CLI000676,2023-01-04,AJUSTE,927.53,01,MG-CORE-01,BR,BR-4576111591,False,Brasil,0.05,False,False,0.2748686189544191
TXN00000281,CLI000128,2023-10-26,ESTORNO,2535.63,00,RJ-CORE-01,BR,BR-2272368870,False,Brasil,0.05,False,False,0.1988430799612193
TXN00000282,CLI000241,2023-08-27,FATURA,1087.69,10,BA-CORE-01,BR,BR-2549972386,False,Brasil,0.05,False,False,-0.43224003371187736
TXN00000283,CLI000766,2023-07-08,ESTORNO,-2158.9,01,SP-CORE-02,BR,BR-2298229437,False,Brasil,0.05,False,False,-2.444614281737659
TXN00000284,CLI000507,2023-12-26,PAGAMENTO,1931.34,10,BA-CORE-01,BR,BR-5838636972,False,Brasil,0.05,False,False,0.42292930718496036
TXN00000285,CLI000230,2023-09-27,FATURA,1574.68,02,SP-CORE-01,BR,BR-9824122054,False,Brasil,0.05,False,False,0.09421911646351289
TXN00000286,CLI000307,2023-10-08,FATURA,3162.05,01,BA-CORE-01,BR,BR-5054834021,False,Brasil,0.05,False,False,0.3722823936416579
TXN00000287,CLI001195,2023-06-17,AJUSTE,2993.61,10,SP-CORE-01,BR,BR-8528185058,False,Brasil,0.05,False,False,0.42408637491607315
TXN00000288,CLI000271,2023-02-16,PAGAMENTO,3148.13,10,SP-CORE-01,BR,BR-9642614082,False,Brasil,0.05,False,False,1.1759469684949684
TXN00000289,CLI000811,2023-08-22,PAGAMENTO,1982.41,10,RJ-CORE-01,BR,BR-6516195409,False,Brasil,0.05,False,False,-1.1501392510649826
TXN00000290,CLI000131,2023-01-02,ESTORNO,-2615.4,00,SP-CORE-01,BR,BR-7351029162,False,Brasil,0.05,False,False,-0.4828705048602494
TXN00000291,CLI000838,2023-02-05,FATURA,3451.76,10,SP-CORE-01,BR,BR-2463320861,False,Brasil,0.05,False,False,0.9204316596409396
TXN00000292,CLI000919,2023-03-11,AJUSTE,2685.08,10,RJ-CORE-01,BR,BR-5146780827,False,Brasil,0.05,False,False,1.289454566973736
TXN00000293,CLI000366,2023-07-12,PAGAMENTO,299.27,01,RJ-CORE-01,BR,BR-8996039244,False,Brasil,0.05,False,False,-0.4058025339463506
TXN00000294,CLI000612,2023-09-28,PAGAMENTO,463.17,01,SP-CORE-01,BR,BR-5575615203,False,Brasil,0.05,False,False,-0.09705221962012865
TXN00000295,CLI000471,2023-12-11,PAGAMENTO,2522.45,10,BA-CORE-01,BR,BR-3112035409,False,Brasil,0.05,False,False,-0.7071067811865475
TXN00000296,CLI000066,2023-08-24,AJUSTE,1224.64,02,SP-CORE-02,BR,BR-3948284698,False,Brasil,0.05,False,False,0.37654870056848005
TXN00000297,CLI000138,2023-11-11,PAGAMENTO,2685.87,00,SP-CORE-02,BR,BR-1651662547,False,Brasil,0.05,False,False,0.33641203929471236
TXN00000298,CLI000824,2023-11-01,FATURA,136.85,00,SP-CORE-02,BR,BR-9371430906,False,Brasil,0.05,False,False,-1.2080074929403124
TXN00000299,CLI000593,2023-04-30,PAGAMENTO,1898.36,00,SP-CORE-02,BR,BR-2065972034,False,Brasil,0.05,False,False,0.3768799799992153
TXN00000300,CLI000294,2023-10-22,AJUSTE,1129.78,02,SP-CORE-02,BR,BR-3656086594,False,Brasil,0.05,False,False,0.7071067811865478
TXN00000301,CLI000359,2023-07-31,AJUSTE,1065.74,00,BA-CORE-01,BR,BR-6928678489,False,Brasil,0.05,False,False,0.19809755096210072
TXN00000302,CLI000653,2023-10-12,PAGAMENTO,1744.76,02,MG-CORE-01,BR,BR-9196963901,False,Brasil,0.05,False,False,0.8176441243589636
TXN00000303,CLI000970,2023-07-29,PAGAMENTO,539.28,10,SP-CORE-02,BR,BR-7136777415,False,Brasil,0.05,False,False,-0.9098085087630918
TXN00000304,CLI001152,2023-04-26,AJUSTE,1066.56,01,MG-CORE-01,BR,BR-9848621776,False,Brasil,0.05,False,False,0.5320626323272939
TXN00000305,CLI000523,2023-08-02,PAGAMENTO,1959.36,01,MG-CORE-01,BR,BR-4275930923,False,Brasil,0.05,False,False,-0.09783693388792698
TXN00000306,CLI001097,2023-06-19,AJUSTE,2270.54,10,RJ-CORE-01,BR,BR-3686566602,False,Brasil,0.05,False,False,0.6849904244560213
TXN00000307,CLI001145,2023-01-27,AJUSTE,954.25,00,SP-CORE-01,BR,BR-1348697524,False,Brasil,0.05,False,False,-0.6185993430021137
TXN00000308,CLI000434,2023-09-03,AJUSTE,746.93,02,RJ-CORE-01,BR,BR-2030213097,False,Brasil,0.05,False,False,-0.17475410326725677
TXN00000309,CLI000419,2023-03-02,AJUSTE,2619.14,10,SP-CORE-02,BR,BR-3370788647,False,Brasil,0.05,False,False,0.2297332890486115
TXN00000310,CLI001093,2023-05-03,PAGAMENTO,1941.24,02,MG-CORE-01,BR,BR-1672302490,False,Brasil,0.05,False,False,-0.8823030168225603
TXN00000311,CLI000962,2023-06-07,ESTORNO,930.23,10,MG-CORE-01,BR,BR-7049536909,False,Brasil,0.05,False,False,-1.7692150348732945
TXN00000312,CLI000299,2023-04-15,ESTORNO,1310.05,10,SP-CORE-01,BR,BR-7313226025,False,Brasil,0.05,False,False,-0.41884909608069376
TXN00000313,CLI000402,2023-05-14,FATURA,1945.52,10,RJ-CORE-01,BR,BR-1140187131,False,Brasil,0.05,False,False,1.1533603286689629
TXN00000314,CLI000692,2023-04-28,ESTORNO,1341.84,01,MG-CORE-01,BR,BR-8986950095,False,Brasil,0.05,False,False,0.38833698051757104
TXN00000315,CLI000722,2023-09-08,ESTORNO,3383.45,10,MG-CORE-01,BR,BR-9895649328,False,Brasil,0.05,False,False,0.7461659670690232
TXN00000316,CLI000121,2023-03-13,AJUSTE,2526.69,10,SP-CORE-02,BR,BR-6144594354,False,Brasil,0.05,False,False,0.4506412978118214
TXN00000317,CLI000282,2023-02-08,FATURA,3309.25,00,SP-CORE-01,BR,BR-1610900200,False,Brasil,0.05,False,False,0.9198722797259463
TXN00000318,CLI000934,2023-02-04,AJUSTE,2480.95,00,SP-CORE-02,BR,BR-1256143439,False,Brasil,0.05,False,False,-0.2881430799156658
TXN00000319,CLI001130,2023-01-31,ESTORNO,-2170.07,10,MG-CORE-01,BR,BR-8699281063,False,Brasil,0.05,False,False,-1.1478724906750977
TXN00000320,CLI000036,2023-01-07,PAGAMENTO,78.21,02,BA-CORE-01,BR,BR-9251459094,False,Brasil,0.05,False,False,-1.3357234669881464
TXN00000321,CLI000494,2023-04-02,PAGAMENTO,392.42,00,BA-CORE-01,BR,BR-2886149718,False,Brasil,0.05,False,False,-1.2239939498193515
TXN00000322,CLI000162,2023-11-14,AJUSTE,1852.07,02,RJ-CORE-01,BR,BR-7614170462,False,Brasil,0.05,False,False,0.1426432849678331
TXN00000323,CLI000166,2023-07-27,ESTORNO,1617.31,01,SP-CORE-02,BR,BR-2880160025,False,Brasil,0.05,False,False,-0.22477336650606516
TXN00000324,CLI000115,2023-02-17,FATURA,1430.37,10,BA-CORE-01,BR,BR-3568547910,False,Brasil,0.05,False,False,0.18843312390548472
TXN00000325,CLI001159,2023-12-26,FATURA,616.41,10,MG-CORE-01,BR,BR-9115009532,False,Brasil,0.05,False,False,-0.531110249920581
TXN00000326,CLI000974,2023-09-28,FATURA,3218.65,01,SP-CORE-02,BR,BR-8449766493,False,Brasil,0.05,False,False,1.0013564869086433
TXN00000327,CLI000368,2023-01-24,ESTORNO,3236.07,02,BA-CORE-01,BR,BR-7887897660,False,Brasil,0.05,False,False,0.8363916938381895
TXN00000328,CLI001155,2023-01-09,ESTORNO,-3365.91,01,MG-CORE-01,BR,BR-1111088881,False,Brasil,0.05,False,False,-1.7216037294188211
TXN00000329,CLI000787,2023-10-18,AJUSTE,2924.58,10,BA-CORE-01,BR,BR-8822944679,False,Brasil,0.05,False,False,0.3655066327410059
TXN00000330,CLI000896,2023-12-19,AJUSTE,2540.09,02,SP-CORE-01,BR,BR-3474961963,False,Brasil,0.05,False,False,1.0107180389141435
TXN00000331,CLI000560,2023-02-08,AJUSTE,1205.26,10,RJ-CORE-01,BR,BR-6047405755,False,Brasil,0.05,False,False,-0.7071067811865476
TXN00000332,CLI001200,2023-09-09,PAGAMENTO,813.92,10,MG-CORE-01,BR,BR-2194673401,False,Brasil,0.05,False,False,-0.11664261698536797
TXN00000333,CLI000169,2023-02-13,PAGAMENTO,2707.14,02,SP-CORE-02,BR,BR-8792122716,False,Brasil,0.05,False,False,-0.3307691214334996
TXN00000334,CLI000188,2023-03-20,ESTORNO,-1342.4,01,MG-CORE-01,BR,BR-5162060546,False,Brasil,0.05,False,False,-1.82022565254445
TXN00000335,CLI000179,2023-06-07,FATURA,1567.68,02,SP-CORE-01,BR,BR-7313646580,False,Brasil,0.05,False,False,-0.5836530812671473
TXN00000336,CLI000184,2023-08-09,AJUSTE,1581.98,10,SP-CORE-01,BR,BR-7048809022,False,Brasil,0.05,False,False,0.2775614004553048
TXN00000337,CLI000795,2023-10-11,ESTORNO,-343.86,02,MG-CORE-01,BR,BR-5985704790,False,Brasil,0.05,False,False,-1.182197908280073
TXN00000338,CLI000348,2023-10-14,FATURA,3170.12,01,BA-CORE-01,BR,BR-7422990551,False,Brasil,0.05,False,False,1.0197174508311424
TXN00000339,CLI000299,2023-03-28,PAGAMENTO,503.16,02,RJ-CORE-01,BR,BR-5452580287,False,Brasil,0.05,False,False,-1.2286470980611917
TXN00000340,CLI000158,2023-03-27,FATURA,1532.67,10,RJ-CORE-01,BR,BR-5673181221,False,Brasil,0.05,False,False,0.7071067811865475
TXN00000341,CLI000220,2023-05-09,ESTORNO,-3305.89,10,BA-CORE-01,BR,BR-6379012098,False,Brasil,0.05,False,False,-1.3794651893493983
TXN00000342,CLI000779,2023-06-05,AJUSTE,43.55,10,RJ-CORE-01,BR,BR-8613035386,False,Brasil,0.05,False,False,-0.02318632211355425
TXN00000343,CLI000412,2023-08-14,ESTORNO,1184.88,01,RJ-CORE-01,BR,BR-9594878379,False,Brasil,0.05,False,False,-1.0689230224219832
TXN00000344,CLI001006,2023-06-10,PAGAMENTO,638.18,10,RJ-CORE-01,BR,BR-7279140605,False,Brasil,0.05,False,False,0.7071067811865476
TXN00000345,CLI001155,2023-06-16,AJUSTE,1328.67,10,RJ-CORE-01,BR,BR-1232804774,False,Brasil,0.05,False,False,0.2347018269703332
TXN00000346,CLI000946,2023-10-31,AJUSTE,3490.48,01,BA-CORE-01,BR,BR-7521647547,False,Brasil,0.05,False,False,1.7434582710682336
TXN00000347,CLI000286,2023-08-13,AJUSTE,2795.95,00,MG-CORE-01,BR,BR-1221670908,False,Brasil,0.05,False,False,-0.32409794876682874
TXN00000348,CLI000982,2023-05-04,ESTORNO,-899.33,01,MG-CORE-01,BR,BR-6532043071,False,Brasil,0.05,False,False,-1.6198229955253467
TXN00000349,CLI000737,2023-10-01,PAGAMENTO,1783.01,10,BA-CORE-01,BR,BR-3081821325,False,Brasil,0.05,False,False,-0.5508829033827902
TXN00000350,CLI000091,2023-02-25,FATURA,2695.96,02,SP-CORE-02,BR,BR-4433026356,False,Brasil,0.05,False,False,0.4812954994582634
TXN00000351,CLI000202,2023-06-19,PAGAMENTO,3380.69,10,SP-CORE-01,BR,BR-4048494026,False,Brasil,0.05,False,False,0.8857016104869807
TXN00000352,CLI001025,2023-04-24,ESTORNO,-1797.15,01,MG-CORE-01,BR,BR-9648665968,False,Brasil,0.05,False,False,-1.7220751346903347
TXN00000353,CLI000852,2023-06-26,AJUSTE,3492.01,10,SP-CORE-01,BR,BR-2752306681,False,Brasil,0.05,False,False,1.0399877952578194
TXN00000354,CLI000703,2023-03-01,FATURA,2912.99,01,RJ-CORE-01,BR,BR-5782279101,False,Brasil,0.05,False,False,0.3924019803276623
TXN00000355,CLI000898,2023-04-16,PAGAMENTO,1833.48,02,MG-CORE-01,BR,BR-5067594934,False,Brasil,0.05,False,False,0.4452104677522363
TXN00000356,CLI000703,2023-06-13,PAGAMENTO,-104854.51,9A,SANTOS-PORT-07,PA,OFFSHORE-465840UE,True,Panamá,0.9,True,True,-2.661889103582263
TXN00000357,CLI001131,2023-12-13,FATURA,2804.17,01,BA-CORE-01,BR,BR-5933179746,False,Brasil,0.05,False,False,-0.36431299932326144
TXN00000358,CLI000378,2023-06-19,AJUSTE,1968.27,10,SP-CORE-02,BR,BR-7608153267,False,Brasil,0.05,False,False,0.7082966982516334
TXN00000359,CLI000405,2023-11-24,AJUSTE,2307.43,10,SP-CORE-01,BR,BR-6777263354,False,Brasil,0.05,False,False,1.0231177369785849
TXN00000360,CLI000571,2023-10-31,PAGAMENTO,1514.84,00,SP-CORE-02,BR,BR-7628981661,False,Brasil,0.05,False,False,-1.68267656196549
TXN00000361,CLI000404,2023-10-23,FATURA,374.1,01,RJ-CORE-01,BR,BR-3995732958,False,Brasil,0.05,False,False,-1.196524388218984
TXN00000362,CLI000796,2023-02-28,PAGAMENTO,932.99,10,BA-CORE-01,BR,BR-7750819485,False,Brasil,0.05,False,False,-0.13232219134547749
TXN00000363,CLI000354,2023-10-28,PAGAMENTO,417.53,02,MG-CORE-01,BR,BR-8625905455,False,Brasil,0.05,False,False,-0.7071067811865476
TXN00000364,CLI000240,2023-11-11,ESTORNO,-2073.79,01,RJ-CORE-01,BR,BR-5482431018,False,Brasil,0.05,False,False,-1.1513872519921506
TXN00000365,CLI000283,2023-07-11,AJUSTE,2433.16,10,MG-CORE-01,BR,BR-8493451569,False,Brasil,0.05,False,False,0.7071067811865475
TXN00000366,CLI001003,2023-08-05,PAGAMENTO,666.42,01,BA-CORE-01,BR,BR-8779941999,False,Brasil,0.05,False,False,-0.49990308959039914
TXN00000367,CLI000020,2023-03-13,ESTORNO,671.1,10,BA-CORE-01,BR,BR-5212581851,False,Brasil,0.05,False,False,-0.086874349263393
TXN00000368,CLI001014,2023-03-11,PAGAMENTO,699.05,10,BA-CORE-01,BR,BR-1158998032,False,Brasil,0.05,False,False,-0.7598761779918967
TXN00000369,CLI000170,2023-12-17,PAGAMENTO,1731.21,10,MG-CORE-01,BR,BR-7829772942,False,Brasil,0.05,False,False,-0.49402627948035027
TXN00000370,CLI000592,2023-04-23,FATURA,1036.47,02,SP-CORE-02,BR,BR-4735334423,False,Brasil,0.05,False,False,0.0076847812616531634
TXN00000371,CLI000232,2023-08-23,AJUSTE,1988.46,10,BA-CORE-01,BR,BR-2891100776,False,Brasil,0.05,False,False,0.22463365431856705
TXN00000372,CLI000904,2023-05-18,FATURA,2717.39,02,BA-CORE-01,BR,BR-2962491159,False,Brasil,0.05,False,False,0.9138608553933389
TXN00000373,CLI000922,2023-08-06,AJUSTE,376.41,01,RJ-CORE-01,BR,BR-4102872611,False,Brasil,0.05,False,False,-0.09554435640706789
TXN00000374,CLI000486,2023-06-28,ESTORNO,3020.45,00,MG-CORE-01,BR,BR-1662976399,False,Brasil,0.05,False,False,-0.4006844254109979
TXN00000375,CLI000286,2023-10-29,AJUSTE,2418.18,10,SP-CORE-02,BR,BR-9457665185,False,Brasil,0.05,False,False,-0.332294939668104
TXN00000376,CLI001104,2023-04-16,AJUSTE,-378012.98,4F,SANTOS-PORT-07,PA,OFFSHORE-172400KT,True,Panamá,0.9,True,True,-2.267730309319686
TXN00000377,CLI000548,2023-06-15,AJUSTE,3426.92,02,RJ-CORE-01,BR,BR-5535997538,False,Brasil,0.05,False,False,0.6991268763387974
TXN00000378,CLI000260,2023-03-11,FATURA,3370.45,10,SP-CORE-01,BR,BR-6834555633,False,Brasil,0.05,False,False,0.5760068480514411
TXN00000379,CLI001003,2023-05-08,AJUSTE,528.93,02,SP-CORE-02,BR,BR-2849785671,False,Brasil,0.05,False,False,-0.5006260214413266
TXN00000380,CLI000155,2023-10-23,AJUSTE,2220.76,10,MG-CORE-01,BR,BR-1773338452,False,Brasil,0.05,False,False,0.5961136960141243
TXN00000381,CLI001000,2023-07-26,FATURA,1814.33,02,RJ-CORE-01,BR,BR-1751917162,False,Brasil,0.05,False,False,-0.5187202139259574
TXN00000382,CLI001095,2023-10-25,ESTORNO,28.61,00,MG-CORE-01,BR,BR-3934040683,False,Brasil,0.05,False,False,-0.8885290064484485
TXN00000383,CLI000662,2023-04-22,PAGAMENTO,3389.09,01,MG-CORE-01,BR,BR-3504640817,False,Brasil,0.05,False,False,1.125008111979058
TXN00000384,CLI000100,2023-06-22,ESTORNO,1924.64,01,BA-CORE-01,BR,BR-6292209057,False,Brasil,0.05,False,False,0.7071067811865476
TXN00000385,CLI000324,2023-02-20,FATURA,2199.1,10,SP-CORE-01,BR,BR-8034746821,False,Brasil,0.05,False,False,0.3885475516374953
TXN00000386,CLI000619,2023-08-22,PAGAMENTO,22.35,10,SP-CORE-02,BR,BR-7268807553,False,Brasil,0.05,False,False,-0.7071067811865476
TXN00000387,CLI000762,2023-05-21,AJUSTE,344.82,02,RJ-CORE-01,BR,BR-3864059081,False,Brasil,0.05,False,False,-0.4267743884376679
TXN00000388,CLI000187,2023-01-27,AJUSTE,1399.27,02,SP-CORE-02,BR,BR-3347621138,False,Brasil,0.05,False,False,-0.9144059625809637
TXN00000389,CLI000464,2023-01-01,FATURA,762.71,00,SP-CORE-02,BR,BR-5612201744,False,Brasil,0.05,False,False,-0.7445759464607069
TXN00000390,CLI000271,2023-01-05,PAGAMENTO,48.06,02,SP-CORE-01,BR,BR-9354723429,False,Brasil,0.05,False,False,-1.0994847519788118
TXN00000391,CLI000642,2023-02-06,PAGAMENTO,816.74,00,SP-CORE-01,BR,BR-9426850694,False,Brasil,0.05,False,False,-0.2998630616754082
TXN00000392,CLI000018,2023-06-03,ESTORNO,497.21,01,SP-CORE-02,BR,BR-8259841263,False,Brasil,0.05,False,False,-0.10066200043765532
TXN00000393,CLI000907,2023-08-14,AJUSTE,1242.13,01,SP-CORE-02,BR,BR-2297602688,False,Brasil,0.05,False,False,-0.34160128568743703
TXN00000394,CLI000787,2023-02-14,AJUSTE,3140.14,01,SP-CORE-01,BR,BR-9587244082,False,Brasil,0.05,False,False,0.3679626515233397
TXN00000395,CLI000509,2023-08-08,ESTORNO,1114.47,01,SP-CORE-02,BR,BR-8960015186,False,Brasil,0.05,False,False,-0.645080649976885
TXN00000396,CLI000387,2023-12-20,ESTORNO,113.35,02,SP-CORE-02,BR,BR-1458072318,False,Brasil,0.05,False,False,-1.3662117369037758
TXN00000397,CLI000231,2023-06-01,PAGAMENTO,2268.67,01,MG-CORE-01,BR,BR-8298348088,False,Brasil,0.05,False,False,0.3508937036262071
TXN00000398,CLI000740,2023-09-13,AJUSTE,2240.53,00,BA-CORE-01,BR,BR-6994940029,False,Brasil,0.05,False,False,0.34158981404942995
TXN00000399,CLI000965,2023-03-09,ESTORNO,1366.2,10,RJ-CORE-01,BR,BR-9624715092,False,Brasil,0.05,False,False,0.1841577989687698
TXN00000400,CLI000082,2023-01-09,FATURA,2064.02,00,RJ-CORE-01,BR,BR-5181592277,False,Brasil,0.05,False,False,1.4259556884669897
TXN00000401,CLI000169,2023-07-23,FATURA,1783.0,10,MG-CORE-01,BR,BR-8495457335,False,Brasil,0.05,False,False,-0.34473144263442523
TXN00000402,CLI000319,2023-05-23,AJUSTE,310.92,00,BA-CORE-01,BR,BR-9173043235,False,Brasil,0.05,False,False,-1.3965430960840555
TXN00000403,CLI000489,2023-07-20,ESTORNO,2060.8,00,RJ-CORE-01,BR,BR-8739238825,False,Brasil,0.05,False,False,-0.01615911328692461
TXN00000404,CLI000113,2023-05-06,FATURA,320.02,10,SP-CORE-01,BR,BR-5464285982,False,Brasil,0.05,False,False,-0.7071067811865476
TXN00000405,CLI000024,2023-12-08,ESTORNO,2601.09,01,SP-CORE-01,BR,BR-8682023540,False,Brasil,0.05,False,False,-0.7071067811865476
TXN00000406,CLI000260,2023-09-12,AJUSTE,3336.5,02,SP-CORE-02,BR,BR-9733234156,False,Brasil,0.05,False,False,0.5509290290343386
TXN00000407,CLI000131,2023-03-02,ESTORNO,-2704.58,00,RJ-CORE-01,BR,BR-1564409423,False,Brasil,0.05,False,False,-0.4845544421336456
TXN00000408,CLI000114,2023-12-31,ESTORNO,3413.18,00,MG-CORE-01,BR,BR-9201789018,False,Brasil,0.05,False,False,0.8545534117313351
TXN00000409,CLI001176,2023-10-18,PAGAMENTO,600.75,01,RJ-CORE-01,BR,BR-2784572192,False,Brasil,0.05,False,False,-0.9896966225411249
TXN00000410,CLI000501,2023-04-27,FATURA,2597.91,00,SP-CORE-01,BR,BR-1862407093,False,Brasil,0.05,False,False,0.38817741709824993
TXN00000411,CLI001133,2023-08-30,FATURA,1286.64,01,SP-CORE-02,BR,BR-6001680218,False,Brasil,0.05,False,False,-0.20258711760219777
TXN00000412,CLI000160,2023-04-25,PAGAMENTO,1139.87,10,RJ-CORE-01,BR,BR-9350223102,False,Brasil,0.05,False,False,0.2395223552541627
TXN00000413,CLI000095,2023-03-03,ESTORNO,1767.1,00,SP-CORE-02,BR,BR-9033293776,False,Brasil,0.05,False,False,0.40517257506655235
TXN00000414,CLI000177,2023-02-05,PAGAMENTO,3071.93,02,RJ-CORE-01,BR,BR-4454152476,False,Brasil,0.05,False,False,1.5438720625043223
TXN00000415,CLI000497,2023-01-05,PAGAMENTO,1303.84,02,BA-CORE-01,BR,BR-1323408297,False,Brasil,0.05,False,False,0.6518970682554696
TXN00000416,CLI000503,2023-07-08,PAGAMENTO,2079.08,10,SP-CORE-02,BR,BR-7688606771,False,Brasil,0.05,False,False,0.33671849589995934
TXN00000417,CLI000710,2023-01-04,AJUSTE,3264.74,00,SP-CORE-02,BR,BR-2694684834,False,Brasil,0.05,False,False,1.0370653398358727
TXN00000418,CLI000421,2023-06-21,FATURA,25.09,10,RJ-CORE-01,BR,BR-5825776872,False,Brasil,0.05,False,False,-1.1465450227959508
TXN00000419,CLI000191,2023-08-03,AJUSTE,1732.26,00,SP-CORE-02,BR,BR-2595467139,False,Brasil,0.05,False,False,0.25023248529908604
TXN00000420,CLI000174,2023-04-29,FATURA,3142.56,10,RJ-CORE-01,BR,BR-3898400928,False,Brasil,0.05,False,False,1.1544886849726228
TXN00000421,CLI001163,2023-09-16,FATURA,484.63,10,SP-CORE-01,BR,BR-3024977737,False,Brasil,0.05,False,False,-0.14336728791012687
TXN00000422,CLI000535,2023-08-11,FATURA,2325.3,01,SP-CORE-02,BR,BR-3620283102,False,Brasil,0.05,False,False,0.46412388760546386
TXN00000423,CLI000153,2023-07-21,ESTORNO,-2458.53,02,RJ-CORE-01,BR,BR-3781645815,False,Brasil,0.05,False,False,-1.3820815216653917
TXN00000424,CLI000337,2023-03-11,AJUSTE,2734.18,00,SP-CORE-02,BR,BR-8306070814,False,Brasil,0.05,False,False,1.1083794478386404
TXN00000425,CLI000426,2023-08-27,PAGAMENTO,1112.84,00,BA-CORE-01,BR,BR-8083429496,False,Brasil,0.05,False,False,0.7071067811865475
TXN00000426,CLI000624,2023-06-07,PAGAMENTO,1632.45,00,SP-CORE-01,BR,BR-1501119337,False,Brasil,0.05,False,False,-0.7071067811865474
TXN00000427,CLI000509,2023-04-21,FATURA,2929.02,02,SP-CORE-02,BR,BR-5454792171,False,Brasil,0.05,False,False,1.1519396354951787
TXN00000428,CLI000829,2023-07-22,ESTORNO,-1806.84,02,RJ-CORE-01,BR,BR-9572442790,False,Brasil,0.05,False,False,-0.37649316805480243
TXN00000429,CLI000209,2023-10-12,PAGAMENTO,2623.31,01,SP-CORE-01,BR,BR-1498733671,False,Brasil,0.05,False,False,0.540991316717133
TXN00000430,CLI000821,2023-03-04,AJUSTE,61.61,01,SP-CORE-02,BR,BR-3308745090,False,Brasil,0.05,False,False,-0.5710381690288066
TXN00000431,CLI000154,2023-12-18,ESTORNO,-2213.44,00,BA-CORE-01,BR,BR-6964188417,False,Brasil,0.05,False,False,-1.4062640036840235
TXN00000432,CLI000680,2023-02-03,FATURA,708.17,10,SP-CORE-02,BR,BR-7615076397,False,Brasil,0.05,False,False,-0.3466949323763857
TXN00000433,CLI000888,2023-01-22,FATURA,3299.14,00,SP-CORE-02,BR,BR-4120719599,False,Brasil,0.05,False,False,1.0061551516925016
TXN00000434,CLI000440,2023-09-12,PAGAMENTO,122.6,10,SP-CORE-02,BR,BR-9097790557,False,Brasil,0.05,False,False,-1.2601326160010369
TXN00000435,CLI000504,2023-05-21,AJUSTE,993.89,01,SP-CORE-01,BR,BR-3812868150,False,Brasil,0.05,False,False,-0.09163616323503644
TXN00000436,CLI000282,2023-09-13,ESTORNO,-1453.73,10,SP-CORE-01,BR,BR-8875651818,False,Brasil,0.05,False,False,-1.7465509140719953
TXN00000437,CLI000784,2023-04-13,PAGAMENTO,2256.43,01,BA-CORE-01,BR,BR-7939173425,False,Brasil,0.05,False,False,1.1432219610285936
TXN00000438,CLI000796,2023-09-03,ESTORNO,1914.92,10,RJ-CORE-01,BR,BR-2201474778,False,Brasil,0.05,False,False,0.6480137072043187
TXN00000439,CLI000967,2023-04-03,ESTORNO,-110.7,01,SP-CORE-01,BR,BR-8259700175,False,Brasil,0.05,False,False,-1.3076251024351893
TXN00000440,CLI000546,2023-10-27,ESTORNO,3498.63,01,SP-CORE-01,BR,BR-6228133486,False,Brasil,0.05,False,False,0.9729538514246558
TXN00000441,CLI000361,2023-04-23,FATURA,2023.41,10,RJ-CORE-01,BR,BR-2557724698,False,Brasil,0.05,False,False,-0.3875043677441978
TXN00000442,CLI000721,2023-10-31,AJUSTE,1126.66,02,BA-CORE-01,BR,BR-8064477344,False,Brasil,0.05,False,False,-0.6309755427751104
TXN00000443,CLI000360,2023-10-16,AJUSTE,3320.32,10,BA-CORE-01,BR,BR-5555027957,False,Brasil,0.05,False,False,0.0
TXN00000444,CLI000041,2023-01-20,PAGAMENTO,334.1,01,BA-CORE-01,BR,BR-2184901787,False,Brasil,0.05,False,False,-0.9434879590586183
TXN00000445,CLI000364,2023-01-01,PAGAMENTO,1174.43,01,SP-CORE-02,BR,BR-5158416864,False,Brasil,0.05,False,False,0.40535316935650645
TXN00000446,CLI000149,2023-01-31,ESTORNO,96.26,01,SP-CORE-01,BR,BR-8834841054,False,Brasil,0.05,False,False,-0.6871300060670354
TXN00000447,CLI000661,2023-12-27,ESTORNO,-3297.89,10,BA-CORE-01,BR,BR-9983668939,False,Brasil,0.05,False,False,-1.3154167937898171
TXN00000448,CLI000357,2023-03-22,AJUSTE,2568.59,10,MG-CORE-01,BR,BR-5170814022,False,Brasil,0.05,False,False,0.9565927564357682
TXN00000449,CLI000604,2023-04-25,ESTORNO,2336.05,01,MG-CORE-01,BR,BR-2432410914,False,Brasil,0.05,False,False,0.8281767811106334
TXN00000450,CLI000373,2023-04-01,AJUSTE,2556.33,10,BA-CORE-01,BR,BR-5246953455,False,Brasil,0.05,False,False,1.0001427777402954
TXN00000451,CLI000160,2023-11-10,ESTORNO,-788.72,00,MG-CORE-01,BR,BR-1881351238,False,Brasil,0.05,False,False,-0.7766544334468383
TXN00000452,CLI000915,2023-06-27,AJUSTE,3438.68,01,SP-CORE-01,BR,BR-3380304322,False,Brasil,0.05,False,False,1.2076970165199445
TXN00000453,CLI000222,2023-05-16,FATURA,749.7,00,RJ-CORE-01,BR,BR-3518496186,False,Brasil,0.05,False,False,0.40249135422748444
TXN00000454,CLI001010,2023-01-25,FATURA,1363.06,10,SP-CORE-02,BR,BR-6295689007,False,Brasil,0.05,False,False,-0.7138376564236231
TXN00000455,CLI000462,2023-06-29,PAGAMENTO,1920.16,00,MG-CORE-01,BR,BR-4325887726,False,Brasil,0.05,False,False,0.29917976428570714
TXN00000456,CLI000653,2023-08-20,AJUSTE,276.51,00,RJ-CORE-01,BR,BR-3559721644,False,Brasil,0.05,False,False,0.048602685634029696
TXN00000457,CLI001121,2023-02-23,ESTORNO,278.22,01,MG-CORE-01,BR,BR-5226368665,False,Brasil,0.05,False,False,0.586379283231871
TXN00000458,CLI000338,2023-06-23,FATURA,2087.23,10,SP-CORE-01,BR,BR-5241397494,False,Brasil,0.05,False,False,-0.4992767970100114
TXN00000459,CLI000839,2023-03-22,PAGAMENTO,99815.62,4F,SANTOS-PORT-07,KY,OFFSHORE-177589RI,True,Ilhas Cayman,0.95,True,True,1.1546991322253224
TXN00000460,CLI001126,2023-12-05,ESTORNO,-999.7,01,SP-CORE-01,BR,BR-5763350700,False,Brasil,0.05,False,False,-0.7071067811865476
TXN00000461,CLI000604,2023-03-20,PAGAMENTO,209.68,00,MG-CORE-01,BR,BR-3163970710,False,Brasil,0.05,False,False,-0.3010205009127388
TXN00000462,CLI000168,2023-04-13,PAGAMENTO,357.51,01,SP-CORE-02,BR,BR-9776185998,False,Brasil,0.05,False,False,-0.029238631168775498
TXN00000463,CLI000543,2023-03-01,PAGAMENTO,1093.07,10,MG-CORE-01,BR,BR-7534583219,False,Brasil,0.05,False,False,0.7071067811865475
TXN00000464,CLI000757,2023-11-25,FATURA,1913.56,01,RJ-CORE-01,BR,BR-5140460939,False,Brasil,0.05,False,False,0.7071067811865476
TXN00000465,CLI000464,2023-08-17,AJUSTE,175.27,10,MG-CORE-01,BR,BR-7019900273,False,Brasil,0.05,False,False,-1.147420855371571
TXN00000466,CLI000848,2023-10-16,ESTORNO,234.51,00,SP-CORE-01,BR,BR-3946766309,False,Brasil,0.05,False,False,-1.1289585593818057
TXN00000467,CLI001097,2023-10-11,AJUSTE,232.22,10,BA-CORE-01,BR,BR-9202102595,False,Brasil,0.05,False,False,-0.3253151549918372
TXN00000468,CLI000809,2023-10-21,PAGAMENTO,3088.16,10,RJ-CORE-01,BR,BR-5641959772,False,Brasil,0.05,False,False,0.919076612142551
TXN00000469,CLI000355,2023-09-15,FATURA,2007.85,01,SP-CORE-01,BR,BR-3612617557,False,Brasil,0.05,False,False,0.019210574956344373
TXN00000470,CLI000161,2023-04-19,AJUSTE,2833.44,01,SP-CORE-01,BR,BR-1282103057,False,Brasil,0.05,False,False,0.5689139099899373
TXN00000471,CLI000655,2023-04-14,PAGAMENTO,3490.5,01,BA-CORE-01,BR,BR-6691628146,False,Brasil,0.05,False,False,1.0278987638577937
TXN00000472,CLI000566,2023-02-14,FATURA,1370.59,10,BA-CORE-01,BR,BR-7573691558,False,Brasil,0.05,False,False,-0.7768856356853737
TXN00000473,CLI000307,2023-01-07,PAGAMENTO,2757.2,10,SP-CORE-01,BR,BR-7895255573,False,Brasil,0.05,False,False,0.3675412134431733
TXN00000474,CLI000207,2023-10-18,AJUSTE,2066.01,00,SP-CORE-01,BR,BR-4014119648,False,Brasil,0.05,False,False,0.5670050538052548
TXN00000475,CLI001172,2023-10-02,ESTORNO,3082.87,10,RJ-CORE-01,BR,BR-6218484323,False,Brasil,0.05,False,False,0.5298131584232791
TXN00000476,CLI000823,2023-01-20,PAGAMENTO,619.26,10,SP-CORE-02,BR,BR-6276339732,False,Brasil,0.05,False,False,0.28956370864933867
TXN00000477,CLI000974,2023-07-22,FATURA,3115.72,02,SP-CORE-02,BR,BR-7242730249,False,Brasil,0.05,False,False,0.9104281796043291
TXN00000478,CLI000202,2023-07-10,ESTORNO,90.41,02,RJ-CORE-01,BR,BR-5703357871,False,Brasil,0.05,False,False,-1.2530921396620804
TXN00000479,CLI000854,2023-03-10,AJUSTE,1065.67,10,RJ-CORE-01,BR,BR-7127904756,False,Brasil,0.05,False,False,-1.728018422328625
TXN00000480,CLI000766,2023-04-07,FATURA,1557.17,10,MG-CORE-01,BR,BR-8151583833,False,Brasil,0.05,False,False,-0.18816202875449908
TXN00000481,CLI000827,2023-09-21,FATURA,2774.39,00,RJ-CORE-01,BR,BR-9259157845,False,Brasil,0.05,False,False,1.146837207878097
TXN00000482,CLI000412,2023-09-26,AJUSTE,3080.08,00,SP-CORE-02,BR,BR-1288335378,False,Brasil,0.05,False,False,0.9135336499637218
TXN00000483,CLI000562,2023-05-08,FATURA,135.09,00,RJ-CORE-01,BR,BR-4572433066,False,Brasil,0.05,False,False,0.5826194699948208
TXN00000484,CLI000914,2023-08-26,ESTORNO,-1777.84,00,SP-CORE-01,BR,BR-5695387521,False,Brasil,0.05,False,False,-1.7456927740662447
TXN00000485,CLI000530,2023-08-31,AJUSTE,2062.34,02,RJ-CORE-01,BR,BR-8468071953,False,Brasil,0.05,False,False,0.38733976934405606
TXN00000486,CLI000439,2023-05-26,FATURA,115.53,00,SP-CORE-02,BR,BR-4486522557,False,Brasil,0.05,False,False,-0.8643441033496921
TXN00000487,CLI001052,2023-11-28,AJUSTE,803.39,01,RJ-CORE-01,BR,BR-3389594115,False,Brasil,0.05,False,False,-0.3947387897048064
TXN00000488,CLI000018,2023-12-16,FATURA,50.96,01,SP-CORE-02,BR,BR-5819946657,False,Brasil,0.05,False,False,-0.3430427142740751
TXN00000489,CLI000772,2023-05-10,AJUSTE,2137.04,02,RJ-CORE-01,BR,BR-8517413631,False,Brasil,0.05,False,False,-0.7954831411189807
TXN00000490,CLI000814,2023-08-24,ESTORNO,896.96,10,RJ-CORE-01,BR,BR-4096932037,False,Brasil,0.05,False,False,-0.7668551716466976
TXN00000491,CLI000579,2023-01-04,FATURA,1800.07,02,BA-CORE-01,BR,BR-9454207717,False,Brasil,0.05,False,False,-0.03186614362712803
TXN00000492,CLI000568,2023-12-17,ESTORNO,396.2,00,RJ-CORE-01,BR,BR-7873709012,False,Brasil,0.05,False,False,-0.981383177704953
TXN00000493,CLI000493,2023-12-02,ESTORNO,2494.61,02,SP-CORE-02,BR,BR-2510308881,False,Brasil,0.05,False,False,0.7129513110292979
TXN00000494,CLI001019,2023-11-04,FATURA,1426.26,02,SP-CORE-02,BR,BR-1913706213,False,Brasil,0.05,False,False,0.13974435634745597
TXN00000495,CLI001172,2023-05-13,ESTORNO,3176.05,10,MG-CORE-01,BR,BR-8115628227,False,Brasil,0.05,False,False,0.6025496317200556
TXN00000496,CLI000735,2023-06-25,AJUSTE,2548.39,01,BA-CORE-01,BR,BR-5759761714,False,Brasil,0.05,False,False,0.6719988824401273
TXN00000497,CLI000530,2023-03-29,ESTORNO,-2945.42,01,RJ-CORE-01,BR,BR-2578662692,False,Brasil,0.05,False,False,-1.1357292922007518
TXN00000498,CLI000458,2023-12-15,AJUSTE,3150.58,00,SP-CORE-02,BR,BR-8570333548,False,Brasil,0.05,False,False,1.128792481858064
TXN00000499,CLI000950,2023-08-04,ESTORNO,2762.55,02,RJ-CORE-01,BR,BR-3465740756,False,Brasil,0.05,False,False,0.9538455832392101
TXN00000500,CLI001025,2023-08-29,FATURA,206.8,00,MG-CORE-01,BR,BR-8761956684,False,Brasil,0.05,False,False,0.3104124064562939
TXN00000501,CLI000309,2023-12-15,FATURA,1348.21,02,MG-CORE-01,BR,BR-9702693937,False,Brasil,0.05,False,False,-0.17027098912284616
TXN00000502,CLI000370,2023-04-13,AJUSTE,1212.49,10,SP-CORE-02,BR,BR-2148679234,False,Brasil,0.05,False,False,0.2766731216742407
TXN00000503,CLI000010,2023-09-07,FATURA,1177.55,01,RJ-CORE-01,BR,BR-6069848439,False,Brasil,0.05,False,False,-0.6746028074882493
TXN00000504,CLI001003,2023-05-21,PAGAMENTO,748.65,01,BA-CORE-01,BR,BR-6754503097,False,Brasil,0.05,False,False,-0.4994707186099514
TXN00000505,CLI000978,2023-03-08,FATURA,2158.39,10,MG-CORE-01,BR,BR-1026224160,False,Brasil,0.05,False,False,-0.5761088731692762
TXN00000506,CLI000660,2023-01-03,PAGAMENTO,151.28,01,RJ-CORE-01,BR,BR-4736031885,False,Brasil,0.05,False,False,-1.0603121991590936
TXN00000507,CLI000640,2023-01-10,AJUSTE,2375.08,01,SP-CORE-02,BR,BR-2721355673,False,Brasil,0.05,False,False,0.7884111856730532
TXN00000508,CLI000094,2023-02-22,AJUSTE,1354.76,02,SP-CORE-02,BR,BR-1131671246,False,Brasil,0.05,False,False,0.37506798737429636
TXN00000509,CLI001004,2023-05-29,ESTORNO,-1606.62,02,MG-CORE-01,BR,BR-6218955985,False,Brasil,0.05,False,False,-1.4421852252091538
TXN00000510,CLI000269,2023-04-07,ESTORNO,-593.79,10,SP-CORE-01,BR,BR-7098134112,False,Brasil,0.05,False,False,-0.7071067811865476
TXN00000511,CLI000077,2023-01-12,AJUSTE,2072.13,01,SP-CORE-01,BR,BR-2464137110,False,Brasil,0.05,False,False,0.4995650954927741
TXN00000512,CLI000222,2023-11-24,PAGAMENTO,910.15,00,BA-CORE-01,BR,BR-6884333221,False,Brasil,0.05,False,False,0.40354233205803536
TXN00000513,CLI000254,2023-01-25,FATURA,2420.33,10,MG-CORE-01,BR,BR-8394198376,False,Brasil,0.05,False,False,-0.22257140022062968
TXN00000514,CLI000207,2023-08-31,ESTORNO,-2462.5,01,SP-CORE-01,BR,BR-1225953184,False,Brasil,0.05,False,False,-1.6913792103519387
TXN00000515,CLI000242,2023-11-15,ESTORNO,2127.61,01,MG-CORE-01,BR,BR-3653594796,False,Brasil,0.05,False,False,0.6503955912144478
TXN00000516,CLI000539,2023-02-28,ESTORNO,-2750.97,10,SP-CORE-02,BR,BR-3894673596,False,Brasil,0.05,False,False,-1.269081237163761
TXN00000517,CLI001123,2023-07-03,AJUSTE,2467.96,02,SP-CORE-02,BR,BR-6463640105,False,Brasil,0.05,False,False,0.8437500075923536
TXN00000518,CLI000006,2023-04-17,PAGAMENTO,2414.95,10,RJ-CORE-01,BR,BR-8137972345,False,Brasil,0.05,False,False,0.5792904921152231
TXN00000519,CLI000306,2023-12-10,FATURA,329.73,00,BA-CORE-01,BR,BR-7193532615,False,Brasil,0.05,False,False,-0.7430203694587774
TXN00000520,CLI000936,2023-09-19,FATURA,281.17,00,RJ-CORE-01,BR,BR-2173242669,False,Brasil,0.05,False,False,-0.9203614231927818
TXN00000521,CLI000738,2023-05-16,ESTORNO,1635.69,00,SP-CORE-02,BR,BR-5783809766,False,Brasil,0.05,False,False,0.3145470858539763
TXN00000522,CLI000350,2023-08-07,ESTORNO,2590.12,00,SP-CORE-01,BR,BR-2846465000,False,Brasil,0.05,False,False,1.0862711866140362
TXN00000523,CLI000375,2023-07-03,ESTORNO,3132.96,02,SP-CORE-01,BR,BR-8160279830,False,Brasil,0.05,False,False,0.8283860651930497
TXN00000524,CLI000980,2023-07-25,FATURA,1412.87,10,RJ-CORE-01,BR,BR-1195066088,False,Brasil,0.05,False,False,1.1473645708064517
TXN00000525,CLI000121,2023-11-29,PAGAMENTO,3103.71,01,SP-CORE-01,BR,BR-3574081104,False,Brasil,0.05,False,False,0.7865599650483942
TXN00000526,CLI000372,2023-02-23,AJUSTE,1467.78,10,BA-CORE-01,BR,BR-1033015788,False,Brasil,0.05,False,False,0.011711694536671551
TXN00000527,CLI000232,2023-07-03,PAGAMENTO,2147.53,01,MG-CORE-01,BR,BR-6392415228,False,Brasil,0.05,False,False,0.8685780657882821
TXN00000528,CLI001075,2023-08-14,PAGAMENTO,179.98,02,RJ-CORE-01,BR,BR-2409274786,False,Brasil,0.05,False,False,-1.011262800157805
TXN00000529,CLI000987,2023-12-09,AJUSTE,3058.54,00,MG-CORE-01,BR,BR-5328166990,False,Brasil,0.05,False,False,0.8753331301867072
TXN00000530,CLI000112,2023-12-06,ESTORNO,2373.51,10,SP-CORE-02,BR,BR-8503368512,False,Brasil,0.05,False,False,1.1225764633777562
TXN00000531,CLI000154,2023-11-26,FATURA,3271.61,10,MG-CORE-01,BR,BR-1754603440,False,Brasil,0.05,False,False,1.2124198016262484
TXN00000532,CLI000457,2023-06-14,PAGAMENTO,858.3,02,SP-CORE-01,BR,BR-4022245086,False,Brasil,0.05,False,False,-0.9677406227928368
TXN00000533,CLI001174,2023-07-26,PAGAMENTO,2863.52,00,MG-CORE-01,BR,BR-8757570742,False,Brasil,0.05,False,False,1.0654900537786116
TXN00000534,CLI001019,2023-02-15,PAGAMENTO,3000.93,10,RJ-CORE-01,BR,BR-5604529187,False,Brasil,0.05,False,False,0.7560204666734138
TXN00000535,CLI000001,2023-02-22,FATURA,1423.97,00,BA-CORE-01,BR,BR-5476654128,False,Brasil,0.05,False,False,0.2745362621450555
TXN00000536,CLI000424,2023-11-06,FATURA,3371.84,02,BA-CORE-01,BR,BR-5375461598,False,Brasil,0.05,False,False,0.7071067811865475
TXN00000537,CLI000680,2023-06-24,PAGAMENTO,1284.43,00,SP-CORE-02,BR,BR-4956362540,False,Brasil,0.05,False,False,0.02355989932885315
TXN00000538,CLI000455,2023-12-03,PAGAMENTO,1284.27,10,SP-CORE-01,BR,BR-8997701619,False,Brasil,0.05,False,False,-0.6512234813556068
TXN00000539,CLI000766,2023-06-24,FATURA,1255.88,02,BA-CORE-01,BR,BR-7767834064,False,Brasil,0.05,False,False,-0.3711097394545925
TXN00000540,CLI000220,2023-01-24,FATURA,3141.13,10,SP-CORE-02,BR,BR-7757700186,False,Brasil,0.05,False,False,1.4879750591953507
TXN00000541,CLI000391,2023-11-09,ESTORNO,-701.81,00,MG-CORE-01,BR,BR-7088949191,False,Brasil,0.05,False,False,-0.6529973703574311
TXN00000542,CLI000923,2023-02-25,ESTORNO,2654.88,00,BA-CORE-01,BR,BR-5789633176,False,Brasil,0.05,False,False,1.1388813824761144
TXN00000543,CLI000100,2023-12-04,PAGAMENTO,-298046.98,9A,SANTOS-PORT-07,LU,OFFSHORE-521818AK,True,Luxemburgo,0.8,True,True,-0.7071067811865476
TXN00000544,CLI000263,2023-10-27,PAGAMENTO,1700.6,01,BA-CORE-01,BR,BR-3190227431,False,Brasil,0.05,False,False,0.3307658314655097
TXN00000545,CLI000858,2023-07-18,FATURA,2308.18,02,BA-CORE-01,BR,BR-6795522649,False,Brasil,0.05,False,False,0.42465865186134877
TXN00000546,CLI000274,2023-05-21,AJUSTE,1404.59,02,RJ-CORE-01,BR,BR-4500557310,False,Brasil,0.05,False,False,0.9473516218799732
TXN00000547,CLI001134,2023-07-31,AJUSTE,2116.79,02,BA-CORE-01,BR,BR-2014766981,False,Brasil,0.05,False,False,0.5679856771426993
TXN00000548,CLI000365,2023-04-13,AJUSTE,749.8,02,RJ-CORE-01,BR,BR-5923940434,False,Brasil,0.05,False,False,0.2094089888682479
TXN00000549,CLI000855,2023-12-30,ESTORNO,421.61,02,BA-CORE-01,BR,BR-1847275937,False,Brasil,0.05,False,False,-0.7023870404569076
TXN00000550,CLI000116,2023-08-05,ESTORNO,-2832.9,00,SP-CORE-01,BR,BR-3587283948,False,Brasil,0.05,False,False,-1.4442790948448194
TXN00000551,CLI000300,2023-05-17,AJUSTE,2630.64,01,RJ-CORE-01,BR,BR-3815389788,False,Brasil,0.05,False,False,1.0050735522517922
TXN00000552,CLI000735,2023-12-20,FATURA,2749.56,01,BA-CORE-01,BR,BR-7417183769,False,Brasil,0.05,False,False,0.7873041547452179
TXN00000553,CLI000487,2023-02-22,PAGAMENTO,2164.06,01,BA-CORE-01,BR,BR-7977267911,False,Brasil,0.05,False,False,0.3408370146917368
TXN00000554,CLI000641,2023-12-21,ESTORNO,2332.44,10,MG-CORE-01,BR,BR-7988845536,False,Brasil,0.05,False,False,-0.12588535996323122
TXN00000555,CLI000462,2023-01-07,FATURA,2607.97,01,BA-CORE-01,BR,BR-5943324387,False,Brasil,0.05,False,False,0.9155846134052371
TXN00000556,CLI000153,2023-10-29,ESTORNO,-1922.22,01,SP-CORE-02,BR,BR-5588254555,False,Brasil,0.05,False,False,-1.0625182808536981
TXN00000557,CLI000878,2023-03-30,AJUSTE,2578.08,00,MG-CORE-01,BR,BR-5536224717,False,Brasil,0.05,False,False,1.1407982559102907
TXN00000558,CLI000956,2023-10-12,ESTORNO,-939.55,01,BA-CORE-01,BR,BR-3178995337,False,Brasil,0.05,False,False,-1.5812915581353106
TXN00000559,CLI000617,2023-01-21,AJUSTE,554.89,02,BA-CORE-01,BR,BR-6628158856,False,Brasil,0.05,False,False,-0.09103209515374709
TXN00000560,CLI000451,2023-10-21,PAGAMENTO,1934.56,00,RJ-CORE-01,BR,BR-2940955281,False,Brasil,0.05,False,False,-1.1443162951093435
TXN00000561,CLI001100,2023-09-24,AJUSTE,257.25,01,MG-CORE-01,BR,BR-5539308214,False,Brasil,0.05,False,False,-1.6526960756987996
TXN00000562,CLI000739,2023-02-17,PAGAMENTO,1235.92,01,RJ-CORE-01,BR,BR-8867077130,False,Brasil,0.05,False,False,-0.7071067811865475
TXN00000563,CLI000709,2023-04-22,ESTORNO,-3327.07,10,BA-CORE-01,BR,BR-9919491730,False,Brasil,0.05,False,False,-1.048376175291273
TXN00000564,CLI000782,2023-05-04,PAGAMENTO,3167.65,01,SP-CORE-01,BR,BR-4673457063,False,Brasil,0.05,False,False,0.7425897852344945
TXN00000565,CLI000768,2023-07-17,FATURA,912.94,02,SP-CORE-01,BR,BR-7472806994,False,Brasil,0.05,False,False,0.475672869984407
TXN00000566,CLI000169,2023-09-07,PAGAMENTO,172.6,01,RJ-CORE-01,BR,BR-4847761430,False,Brasil,0.05,False,False,-0.3690620874089947
TXN00000567,CLI000437,2023-03-27,FATURA,3401.27,00,SP-CORE-01,BR,BR-3799620568,False,Brasil,0.05,False,False,0.6934593495820451
TXN00000568,CLI000049,2023-02-23,PAGAMENTO,735.42,10,SP-CORE-01,BR,BR-5560712830,False,Brasil,0.05,False,False,0.8704286905606751
TXN00000569,CLI000516,2023-06-19,PAGAMENTO,151.84,00,SP-CORE-01,BR,BR-4067961943,False,Brasil,0.05,False,False,0.11189502454657728
TXN00000570,CLI000829,2023-10-22,FATURA,383999.15,4F,SANTOS-PORT-07,LU,OFFSHORE-515186QU,True,Luxemburgo,0.8,True,True,2.4746047873399197
TXN00000571,CLI000130,2023-06-11,PAGAMENTO,78.78,00,BA-CORE-01,BR,BR-6515369278,False,Brasil,0.05,False,False,-1.3584207503583299
TXN00000572,CLI000594,2023-12-25,FATURA,2971.91,02,BA-CORE-01,BR,BR-4750707607,False,Brasil,0.05,False,False,0.6405483689990544
TXN00000573,CLI000064,2023-11-07,ESTORNO,321.04,10,MG-CORE-01,BR,BR-2431779064,False,Brasil,0.05,False,False,-1.3399276250971321
TXN00000574,CLI000605,2023-03-22,PAGAMENTO,1876.47,01,MG-CORE-01,BR,BR-6797436140,False,Brasil,0.05,False,False,0.2743831281312726
TXN00000575,CLI001137,2023-06-02,AJUSTE,2376.97,02,SP-CORE-01,BR,BR-2683446724,False,Brasil,0.05,False,False,1.1269659618795858
TXN00000576,CLI000175,2023-03-05,AJUSTE,165.37,10,BA-CORE-01,BR,BR-5028688786,False,Brasil,0.05,False,False,-0.3561464815661865
TXN00000577,CLI001050,2023-04-18,ESTORNO,2624.07,02,SP-CORE-02,BR,BR-8695129534,False,Brasil,0.05,False,False,0.8303138757896074
TXN00000578,CLI000372,2023-03-24,AJUSTE,660.29,02,SP-CORE-02,BR,BR-4492602049,False,Brasil,0.05,False,False,-0.6197704249489709
TXN00000579,CLI000514,2023-10-09,FATURA,1625.2,00,RJ-CORE-01,BR,BR-3260842187,False,Brasil,0.05,False,False,0.4634991511093409
TXN00000580,CLI000263,2023-04-12,FATURA,2545.05,10,RJ-CORE-01,BR,BR-2554039848,False,Brasil,0.05,False,False,0.6689495175409216
TXN00000581,CLI000996,2023-02-21,AJUSTE,1012.28,00,SP-CORE-02,BR,BR-6852312425,False,Brasil,0.05,False,False,-0.7839777702425557
TXN00000582,CLI001159,2023-06-18,PAGAMENTO,2164.87,02,BA-CORE-01,BR,BR-6214917780,False,Brasil,0.05,False,False,1.153497367914174
TXN00000583,CLI000454,2023-06-11,ESTORNO,-3356.13,01,SP-CORE-01,BR,BR-3088517710,False,Brasil,0.05,False,False,-1.7447434322092583
TXN00000584,CLI000948,2023-05-22,PAGAMENTO,2943.58,01,RJ-CORE-01,BR,BR-1590838716,False,Brasil,0.05,False,False,0.8189702584682339
TXN00000585,CLI000168,2023-07-03,PAGAMENTO,-366663.78,4F,SANTOS-PORT-07,PA,OFFSHORE-653794CJ,True,Panamá,0.9,True,True,-1.991249738127229
TXN00000586,CLI000039,2023-03-13,ESTORNO,3121.71,01,RJ-CORE-01,BR,BR-8661364201,False,Brasil,0.05,False,False,1.052056006213675
TXN00000587,CLI000534,2023-10-25,FATURA,2034.57,01,SP-CORE-01,BR,BR-6322188162,False,Brasil,0.05,False,False,0.7709222133934271
TXN00000588,CLI000596,2023-12-01,PAGAMENTO,2717.69,02,MG-CORE-01,BR,BR-8663811838,False,Brasil,0.05,False,False,0.0
TXN00000589,CLI001029,2023-08-26,AJUSTE,1763.91,00,MG-CORE-01,BR,BR-6128260438,False,Brasil,0.05,False,False,0.8616989488995727
TXN00000590,CLI000914,2023-12-06,FATURA,851.31,01,BA-CORE-01,BR,BR-7187318744,False,Brasil,0.05,False,False,0.048096602358582825
TXN00000591,CLI000083,2023-04-02,AJUSTE,1990.92,01,MG-CORE-01,BR,BR-8599680717,False,Brasil,0.05,False,False,-1.149743806259885
TXN00000592,CLI000088,2023-09-07,AJUSTE,826.49,02,RJ-CORE-01,BR,BR-8636984580,False,Brasil,0.05,False,False,-0.46205941152263874
TXN00000593,CLI000932,2023-09-23,AJUSTE,3178.89,02,MG-CORE-01,BR,BR-3597009738,False,Brasil,0.05,False,False,1.1879005628347667
TXN00000594,CLI000561,2023-01-21,FATURA,3432.45,02,SP-CORE-01,BR,BR-9044482007,False,Brasil,0.05,False,False,0.9498279832340456
TXN00000595,CLI000160,2023-10-24,ESTORNO,-1914.34,01,MG-CORE-01,BR,BR-9814045133,False,Brasil,0.05,False,False,-1.3697451976308381
TXN00000596,CLI000707,2023-07-12,ESTORNO,-3404.91,01,BA-CORE-01,BR,BR-5012760260,False,Brasil,0.05,False,False,0.0
TXN00000597,CLI000901,2023-09-04,PAGAMENTO,3107.36,00,BA-CORE-01,BR,BR-5830454240,False,Brasil,0.05,False,False,0.7304272989172288
TXN00000598,CLI000383,2023-04-28,AJUSTE,288.27,02,SP-CORE-02,BR,BR-5983503547,False,Brasil,0.05,False,False,-0.9851657999716151
TXN00000599,CLI000677,2023-07-05,AJUSTE,2115.03,00,SP-CORE-02,BR,BR-3204833223,False,Brasil,0.05,False,False,-0.7071067811865575
TXN00000600,CLI000331,2023-09-04,FATURA,2369.8,10,SP-CORE-02,BR,BR-8864285771,False,Brasil,0.05,False,False,0.7809637373613186
TXN00000601,CLI000330,2023-01-12,PAGAMENTO,867.97,01,BA-CORE-01,BR,BR-4910589015,False,Brasil,0.05,False,False,-0.7071067811865475
TXN00000602,CLI000529,2023-11-19,AJUSTE,1804.0,01,SP-CORE-01,BR,BR-8802681056,False,Brasil,0.05,False,False,0.2772341292284351
TXN00000603,CLI000444,2023-09-22,AJUSTE,3354.67,00,RJ-CORE-01,BR,BR-9094423237,False,Brasil,0.05,False,False,0.7027156133241718
TXN00000604,CLI000842,2023-11-07,PAGAMENTO,3474.86,10,SP-CORE-02,BR,BR-4996346509,False,Brasil,0.05,False,False,1.1111718521286986
TXN00000605,CLI000542,2023-10-26,AJUSTE,2875.18,01,BA-CORE-01,BR,BR-2781968664,False,Brasil,0.05,False,False,0.4009241019144111
TXN00000606,CLI000141,2023-12-18,AJUSTE,1212.5,10,BA-CORE-01,BR,BR-2606152369,False,Brasil,0.05,False,False,-0.04402680570122015
TXN00000607,CLI001071,2023-07-13,AJUSTE,1361.41,00,SP-CORE-01,BR,BR-5645459980,False,Brasil,0.05,False,False,-0.05328172420433169
TXN00000608,CLI000080,2023-03-18,PAGAMENTO,2127.18,01,MG-CORE-01,BR,BR-1964386641,False,Brasil,0.05,False,False,1.1404886815804003
TXN00000609,CLI000003,2023-02-17,FATURA,1698.2,01,BA-CORE-01,BR,BR-1627276995,False,Brasil,0.05,False,False,-0.707106781186547
TXN00000610,CLI000470,2023-09-25,PAGAMENTO,1483.98,00,BA-CORE-01,BR,BR-5459478267,False,Brasil,0.05,False,False,-1.0625004554300073
TXN00000611,CLI000522,2023-07-15,PAGAMENTO,1239.8,00,MG-CORE-01,BR,BR-4569592370,False,Brasil,0.05,False,False,0.7071067811865485
TXN00000612,CLI001114,2023-04-30,PAGAMENTO,3187.1,00,RJ-CORE-01,BR,BR-7309779967,False,Brasil,0.05,False,False,1.333423875558238
TXN00000613,CLI000242,2023-05-12,PAGAMENTO,677.79,00,BA-CORE-01,BR,BR-3642900640,False,Brasil,0.05,False,False,-0.38361789586841116
TXN00000614,CLI000219,2023-07-12,FATURA,2297.82,02,MG-CORE-01,BR,BR-4890628295,False,Brasil,0.05,False,False,0.5513593251833298
TXN00000615,CLI000868,2023-08-07,AJUSTE,2287.48,02,RJ-CORE-01,BR,BR-5376588372,False,Brasil,0.05,False,False,0.4537673334246107
TXN00000616,CLI001142,2023-11-10,ESTORNO,978.95,10,SP-CORE-02,BR,BR-2817865363,False,Brasil,0.05,False,False,0.32414126329675935
TXN00000617,CLI001184,2023-04-02,PAGAMENTO,1308.34,10,RJ-CORE-01,BR,BR-8628603366,False,Brasil,0.05,False,False,-0.6626703157157392
TXN00000618,CLI000332,2023-12-28,ESTORNO,-1405.49,01,SP-CORE-01,BR,BR-6315624319,False,Brasil,0.05,False,False,-1.409285135019257
TXN00000619,CLI000107,2023-04-20,FATURA,1789.04,02,BA-CORE-01,BR,BR-1523334661,False,Brasil,0.05,False,False,-0.40713293163498027
TXN00000620,CLI000966,2023-07-19,AJUSTE,3376.7,00,SP-CORE-01,BR,BR-6319057164,False,Brasil,0.05,False,False,-0.4740236301196676
TXN00000621,CLI000078,2023-02-15,PAGAMENTO,243.0,01,RJ-CORE-01,BR,BR-7969918312,False,Brasil,0.05,False,False,-0.579399228752246
TXN00000622,CLI000359,2023-07-25,PAGAMENTO,2156.6,02,BA-CORE-01,BR,BR-1269754673,False,Brasil,0.05,False,False,0.6847656464471596
TXN00000623,CLI001046,2023-08-13,PAGAMENTO,57.27,02,SP-CORE-02,BR,BR-3302333490,False,Brasil,0.05,False,False,-0.9984349624572085
TXN00000624,CLI000001,2023-11-11,AJUSTE,609.8,00,RJ-CORE-01,BR,BR-3469810046,False,Brasil,0.05,False,False,-0.859698910592199
TXN00000625,CLI000831,2023-02-14,AJUSTE,3488.92,10,RJ-CORE-01,BR,BR-4086124402,False,Brasil,0.05,False,False,0.8539694383947052
TXN00000626,CLI000583,2023-09-23,AJUSTE,73.48,00,SP-CORE-01,BR,BR-6545970956,False,Brasil,0.05,False,False,-1.181345154316126
TXN00000627,CLI000932,2023-06-27,ESTORNO,3372.24,02,SP-CORE-02,BR,BR-9596653373,False,Brasil,0.05,False,False,1.3231419578314927
TXN00000628,CLI000219,2023-10-22,PAGAMENTO,36.19,01,MG-CORE-01,BR,BR-2515333350,False,Brasil,0.05,False,False,-0.9742618061519073
TXN00000629,CLI001102,2023-09-15,FATURA,1044.0,00,BA-CORE-01,BR,BR-7745949301,False,Brasil,0.05,False,False,-0.4234161384947655
TXN00000630,CLI000696,2023-12-22,ESTORNO,1560.83,10,BA-CORE-01,BR,BR-3869961166,False,Brasil,0.05,False,False,-0.4479119137388163
TXN00000631,CLI000529,2023-12-15,PAGAMENTO,1623.31,00,MG-CORE-01,BR,BR-2548781344,False,Brasil,0.05,False,False,0.11190857983166051
TXN00000632,CLI000845,2023-07-15,FATURA,2225.14,01,SP-CORE-02,BR,BR-5382302465,False,Brasil,0.05,False,False,-0.5688430309806667
TXN00000633,CLI000701,2023-09-22,ESTORNO,-1884.07,02,SP-CORE-02,BR,BR-9045897249,False,Brasil,0.05,False,False,-0.8551292914644406
TXN00000634,CLI000448,2023-10-11,FATURA,3261.26,10,RJ-CORE-01,BR,BR-9776913529,False,Brasil,0.05,False,False,0.9476741675944861
TXN00000635,CLI000496,2023-04-04,ESTORNO,-3315.97,01,MG-CORE-01,BR,BR-6898288854,False,Brasil,0.05,False,False,-1.784774565852996
TXN00000636,CLI000219,2023-04-16,ESTORNO,-817.64,01,BA-CORE-01,BR,BR-4209700340,False,Brasil,0.05,False,False,-1.5502274108564635
TXN00000637,CLI001109,2023-02-10,FATURA,2371.83,10,BA-CORE-01,BR,BR-5585133383,False,Brasil,0.05,False,False,0.5371673964977148
TXN00000638,CLI000563,2023-09-04,FATURA,1311.76,02,MG-CORE-01,BR,BR-8544878538,False,Brasil,0.05,False,False,-0.7071067811865478
TXN00000639,CLI001182,2023-04-04,PAGAMENTO,3445.69,02,MG-CORE-01,BR,BR-1572989855,False,Brasil,0.05,False,False,-0.39153224255961827
TXN00000640,CLI000067,2023-01-28,AJUSTE,1849.56,10,MG-CORE-01,BR,BR-3760786161,False,Brasil,0.05,False,False,0.01316216240011491
TXN00000641,CLI000943,2023-07-21,ESTORNO,3014.19,01,MG-CORE-01,BR,BR-8235656521,False,Brasil,0.05,False,False,0.7071067811865479
TXN00000642,CLI000741,2023-12-19,ESTORNO,-49.3,01,MG-CORE-01,BR,BR-1579187439,False,Brasil,0.05,False,False,-0.9489218407897345
TXN00000643,CLI000703,2023-04-06,ESTORNO,1929.0,01,RJ-CORE-01,BR,BR-9347720574,False,Brasil,0.05,False,False,0.3645142415970012
TXN00000644,CLI000821,2023-04-05,ESTORNO,-1755.72,01,MG-CORE-01,BR,BR-5453811475,False,Brasil,0.05,False,False,-1.60061780663099
TXN00000645,CLI000553,2023-08-19,ESTORNO,646.01,01,BA-CORE-01,BR,BR-1865826728,False,Brasil,0.05,False,False,-1.3158083718536133
TXN00000646,CLI000307,2023-10-12,AJUSTE,-239920.94,4F,SANTOS-PORT-07,KY,OFFSHORE-667652ZG,True,Ilhas Cayman,0.95,True,True,-2.4744516035830695
TXN00000647,CLI001094,2023-01-05,PAGAMENTO,634.59,10,SP-CORE-02,BR,BR-7431813987,False,Brasil,0.05,False,False,-1.6657401656264381
TXN00000648,CLI000123,2023-09-07,ESTORNO,1064.12,00,MG-CORE-01,BR,BR-7525240100,False,Brasil,0.05,False,False,0.5543421412342622
TXN00000649,CLI000533,2023-05-11,AJUSTE,1678.36,00,MG-CORE-01,BR,BR-4440904834,False,Brasil,0.05,False,False,0.584019336080154
TXN00000650,CLI000720,2023-07-04,ESTORNO,-1970.02,02,RJ-CORE-01,BR,BR-8417757797,False,Brasil,0.05,False,False,-1.805437920699796
TXN00000651,CLI000666,2023-10-23,AJUSTE,2024.11,01,RJ-CORE-01,BR,BR-5633956194,False,Brasil,0.05,False,False,1.1438095650627087
TXN00000652,CLI000950,2023-08-17,PAGAMENTO,3115.92,10,BA-CORE-01,BR,BR-4531928910,False,Brasil,0.05,False,False,1.174231312551218
TXN00000653,CLI001171,2023-03-27,AJUSTE,2249.22,02,MG-CORE-01,BR,BR-7637761996,False,Brasil,0.05,False,False,-0.374322302711079
TXN00000654,CLI000597,2023-02-06,PAGAMENTO,109271.41,4F,SANTOS-PORT-07,KY,OFFSHORE-165820KD,True,Ilhas Cayman,0.95,True,True,1.4997635354629353
TXN00000655,CLI001067,2023-11-06,ESTORNO,2263.36,02,MG-CORE-01,BR,BR-8650676663,False,Brasil,0.05,False,False,0.6346920637383205
TXN00000656,CLI000516,2023-07-31,PAGAMENTO,602.27,00,SP-CORE-02,BR,BR-1149460439,False,Brasil,0.05,False,False,0.533853883490148
TXN00000657,CLI000970,2023-04-18,FATURA,600.85,00,SP-CORE-01,BR,BR-1288765093,False,Brasil,0.05,False,False,-0.8581706605344941
TXN00000658,CLI000319,2023-01-14,FATURA,2702.85,00,SP-CORE-01,BR,BR-6868336102,False,Brasil,0.05,False,False,0.8100762518826401
TXN00000659,CLI000507,2023-12-02,FATURA,3261.93,10,RJ-CORE-01,BR,BR-3436297208,False,Brasil,0.05,False,False,1.5339065146412247
TXN00000660,CLI000731,2023-08-15,ESTORNO,-2200.15,01,BA-CORE-01,BR,BR-3598862507,False,Brasil,0.05,False,False,-0.8144121273988856
TXN00000661,CLI001105,2023-09-01,ESTORNO,-1645.83,02,BA-CORE-01,BR,BR-8211516617,False,Brasil,0.05,False,False,0.3617653349100549
TXN00000662,CLI000635,2023-10-30,AJUSTE,2099.59,10,BA-CORE-01,BR,BR-9370133343,False,Brasil,0.05,False,False,0.26579579036014245
TXN00000663,CLI000533,2023-09-04,ESTORNO,-1898.05,00,MG-CORE-01,BR,BR-6892752604,False,Brasil,0.05,False,False,-0.9578418935183103
TXN00000664,CLI000961,2023-06-05,AJUSTE,56.73,01,RJ-CORE-01,BR,BR-4277422858,False,Brasil,0.05,False,False,-1.1135237140496306
TXN00000665,CLI000882,2023-12-19,FATURA,3228.87,10,RJ-CORE-01,BR,BR-3464975279,False,Brasil,0.05,False,False,0.8599743632492329
TXN00000666,CLI001149,2023-11-02,ESTORNO,-824.63,00,BA-CORE-01,BR,BR-7568980185,False,Brasil,0.05,False,False,-1.4076061814132281
TXN00000667,CLI000539,2023-07-22,PAGAMENTO,889.64,10,MG-CORE-01,BR,BR-7004510516,False,Brasil,0.05,False,False,0.23437372011217922
TXN00000668,CLI000551,2023-08-05,FATURA,2196.12,02,RJ-CORE-01,BR,BR-8084809436,False,Brasil,0.05,False,False,0.30379130267022686
TXN00000669,CLI000227,2023-04-07,PAGAMENTO,2990.12,01,SP-CORE-02,BR,BR-1487258103,False,Brasil,0.05,False,False,1.4528617726927526
TXN00000670,CLI000040,2023-11-13,PAGAMENTO,1595.63,10,SP-CORE-02,BR,BR-4159699467,False,Brasil,0.05,False,False,-0.7344330608072519
TXN00000671,CLI000578,2023-01-26,AJUSTE,3394.61,00,SP-CORE-02,BR,BR-3412365931,False,Brasil,0.05,False,False,0.8571266003193295
TXN00000672,CLI001011,2023-03-06,ESTORNO,-2508.88,00,SP-CORE-02,BR,BR-2916728422,False,Brasil,0.05,False,False,-1.984188000854846
TXN00000673,CLI000065,2023-06-25,AJUSTE,1482.45,10,RJ-CORE-01,BR,BR-3109688769,False,Brasil,0.05,False,False,1.1002333496756773
TXN00000674,CLI000147,2023-02-11,ESTORNO,2955.54,01,SP-CORE-01,BR,BR-1526723719,False,Brasil,0.05,False,False,0.7462099882050873
TXN00000675,CLI000250,2023-04-03,PAGAMENTO,688.83,02,MG-CORE-01,BR,BR-4662861038,False,Brasil,0.05,False,False,-0.792522700125019
TXN00000676,CLI000408,2023-07-17,AJUSTE,2703.86,10,SP-CORE-02,BR,BR-2941508568,False,Brasil,0.05,False,False,1.1095842326451544
TXN00000677,CLI000640,2023-02-18,PAGAMENTO,1833.56,01,MG-CORE-01,BR,BR-9868845806,False,Brasil,0.05,False,False,0.23723138946933772
TXN00000678,CLI000986,2023-03-23,ESTORNO,-2209.49,00,BA-CORE-01,BR,BR-7623575561,False,Brasil,0.05,False,False,-0.7071067811865476
TXN00000679,CLI000890,2023-04-12,ESTORNO,-1274.28,00,SP-CORE-02,BR,BR-9123207735,False,Brasil,0.05,False,False,-1.4834946045382742
TXN00000680,CLI000498,2023-01-08,ESTORNO,-602.41,02,BA-CORE-01,BR,BR-4656572173,False,Brasil,0.05,False,False,-1.0013957552085844
TXN00000681,CLI000761,2023-01-22,FATURA,2042.15,10,BA-CORE-01,BR,BR-3738900744,False,Brasil,0.05,False,False,1.4050106281055406
TXN00000682,CLI000123,2023-05-08,FATURA,568.79,00,BA-CORE-01,BR,BR-8703867299,False,Brasil,0.05,False,False,0.20918679834435247
TXN00000683,CLI000477,2023-07-02,FATURA,2263.12,00,SP-CORE-02,BR,BR-3185089287,False,Brasil,0.05,False,False,0.37608738891016574
TXN00000684,CLI000774,2023-10-13,ESTORNO,-2764.2,02,MG-CORE-01,BR,BR-1596471620,False,Brasil,0.05,False,False,0.3850509033151851
TXN00000685,CLI001112,2023-03-10,ESTORNO,892.42,00,MG-CORE-01,BR,BR-8689593739,False,Brasil,0.05,False,False,-1.1510918214909478
TXN00000686,CLI000564,2023-04-08,PAGAMENTO,1992.12,02,RJ-CORE-01,BR,BR-5407856339,False,Brasil,0.05,False,False,0.9242263990356788
TXN00000687,CLI001110,2023-02-05,AJUSTE,1868.36,10,RJ-CORE-01,BR,BR-6879428703,False,Brasil,0.05,False,False,0.5415582805730287
TXN00000688,CLI000746,2023-08-21,ESTORNO,22.51,10,SP-CORE-02,BR,BR-3369305560,False,Brasil,0.05,False,False,-0.617597560011175
TXN00000689,CLI001019,2023-06-14,AJUSTE,2529.09,10,SP-CORE-02,BR,BR-1370292681,False,Brasil,0.05,False,False,0.5713571912593907
TXN00000690,CLI000198,2023-11-10,AJUSTE,1005.29,10,RJ-CORE-01,BR,BR-6623360831,False,Brasil,0.05,False,False,0.7071067811865476
TXN00000691,CLI000414,2023-01-23,FATURA,2926.47,01,SP-CORE-02,BR,BR-8382488970,False,Brasil,0.05,False,False,0.7552250302474446
TXN00000692,CLI001004,2023-09-06,FATURA,686.83,00,BA-CORE-01,BR,BR-7552812957,False,Brasil,0.05,False,False,0.36789857555012395
TXN00000693,CLI000164,2023-01-26,ESTORNO,1294.91,00,SP-CORE-01,BR,BR-8598503901,False,Brasil,0.05,False,False,0.09642468751905467
TXN00000694,CLI000545,2023-11-24,PAGAMENTO,231.24,10,RJ-CORE-01,BR,BR-1316756902,False,Brasil,0.05,False,False,0.02942102909196296
TXN00000695,CLI000199,2023-02-06,FATURA,2923.91,00,SP-CORE-02,BR,BR-9471306442,False,Brasil,0.05,False,False,0.7071067811865476
TXN00000696,CLI000510,2023-04-29,FATURA,1870.18,01,SP-CORE-02,BR,BR-3758823240,False,Brasil,0.05,False,False,-1.378013025642872
TXN00000697,CLI000734,2023-10-13,AJUSTE,2627.2,10,SP-CORE-01,BR,BR-7227593033,False,Brasil,0.05,False,False,0.027128637305896985
TXN00000698,CLI001127,2023-12-26,PAGAMENTO,2335.04,00,SP-CORE-02,BR,BR-2479679716,False,Brasil,0.05,False,False,0.028150586457861143
TXN00000699,CLI000908,2023-09-16,PAGAMENTO,1194.54,01,BA-CORE-01,BR,BR-5150074940,False,Brasil,0.05,False,False,-0.6070559678082862
TXN00000700,CLI000882,2023-06-11,ESTORNO,1934.28,02,RJ-CORE-01,BR,BR-5952163720,False,Brasil,0.05,False,False,-0.6545357367435325
TXN00000701,CLI000521,2023-11-08,ESTORNO,857.71,01,MG-CORE-01,BR,BR-1707196784,False,Brasil,0.05,False,False,0.006802305172860982
TXN00000702,CLI000034,2023-08-20,ESTORNO,1577.3,10,SP-CORE-01,BR,BR-4046558332,False,Brasil,0.05,False,False,-0.37529915618945914
TXN00000703,CLI000045,2023-06-04,AJUSTE,42.86,01,SP-CORE-02,BR,BR-9138644862,False,Brasil,0.05,False,False,-0.966277720504571
TXN00000704,CLI000320,2023-10-11,ESTORNO,-1799.22,01,SP-CORE-01,BR,BR-4633257620,False,Brasil,0.05,False,False,0.4252804568139653
TXN00000705,CLI000616,2023-05-16,AJUSTE,1297.45,01,SP-CORE-02,BR,BR-2076341629,False,Brasil,0.05,False,False,0.31028425565779866
TXN00000706,CLI000989,2023-10-20,FATURA,1411.3,01,SP-CORE-01,BR,BR-7660813178,False,Brasil,0.05,False,False,0.8296811407015153
TXN00000707,CLI000077,2023-09-07,AJUSTE,2893.45,00,BA-CORE-01,BR,BR-3291270703,False,Brasil,0.05,False,False,1.1532023384307364
TXN00000708,CLI000854,2023-02-10,PAGAMENTO,2734.82,02,RJ-CORE-01,BR,BR-1662259333,False,Brasil,0.05,False,False,0.5438445973005814
TXN00000709,CLI000625,2023-04-27,FATURA,2621.92,00,MG-CORE-01,BR,BR-7894019119,False,Brasil,0.05,False,False,0.9833536449053281
TXN00000710,CLI000453,2023-06-13,FATURA,1898.96,01,RJ-CORE-01,BR,BR-3420721027,False,Brasil,0.05,False,False,1.0263393920881831
TXN00000711,CLI001179,2023-01-26,AJUSTE,2364.25,10,MG-CORE-01,BR,BR-1121863227,False,Brasil,0.05,False,False,-0.07392962153525917
TXN00000712,CLI000689,2023-04-24,FATURA,1523.14,10,SP-CORE-02,BR,BR-7772180882,False,Brasil,0.05,False,False,0.5696317389085946
TXN00000713,CLI000175,2023-09-01,FATURA,291433.02,9A,SANTOS-PORT-07,PA,OFFSHORE-677359UG,True,Panamá,0.9,True,True,2.474680102154246
TXN00000714,CLI001146,2023-09-14,PAGAMENTO,1532.03,01,SP-CORE-02,BR,BR-5912019621,False,Brasil,0.05,False,False,-0.5994911918529238
TXN00000715,CLI001074,2023-09-07,AJUSTE,1395.71,01,BA-CORE-01,BR,BR-2712474804,False,Brasil,0.05,False,False,0.2016031611624535
TXN00000716,CLI000184,2023-05-05,AJUSTE,269.32,10,RJ-CORE-01,BR,BR-8561998560,False,Brasil,0.05,False,False,-1.0593981050978496
TXN00000717,CLI000657,2023-12-10,FATURA,1459.27,02,RJ-CORE-01,BR,BR-5751023835,False,Brasil,0.05,False,False,-0.32982640861311996
TXN00000718,CLI000906,2023-11-01,ESTORNO,2300.83,02,SP-CORE-02,BR,BR-6333223513,False,Brasil,0.05,False,False,-0.1685367194532562
TXN00000719,CLI000320,2023-08-14,AJUSTE,176.17,01,SP-CORE-02,BR,BR-5821194895,False,Brasil,0.05,False,False,0.44436966095496777
TXN00000720,CLI000590,2023-02-27,FATURA,2593.74,01,BA-CORE-01,BR,BR-2931000173,False,Brasil,0.05,False,False,0.8451085128834537
TXN00000721,CLI000965,2023-06-25,FATURA,2434.41,00,RJ-CORE-01,BR,BR-1605064858,False,Brasil,0.05,False,False,0.7382281140677669
TXN00000722,CLI001072,2023-06-19,FATURA,747.35,01,SP-CORE-02,BR,BR-5512315375,False,Brasil,0.05,False,False,-0.9861294190662419
TXN00000723,CLI001079,2023-10-08,ESTORNO,1700.93,01,SP-CORE-01,BR,BR-9355364489,False,Brasil,0.05,False,False,0.22380335171849963
TXN00000724,CLI000556,2023-05-11,FATURA,612.71,02,SP-CORE-02,BR,BR-2795875043,False,Brasil,0.05,False,False,-0.9454252432336161
TXN00000725,CLI000556,2023-08-27,FATURA,2298.56,00,SP-CORE-01,BR,BR-4875395503,False,Brasil,0.05,False,False,0.8760461469127118
TXN00000726,CLI000204,2023-02-25,ESTORNO,86.39,10,SP-CORE-02,BR,BR-8788828039,False,Brasil,0.05,False,False,-1.4414940074926663
TXN00000727,CLI000938,2023-09-06,ESTORNO,3036.37,00,SP-CORE-02,BR,BR-8392190335,False,Brasil,0.05,False,False,1.218108869814954
TXN00000728,CLI000806,2023-01-21,FATURA,880.92,02,RJ-CORE-01,BR,BR-5979337757,False,Brasil,0.05,False,False,0.27606003196937645
TXN00000729,CLI000484,2023-01-10,AJUSTE,1226.79,02,RJ-CORE-01,BR,BR-7299922974,False,Brasil,0.05,False,False,-0.5292836554785962
TXN00000730,CLI000462,2023-02-01,ESTORNO,2197.76,10,SP-CORE-01,BR,BR-9070568519,False,Brasil,0.05,False,False,0.5479606574329159
TXN00000731,CLI001067,2023-06-24,AJUSTE,3142.17,01,SP-CORE-01,BR,BR-3136189070,False,Brasil,0.05,False,False,1.0177863119260395
TXN00000732,CLI000675,2023-08-02,AJUSTE,856.46,01,MG-CORE-01,BR,BR-2033921654,False,Brasil,0.05,False,False,-1.422622772732515
TXN00000733,CLI000415,2023-10-05,PAGAMENTO,478.57,01,BA-CORE-01,BR,BR-7800411181,False,Brasil,0.05,False,False,-1.1016786816869597
TXN00000734,CLI001157,2023-06-08,AJUSTE,2416.09,01,MG-CORE-01,BR,BR-1208985103,False,Brasil,0.05,False,False,0.7048118767821829
TXN00000735,CLI000299,2023-06-12,AJUSTE,255.99,00,SP-CORE-02,BR,BR-6503383556,False,Brasil,0.05,False,False,-1.4767078896802721
TXN00000736,CLI000908,2023-06-13,FATURA,3082.86,10,MG-CORE-01,BR,BR-8183421297,False,Brasil,0.05,False,False,1.184225933091655
TXN00000737,CLI000547,2023-03-19,ESTORNO,-2731.3,00,SP-CORE-02,BR,BR-5756663747,False,Brasil,0.05,False,False,-1.7568757280814566
TXN00000738,CLI000977,2023-11-02,AJUSTE,828.0,00,RJ-CORE-01,BR,BR-7026930365,False,Brasil,0.05,False,False,-0.5738632286705521
TXN00000739,CLI000794,2023-09-15,AJUSTE,2964.56,10,RJ-CORE-01,BR,BR-5489281916,False,Brasil,0.05,False,False,0.7071067811865476
TXN00000740,CLI000837,2023-08-31,PAGAMENTO,498.54,01,SP-CORE-02,BR,BR-9809655189,False,Brasil,0.05,False,False,-0.87003686500111
TXN00000741,CLI000136,2023-05-19,FATURA,3326.69,01,SP-CORE-02,BR,BR-3412985084,False,Brasil,0.05,False,False,-0.3211347943901685
TXN00000742,CLI000506,2023-08-13,AJUSTE,3037.61,10,RJ-CORE-01,BR,BR-2239534867,False,Brasil,0.05,False,False,0.7824668092852497
TXN00000743,CLI001172,2023-07-27,PAGAMENTO,2721.23,10,RJ-CORE-01,BR,BR-7656585531,False,Brasil,0.05,False,False,0.2475163328915541
TXN00000744,CLI001063,2023-09-24,FATURA,400.42,10,SP-CORE-01,BR,BR-3624410325,False,Brasil,0.05,False,False,0.36528415078841714
TXN00000745,CLI000901,2023-01-21,PAGAMENTO,1960.8,00,SP-CORE-02,BR,BR-5710211115,False,Brasil,0.05,False,False,-0.1522209490173616
TXN00000746,CLI000866,2023-06-05,PAGAMENTO,2712.4,02,MG-CORE-01,BR,BR-9533188043,False,Brasil,0.05,False,False,0.48102590064887263
TXN00000747,CLI001026,2023-11-10,ESTORNO,-3218.23,01,MG-CORE-01,BR,BR-1619623590,False,Brasil,0.05,False,False,-1.7923981802381848
TXN00000748,CLI000663,2023-04-03,FATURA,2729.98,01,MG-CORE-01,BR,BR-1172893522,False,Brasil,0.05,False,False,0.7014149826108695
TXN00000749,CLI000513,2023-01-13,PAGAMENTO,642.5,01,MG-CORE-01,BR,BR-1167134213,False,Brasil,0.05,False,False,-0.4120726220471187
TXN00000750,CLI000921,2023-12-21,ESTORNO,-2277.05,01,SP-CORE-01,BR,BR-8359820939,False,Brasil,0.05,False,False,-0.6306284560370451
TXN00000751,CLI000776,2023-02-13,ESTORNO,1842.88,10,BA-CORE-01,BR,BR-8747974356,False,Brasil,0.05,False,False,0.7071067811865475
TXN00000752,CLI000333,2023-01-23,PAGAMENTO,2693.55,02,BA-CORE-01,BR,BR-7525484303,False,Brasil,0.05,False,False,0.4050980270767602
TXN00000753,CLI000634,2023-04-02,AJUSTE,2696.67,00,MG-CORE-01,BR,BR-5895322075,False,Brasil,0.05,False,False,1.2181097944084458
TXN00000754,CLI000008,2023-05-28,PAGAMENTO,2200.06,00,SP-CORE-02,BR,BR-2368076065,False,Brasil,0.05,False,False,1.4274344570337094
TXN00000755,CLI001011,2023-01-07,ESTORNO,1616.08,10,BA-CORE-01,BR,BR-8913915028,False,Brasil,0.05,False,False,0.41984191263589166
TXN00000756,CLI000905,2023-04-22,AJUSTE,2069.24,10,MG-CORE-01,BR,BR-7844995269,False,Brasil,0.05,False,False,0.7071067811865474
TXN00000757,CLI001142,2023-11-04,FATURA,2108.36,01,BA-CORE-01,BR,BR-7712708591,False,Brasil,0.05,False,False,1.1040981931814837
TXN00000758,CLI000298,2023-01-26,AJUSTE,663.24,00,RJ-CORE-01,BR,BR-5366422491,False,Brasil,0.05,False,False,0.3583800720572449
TXN00000759,CLI000101,2023-12-08,FATURA,2031.76,02,RJ-CORE-01,BR,BR-3702653209,False,Brasil,0.05,False,False,1.3044447782921695
TXN00000760,CLI001173,2023-08-02,FATURA,-447682.02,9A,SANTOS-PORT-07,PA,OFFSHORE-075626TP,True,Panamá,0.9,True,True,-1.788833079162773
TXN00000761,CLI000613,2023-08-22,AJUSTE,2627.69,02,SP-CORE-01,BR,BR-3965676060,False,Brasil,0.05,False,False,0.3114751500232935
TXN00000762,CLI000965,2023-07-08,ESTORNO,-3143.4,00,MG-CORE-01,BR,BR-9248574674,False,Brasil,0.05,False,False,-2.1549286100429765
TXN00000763,CLI000848,2023-03-04,AJUSTE,2437.28,02,RJ-CORE-01,BR,BR-9857430687,False,Brasil,0.05,False,False,1.0578156224798685
TXN00000764,CLI001084,2023-12-23,AJUSTE,747.5,00,SP-CORE-01,BR,BR-8139209752,False,Brasil,0.05,False,False,-0.1992363919602442
TXN00000765,CLI000649,2023-09-05,FATURA,2539.78,02,MG-CORE-01,BR,BR-7551874474,False,Brasil,0.05,False,False,0.5342514413632726
TXN00000766,CLI001065,2023-09-27,ESTORNO,2021.5,02,SP-CORE-02,BR,BR-6038780151,False,Brasil,0.05,False,False,-0.3250066150287234
TXN00000767,CLI000004,2023-09-10,PAGAMENTO,2831.77,01,RJ-CORE-01,BR,BR-8272725281,False,Brasil,0.05,False,False,0.0
TXN00000768,CLI000850,2023-01-13,FATURA,252007.68,9A,SANTOS-PORT-07,PA,OFFSHORE-986652TP,True,Panamá,0.9,True,True,1.788819468354001
TXN00000769,CLI000577,2023-01-24,PAGAMENTO,1181.6,01,SP-CORE-01,BR,BR-2247484671,False,Brasil,0.05,False,False,1.0283242508998933
TXN00000770,CLI000700,2023-02-04,ESTORNO,1091.05,02,SP-CORE-01,BR,BR-4067213499,False,Brasil,0.05,False,False,-0.585380456127853
TXN00000771,CLI000677,2023-10-19,PAGAMENTO,2163.66,00,SP-CORE-02,BR,BR-3057629778,False,Brasil,0.05,False,False,0.7071067811865442
TXN00000772,CLI000944,2023-12-11,ESTORNO,-1687.3,10,SP-CORE-01,BR,BR-7608141858,False,Brasil,0.05,False,False,-1.1729837705678978
TXN00000773,CLI000647,2023-08-25,ESTORNO,-2748.28,10,SP-CORE-01,BR,BR-8285000265,False,Brasil,0.05,False,False,-0.7809230485797929
TXN00000774,CLI000306,2023-04-17,FATURA,2029.34,02,RJ-CORE-01,BR,BR-1589582865,False,Brasil,0.05,False,False,1.1369777202441265
TXN00000775,CLI000798,2023-01-16,ESTORNO,1200.25,10,BA-CORE-01,BR,BR-3520417815,False,Brasil,0.05,False,False,-0.6473925277912571
TXN00000776,CLI000557,2023-11-01,AJUSTE,426.62,02,RJ-CORE-01,BR,BR-2041349374,False,Brasil,0.05,False,False,0.32088064515797377
TXN00000777,CLI000620,2023-02-14,PAGAMENTO,1749.75,01,RJ-CORE-01,BR,BR-3280805846,False,Brasil,0.05,False,False,0.17610882671240355
TXN00000778,CLI000414,2023-09-26,AJUSTE,1072.07,00,RJ-CORE-01,BR,BR-3739951076,False,Brasil,0.05,False,False,-0.011636914979884023
TXN00000779,CLI000390,2023-08-16,FATURA,1780.86,10,BA-CORE-01,BR,BR-1225447588,False,Brasil,0.05,False,False,-0.5539756110118961
TXN00000780,CLI000202,2023-09-05,ESTORNO,2568.89,02,RJ-CORE-01,BR,BR-7070083150,False,Brasil,0.05,False,False,0.358004038738981
TXN00000781,CLI000238,2023-04-16,AJUSTE,2541.51,10,MG-CORE-01,BR,BR-8375996697,False,Brasil,0.05,False,False,0.6863254503529564
TXN00000782,CLI000095,2023-06-09,FATURA,3264.53,00,RJ-CORE-01,BR,BR-4310415016,False,Brasil,0.05,False,False,0.9306352269711868
TXN00000783,CLI000640,2023-09-24,FATURA,2686.31,02,SP-CORE-01,BR,BR-4990452762,False,Brasil,0.05,False,False,1.105192999774993
TXN00000784,CLI000654,2023-06-14,AJUSTE,717.93,02,RJ-CORE-01,BR,BR-9067664957,False,Brasil,0.05,False,False,-1.171661950141908
TXN00000785,CLI000235,2023-12-10,PAGAMENTO,429.42,01,SP-CORE-02,BR,BR-9434946584,False,Brasil,0.05,False,False,-1.121000828004077
TXN00000786,CLI000718,2023-11-15,FATURA,1967.5,00,SP-CORE-02,BR,BR-6674372082,False,Brasil,0.05,False,False,0.5625002694998227
TXN00000787,CLI000638,2023-05-19,ESTORNO,-512.62,02,BA-CORE-01,BR,BR-3774110439,False,Brasil,0.05,False,False,-1.1723511640554225
TXN00000788,CLI000104,2023-10-04,ESTORNO,1563.89,01,SP-CORE-01,BR,BR-9974165440,False,Brasil,0.05,False,False,-0.8133098221682968
TXN00000789,CLI000914,2023-07-16,FATURA,207.22,10,MG-CORE-01,BR,BR-3465883999,False,Brasil,0.05,False,False,-0.3913464874086298
TXN00000790,CLI000954,2023-06-09,ESTORNO,1176.52,01,BA-CORE-01,BR,BR-5022964382,False,Brasil,0.05,False,False,-0.20962275093046237
TXN00000791,CLI000636,2023-02-17,AJUSTE,2848.72,10,SP-CORE-01,BR,BR-6046864799,False,Brasil,0.05,False,False,0.0
TXN00000792,CLI000529,2023-08-29,PAGAMENTO,826.3,01,SP-CORE-02,BR,BR-4949801453,False,Brasil,0.05,False,False,-0.6173299841437853
TXN00000793,CLI000062,2023-07-20,ESTORNO,-147840.64,4F,SANTOS-PORT-07,LU,OFFSHORE-743152MZ,True,Luxemburgo,0.8,True,True,-1.154698164658001
TXN00000794,CLI000579,2023-09-01,FATURA,412.85,10,MG-CORE-01,BR,BR-8435100486,False,Brasil,0.05,False,False,-1.2286107362532626
TXN00000795,CLI000146,2023-11-06,ESTORNO,-2019.88,00,MG-CORE-01,BR,BR-8079331637,False,Brasil,0.05,False,False,-0.972713137661669
TXN00000796,CLI000326,2023-09-30,ESTORNO,-1624.19,10,SP-CORE-02,BR,BR-4086355679,False,Brasil,0.05,False,False,-1.1440803203163372
TXN00000797,CLI000892,2023-07-16,PAGAMENTO,249.89,01,BA-CORE-01,BR,BR-9650425740,False,Brasil,0.05,False,False,-0.5360517752495499
TXN00000798,CLI000235,2023-10-06,ESTORNO,2435.58,01,SP-CORE-01,BR,BR-1829621429,False,Brasil,0.05,False,False,0.5055847262186721
TXN00000799,CLI000832,2023-06-16,PAGAMENTO,1951.71,10,SP-CORE-02,BR,BR-2408434291,False,Brasil,0.05,False,False,0.2868824900801844
TXN00000800,CLI000126,2023-11-03,FATURA,398.43,10,RJ-CORE-01,BR,BR-1409675904,False,Brasil,0.05,False,False,-0.23702859408093588
TXN00000801,CLI000928,2023-04-22,FATURA,2863.28,00,SP-CORE-02,BR,BR-5216305802,False,Brasil,0.05,False,False,0.0
TXN00000802,CLI000649,2023-07-19,ESTORNO,2162.19,10,SP-CORE-02,BR,BR-7345617046,False,Brasil,0.05,False,False,0.18387470970667727
TXN00000803,CLI001194,2023-10-19,ESTORNO,2784.33,02,MG-CORE-01,BR,BR-5019339446,False,Brasil,0.05,False,False,0.7071067811865476
TXN00000804,CLI000128,2023-11-10,FATURA,3452.75,10,SP-CORE-02,BR,BR-5324302451,False,Brasil,0.05,False,False,0.8227370699783706
TXN00000805,CLI000578,2023-10-09,ESTORNO,-3388.29,00,BA-CORE-01,BR,BR-2647439475,False,Brasil,0.05,False,False,-1.9197725600579636
TXN00000806,CLI000832,2023-05-01,FATURA,1522.37,10,RJ-CORE-01,BR,BR-6710697191,False,Brasil,0.05,False,False,-0.059084356635537176
TXN00000807,CLI000386,2023-08-11,PAGAMENTO,1917.01,01,MG-CORE-01,BR,BR-3460489491,False,Brasil,0.05,False,False,0.5497307078667161
TXN00000808,CLI000276,2023-07-04,PAGAMENTO,2943.07,01,RJ-CORE-01,BR,BR-2014911848,False,Brasil,0.05,False,False,0.583769140175803
TXN00000809,CLI000279,2023-02-06,FATURA,2276.39,01,MG-CORE-01,BR,BR-3868119543,False,Brasil,0.05,False,False,0.1882102254518526
TXN00000810,CLI000872,2023-03-12,FATURA,2255.01,10,MG-CORE-01,BR,BR-7293823553,False,Brasil,0.05,False,False,1.2665060779311275
TXN00000811,CLI000463,2023-08-21,AJUSTE,1792.76,10,MG-CORE-01,BR,BR-5980945846,False,Brasil,0.05,False,False,-0.3225743969381436
TXN00000812,CLI000552,2023-08-06,AJUSTE,2123.91,10,SP-CORE-02,BR,BR-8601409432,False,Brasil,0.05,False,False,-0.2660171956327876
TXN00000813,CLI000990,2023-10-07,PAGAMENTO,2025.71,00,SP-CORE-01,BR,BR-3964774623,False,Brasil,0.05,False,False,0.7484696484571604
TXN00000814,CLI000573,2023-02-27,ESTORNO,2039.34,00,SP-CORE-02,BR,BR-9334966533,False,Brasil,0.05,False,False,0.5007699303031541
TXN00000815,CLI000160,2023-09-22,PAGAMENTO,292.26,00,SP-CORE-02,BR,BR-1948540266,False,Brasil,0.05,False,False,-0.20708454816795158
TXN00000816,CLI001050,2023-11-10,ESTORNO,-203.65,02,BA-CORE-01,BR,BR-5111832212,False,Brasil,0.05,False,False,-0.34432967693927874
TXN00000817,CLI000593,2023-10-21,PAGAMENTO,2573.67,10,RJ-CORE-01,BR,BR-3053775623,False,Brasil,0.05,False,False,0.7567960178348608
TXN00000818,CLI000126,2023-01-19,AJUSTE,2438.78,02,BA-CORE-01,BR,BR-6899673770,False,Brasil,0.05,False,False,1.432972874414095
TXN00000819,CLI000056,2023-10-24,PAGAMENTO,608.4,00,RJ-CORE-01,BR,BR-9215400091,False,Brasil,0.05,False,False,-0.43711035674382553
TXN00000820,CLI000576,2023-09-06,ESTORNO,-307.14,00,RJ-CORE-01,BR,BR-4545940090,False,Brasil,0.05,False,False,-0.796813912962735
TXN00000821,CLI000310,2023-05-12,ESTORNO,69.43,00,BA-CORE-01,BR,BR-4272162158,False,Brasil,0.05,False,False,-0.3211696569499102
TXN00000822,CLI000371,2023-07-09,PAGAMENTO,2831.29,02,SP-CORE-02,BR,BR-4381731378,False,Brasil,0.05,False,False,0.47886139295842894
TXN00000823,CLI001016,2023-06-25,FATURA,3444.57,01,BA-CORE-01,BR,BR-7552001193,False,Brasil,0.05,False,False,1.5515294696260427
TXN00000824,CLI001184,2023-07-16,PAGAMENTO,848.06,10,SP-CORE-02,BR,BR-2553854176,False,Brasil,0.05,False,False,-1.0333264905574007
TXN00000825,CLI000976,2023-01-28,ESTORNO,-2255.07,00,SP-CORE-01,BR,BR-1481933114,False,Brasil,0.05,False,False,-2.0860120043733326
TXN00000826,CLI000298,2023-09-01,ESTORNO,-2616.6,01,MG-CORE-01,BR,BR-3304937838,False,Brasil,0.05,False,False,-1.7734925620406843
TXN00000827,CLI001086,2023-01-07,PAGAMENTO,1025.0,10,MG-CORE-01,BR,BR-6001648993,False,Brasil,0.05,False,False,-0.7071067811865476
TXN00000828,CLI000559,2023-02-19,FATURA,419553.49,4F,SANTOS-PORT-07,LU,OFFSHORE-406403QO,True,Luxemburgo,0.8,True,True,2.0411418605718543
TXN00000829,CLI000496,2023-05-19,ESTORNO,-949.47,00,RJ-CORE-01,BR,BR-3483827971,False,Brasil,0.05,False,False,-0.6261906400885185
TXN00000830,CLI000022,2023-09-24,AJUSTE,1194.17,01,RJ-CORE-01,BR,BR-5489485517,False,Brasil,0.05,False,False,-0.6344463617466881
TXN00000831,CLI000914,2023-02-04,FATURA,61.63,00,BA-CORE-01,BR,BR-9863781331,False,Brasil,0.05,False,False,-0.4906781327364699
TXN00000832,CLI000189,2023-04-23,ESTORNO,-2543.87,02,SP-CORE-02,BR,BR-5269728610,False,Brasil,0.05,False,False,0.4810037067889907
TXN00000833,CLI000246,2023-11-01,FATURA,2304.99,01,BA-CORE-01,BR,BR-9305502799,False,Brasil,0.05,False,False,0.5315464345231752
TXN00000834,CLI000519,2023-11-06,FATURA,472.08,01,SP-CORE-01,BR,BR-5431267548,False,Brasil,0.05,False,False,-1.6291349332109744
TXN00000835,CLI000663,2023-08-28,ESTORNO,2318.46,00,MG-CORE-01,BR,BR-2756070122,False,Brasil,0.05,False,False,0.5231641703530844
TXN00000836,CLI000124,2023-03-24,ESTORNO,-2736.94,02,SP-CORE-01,BR,BR-4302709858,False,Brasil,0.05,False,False,-1.8869145049755383
TXN00000837,CLI000366,2023-05-16,ESTORNO,639.19,00,MG-CORE-01,BR,BR-7100408092,False,Brasil,0.05,False,False,1.1391134371472447
TXN00000838,CLI000218,2023-02-25,PAGAMENTO,133232.86,4F,SANTOS-PORT-07,KY,OFFSHORE-868633MO,True,Ilhas Cayman,0.95,True,True,1.7886198608338326
TXN00000839,CLI000514,2023-05-13,PAGAMENTO,379.44,00,SP-CORE-01,BR,BR-7273337794,False,Brasil,0.05,False,False,-0.09226583957925494
TXN00000840,CLI000078,2023-01-10,PAGAMENTO,411709.59,9A,SANTOS-PORT-07,PA,OFFSHORE-673830EI,True,Panamá,0.9,True,True,1.154698111652839
TXN00000841,CLI000008,2023-05-17,PAGAMENTO,547.59,02,MG-CORE-01,BR,BR-9561946187,False,Brasil,0.05,False,False,-0.7923828010434348
TXN00000842,CLI000007,2023-09-02,PAGAMENTO,1537.48,00,BA-CORE-01,BR,BR-7769342363,False,Brasil,0.05,False,False,-0.09768530736701923
TXN00000843,CLI001097,2023-12-19,PAGAMENTO,2866.56,10,SP-CORE-01,BR,BR-8809893329,False,Brasil,0.05,False,False,0.9804113257190775
TXN00000844,CLI000697,2023-06-20,ESTORNO,-2392.79,10,SP-CORE-01,BR,BR-6312462377,False,Brasil,0.05,False,False,-1.4156751403061287
TXN00000845,CLI001136,2023-08-24,FATURA,2666.38,02,SP-CORE-02,BR,BR-4763500857,False,Brasil,0.05,False,False,1.083380412590804
TXN00000846,CLI000736,2023-07-16,FATURA,2319.35,02,MG-CORE-01,BR,BR-3238756255,False,Brasil,0.05,False,False,0.7071067811865476
TXN00000847,CLI000074,2023-02-13,PAGAMENTO,3100.55,10,SP-CORE-02,BR,BR-7071194857,False,Brasil,0.05,False,False,0.6144959326386595
TXN00000848,CLI000130,2023-01-13,AJUSTE,2524.69,01,MG-CORE-01,BR,BR-2181777110,False,Brasil,0.05,False,False,0.7451537562918817
TXN00000849,CLI000692,2023-09-13,ESTORNO,-1878.11,10,SP-CORE-01,BR,BR-8210176888,False,Brasil,0.05,False,False,-1.3943436296895102
TXN00000850,CLI001187,2023-07-27,FATURA,431.29,10,BA-CORE-01,BR,BR-7682327733,False,Brasil,0.05,False,False,-1.4099223646116534
TXN00000851,CLI000966,2023-02-06,AJUSTE,148.33,01,MG-CORE-01,BR,BR-7547518979,False,Brasil,0.05,False,False,-0.5220582537736601
TXN00000852,CLI000103,2023-05-05,FATURA,2460.51,01,SP-CORE-01,BR,BR-8285589122,False,Brasil,0.05,False,False,0.34741349266175714
TXN00000853,CLI000218,2023-02-19,ESTORNO,1607.52,01,BA-CORE-01,BR,BR-2753459822,False,Brasil,0.05,False,False,-0.45881320063224335
TXN00000854,CLI000873,2023-09-12,FATURA,2090.52,01,SP-CORE-01,BR,BR-6582978573,False,Brasil,0.05,False,False,0.40061742263659905
TXN00000855,CLI000437,2023-12-14,ESTORNO,-1418.99,00,BA-CORE-01,BR,BR-7605351600,False,Brasil,0.05,False,False,-1.456250920424112
TXN00000856,CLI000290,2023-10-31,FATURA,623.6,00,SP-CORE-01,BR,BR-6262814762,False,Brasil,0.05,False,False,-1.1371386531355092
TXN00000857,CLI001192,2023-03-28,PAGAMENTO,2443.11,01,MG-CORE-01,BR,BR-9837427517,False,Brasil,0.05,False,False,1.0985844581288093
TXN00000858,CLI000998,2023-03-10,FATURA,367.89,10,SP-CORE-02,BR,BR-3276297510,False,Brasil,0.05,False,False,-1.8204739109310581
TXN00000859,CLI000853,2023-01-04,FATURA,45.14,00,BA-CORE-01,BR,BR-2668247132,False,Brasil,0.05,False,False,-1.5115449332443691
TXN00000860,CLI000923,2023-12-21,PAGAMENTO,461.59,01,RJ-CORE-01,BR,BR-2095197958,False,Brasil,0.05,False,False,-0.734400981874837
TXN00000861,CLI001024,2023-05-03,PAGAMENTO,3284.55,00,BA-CORE-01,BR,BR-2593765711,False,Brasil,0.05,False,False,1.107022215327578
TXN00000862,CLI000010,2023-11-18,FATURA,2896.16,02,RJ-CORE-01,BR,BR-4562272871,False,Brasil,0.05,False,False,1.0181389330234953
TXN00000863,CLI001106,2023-04-09,AJUSTE,428.93,00,BA-CORE-01,BR,BR-5516315438,False,Brasil,0.05,False,False,-0.0760050623258579
TXN00000864,CLI000397,2023-08-26,AJUSTE,2700.75,01,RJ-CORE-01,BR,BR-1312606333,False,Brasil,0.05,False,False,0.775702387613258
TXN00000865,CLI000328,2023-03-18,FATURA,2404.65,10,MG-CORE-01,BR,BR-6227046160,False,Brasil,0.05,False,False,0.6436283256022285
TXN00000866,CLI000515,2023-01-28,FATURA,2264.12,02,SP-CORE-02,BR,BR-9190643621,False,Brasil,0.05,False,False,0.7665143557381495
TXN00000867,CLI001101,2023-11-12,ESTORNO,2821.93,10,SP-CORE-01,BR,BR-4904100195,False,Brasil,0.05,False,False,0.6723632645921593
TXN00000868,CLI000146,2023-03-22,AJUSTE,2753.51,10,BA-CORE-01,BR,BR-4184611760,False,Brasil,0.05,False,False,1.025218205863286
TXN00000869,CLI000668,2023-08-16,AJUSTE,2082.62,02,MG-CORE-01,BR,BR-8534793156,False,Brasil,0.05,False,False,0.0
TXN00000870,CLI000410,2023-02-26,AJUSTE,1154.94,00,SP-CORE-02,BR,BR-4927495468,False,Brasil,0.05,False,False,-1.1069366657124182
TXN00000871,CLI000297,2023-04-23,PAGAMENTO,275.88,10,SP-CORE-01,BR,BR-4022663059,False,Brasil,0.05,False,False,-0.7071067811865477
TXN00000872,CLI000938,2023-11-09,AJUSTE,1603.37,10,RJ-CORE-01,BR,BR-6510697299,False,Brasil,0.05,False,False,0.40841038841657495
TXN00000873,CLI000261,2023-11-20,AJUSTE,1267.89,02,SP-CORE-02,BR,BR-8081204252,False,Brasil,0.05,False,False,0.0
TXN00000874,CLI000954,2023-12-21,FATURA,1998.96,02,SP-CORE-02,BR,BR-6619630925,False,Brasil,0.05,False,False,1.0881951900154092
TXN00000875,CLI000322,2023-08-03,PAGAMENTO,615.78,02,SP-CORE-02,BR,BR-9086615744,False,Brasil,0.05,False,False,-0.12691573217680907
TXN00000876,CLI001069,2023-10-23,AJUSTE,3396.07,01,SP-CORE-01,BR,BR-3001472250,False,Brasil,0.05,False,False,1.1472869451632703
TXN00000877,CLI000877,2023-04-21,PAGAMENTO,2078.7,10,RJ-CORE-01,BR,BR-8397709966,False,Brasil,0.05,False,False,0.14720150300401935
TXN00000878,CLI001175,2023-05-07,AJUSTE,1158.99,01,BA-CORE-01,BR,BR-6167393219,False,Brasil,0.05,False,False,-0.5985959523951387
TXN00000879,CLI000069,2023-08-02,FATURA,3431.04,00,MG-CORE-01,BR,BR-6638957137,False,Brasil,0.05,False,False,0.7071067811865477
TXN00000880,CLI000493,2023-09-29,PAGAMENTO,1392.23,00,MG-CORE-01,BR,BR-9786280935,False,Brasil,0.05,False,False,-0.24793940635610487
TXN00000881,CLI000735,2023-10-13,FATURA,2640.71,10,SP-CORE-02,BR,BR-4711216152,False,Brasil,0.05,False,False,0.7249142412869035
TXN00000882,CLI000332,2023-05-03,ESTORNO,2273.79,00,SP-CORE-01,BR,BR-4183654731,False,Brasil,0.05,False,False,0.9472605545048359
TXN00000883,CLI000284,2023-10-20,PAGAMENTO,2620.56,00,MG-CORE-01,BR,BR-5364631241,False,Brasil,0.05,False,False,0.9952060376637432
TXN00000884,CLI000145,2023-04-05,PAGAMENTO,2768.71,02,MG-CORE-01,BR,BR-8387395021,False,Brasil,0.05,False,False,0.579903777837832
TXN00000885,CLI000553,2023-12-20,PAGAMENTO,1178.51,00,RJ-CORE-01,BR,BR-2267841227,False,Brasil,0.05,False,False,-0.7541398844341768
TXN00000886,CLI000746,2023-12-17,AJUSTE,301.74,02,SP-CORE-01,BR,BR-6137604603,False,Brasil,0.05,False,False,1.1537425298500268
TXN00000887,CLI000749,2023-02-26,FATURA,1352.68,10,BA-CORE-01,BR,BR-6282889763,False,Brasil,0.05,False,False,-0.007673582329263349
TXN00000888,CLI000686,2023-03-31,ESTORNO,-2275.64,00,BA-CORE-01,BR,BR-6350369667,False,Brasil,0.05,False,False,-2.1685053316869567
TXN00000889,CLI000462,2023-10-04,AJUSTE,415.18,10,BA-CORE-01,BR,BR-6744794855,False,Brasil,0.05,False,False,-1.0495603962643147
TXN00000890,CLI000708,2023-06-30,ESTORNO,-3144.81,10,RJ-CORE-01,BR,BR-8471499716,False,Brasil,0.05,False,False,-2.397536754066507
TXN00000891,CLI001092,2023-09-06,PAGAMENTO,1765.05,00,MG-CORE-01,BR,BR-2979245480,False,Brasil,0.05,False,False,-0.8466465827952319
TXN00000892,CLI000801,2023-08-20,ESTORNO,-2180.91,00,SP-CORE-02,BR,BR-2512585138,False,Brasil,0.05,False,False,-0.3332828017590099
TXN00000893,CLI000566,2023-05-28,AJUSTE,3354.73,00,SP-CORE-01,BR,BR-7642365889,False,Brasil,0.05,False,False,1.2320415964126032
TXN00000894,CLI000047,2023-12-23,FATURA,534.88,01,SP-CORE-02,BR,BR-5111301175,False,Brasil,0.05,False,False,-0.04783378043645999
TXN00000895,CLI000044,2023-08-02,ESTORNO,-3394.12,01,MG-CORE-01,BR,BR-3250324141,False,Brasil,0.05,False,False,-1.3497517916880586
TXN00000896,CLI000703,2023-04-07,ESTORNO,-239.06,01,BA-CORE-01,BR,BR-5322385617,False,Brasil,0.05,False,False,0.3030681996327564
TXN00000897,CLI000628,2023-09-06,ESTORNO,2084.88,10,MG-CORE-01,BR,BR-3708842947,False,Brasil,0.05,False,False,0.3952646310683521
TXN00000898,CLI000304,2023-05-14,AJUSTE,809.2,02,RJ-CORE-01,BR,BR-9881854670,False,Brasil,0.05,False,False,0.7071067811865476
TXN00000899,CLI000585,2023-05-26,ESTORNO,1606.62,01,BA-CORE-01,BR,BR-1648667392,False,Brasil,0.05,False,False,-0.6601786694907984
TXN00000900,CLI000240,2023-03-31,AJUSTE,2940.87,01,SP-CORE-02,BR,BR-7253513875,False,Brasil,0.05,False,False,0.6513940022334024
TXN00000901,CLI000378,2023-06-12,FATURA,2019.35,10,RJ-CORE-01,BR,BR-9849565863,False,Brasil,0.05,False,False,0.7760891139026137
TXN00000902,CLI000764,2023-10-15,AJUSTE,2480.83,02,RJ-CORE-01,BR,BR-9215204939,False,Brasil,0.05,False,False,0.563506156068807
TXN00000903,CLI000829,2023-10-04,PAGAMENTO,3414.62,02,SP-CORE-01,BR,BR-8126571968,False,Brasil,0.05,False,False,-0.3379066911310633
TXN00000904,CLI001119,2023-03-16,PAGAMENTO,3318.31,02,SP-CORE-02,BR,BR-1067567428,False,Brasil,0.05,False,False,1.7518885488118352
TXN00000905,CLI001158,2023-11-28,ESTORNO,2474.97,10,RJ-CORE-01,BR,BR-2766685440,False,Brasil,0.05,False,False,0.7098717831359288
TXN00000906,CLI001129,2023-06-23,PAGAMENTO,2418.23,10,SP-CORE-01,BR,BR-9661772834,False,Brasil,0.05,False,False,-0.32080472599380017
TXN00000907,CLI000190,2023-06-07,FATURA,106.29,01,MG-CORE-01,BR,BR-8396761430,False,Brasil,0.05,False,False,-1.2300668693873262
TXN00000908,CLI000570,2023-01-29,ESTORNO,-2136.37,01,BA-CORE-01,BR,BR-2231317910,False,Brasil,0.05,False,False,-1.4424920299996074
TXN00000909,CLI000808,2023-01-12,AJUSTE,310.89,10,SP-CORE-01,BR,BR-1769945233,False,Brasil,0.05,False,False,-0.0451541556182708
TXN00000910,CLI000303,2023-09-09,AJUSTE,1125.8,00,RJ-CORE-01,BR,BR-4942989764,False,Brasil,0.05,False,False,-0.38296378396288916
TXN00000911,CLI000720,2023-07-09,PAGAMENTO,1363.67,00,RJ-CORE-01,BR,BR-3252218154,False,Brasil,0.05,False,False,-0.0032004313349590263
TXN00000912,CLI000852,2023-08-17,ESTORNO,3062.57,00,SP-CORE-02,BR,BR-2034953269,False,Brasil,0.05,False,False,0.47918370682740197
TXN00000913,CLI000286,2023-05-28,PAGAMENTO,140602.43,4F,SANTOS-PORT-07,PA,OFFSHORE-687002TQ,True,Panamá,0.9,True,True,2.6660771913892654
TXN00000914,CLI000136,2023-03-15,FATURA,743.09,10,BA-CORE-01,BR,BR-5650101484,False,Brasil,0.05,False,False,-0.40797131257118585
TXN00000915,CLI001139,2023-02-15,PAGAMENTO,43.03,02,MG-CORE-01,BR,BR-8925631115,False,Brasil,0.05,False,False,-0.45829518433513755
TXN00000916,CLI000782,2023-12-30,PAGAMENTO,1996.35,01,SP-CORE-02,BR,BR-5182609867,False,Brasil,0.05,False,False,0.20465392084776243
TXN00000917,CLI000950,2023-10-11,ESTORNO,-1727.24,02,BA-CORE-01,BR,BR-4947728706,False,Brasil,0.05,False,False,-1.8462949029587128
TXN00000918,CLI000968,2023-01-14,AJUSTE,2773.44,01,RJ-CORE-01,BR,BR-1986839603,False,Brasil,0.05,False,False,1.0078755384414795
TXN00000919,CLI001008,2023-12-01,FATURA,2337.38,02,MG-CORE-01,BR,BR-7729286656,False,Brasil,0.05,False,False,-0.7071067811865475
TXN00000920,CLI000741,2023-01-15,AJUSTE,435.35,02,MG-CORE-01,BR,BR-2164344392,False,Brasil,0.05,False,False,-0.5515500158702036
TXN00000921,CLI000765,2023-10-17,PAGAMENTO,1537.52,02,MG-CORE-01,BR,BR-4969233836,False,Brasil,0.05,False,False,0.37342534056622106
TXN00000922,CLI000945,2023-05-13,FATURA,586.71,00,SP-CORE-02,BR,BR-3826557688,False,Brasil,0.05,False,False,-1.8091125439905467
TXN00000923,CLI000730,2023-07-02,AJUSTE,588.31,02,RJ-CORE-01,BR,BR-8947526020,False,Brasil,0.05,False,False,0.1955751965673082
TXN00000924,CLI000376,2023-05-29,FATURA,1034.99,00,BA-CORE-01,BR,BR-8820716211,False,Brasil,0.05,False,False,-0.4947761779657552
TXN00000925,CLI000556,2023-11-03,FATURA,2639.15,02,RJ-CORE-01,BR,BR-4989487508,False,Brasil,0.05,False,False,1.2440355533070755
TXN00000926,CLI000577,2023-02-19,ESTORNO,-1879.78,02,SP-CORE-02,BR,BR-2285384455,False,Brasil,0.05,False,False,-0.9584072510204626
TXN00000927,CLI000453,2023-09-06,ESTORNO,-1453.74,01,SP-CORE-01,BR,BR-3422182038,False,Brasil,0.05,False,False,-1.568001284168404
TXN00000928,CLI000157,2023-10-14,AJUSTE,2154.73,00,MG-CORE-01,BR,BR-8943294720,False,Brasil,0.05,False,False,0.33898901738794973
TXN00000929,CLI000743,2023-03-09,FATURA,3233.47,10,RJ-CORE-01,BR,BR-7616665277,False,Brasil,0.05,False,False,-0.35712754842833816
TXN00000930,CLI000059,2023-08-15,AJUSTE,3116.25,02,SP-CORE-02,BR,BR-4177181331,False,Brasil,0.05,False,False,0.8692754825043263
TXN00000931,CLI000257,2023-04-24,FATURA,467.93,01,SP-CORE-02,BR,BR-9926778957,False,Brasil,0.05,False,False,-0.40795401997102215
TXN00000932,CLI000039,2023-03-08,AJUSTE,3434.26,10,SP-CORE-01,BR,BR-2485455239,False,Brasil,0.05,False,False,1.3218962330981883
TXN00000933,CLI000122,2023-08-09,PAGAMENTO,167.96,00,SP-CORE-01,BR,BR-5714524551,False,Brasil,0.05,False,False,-0.8463240892328143
TXN00000934,CLI000022,2023-03-02,PAGAMENTO,3181.68,00,SP-CORE-01,BR,BR-5621463184,False,Brasil,0.05,False,False,1.220881806240928
TXN00000935,CLI000379,2023-03-05,FATURA,3221.94,01,BA-CORE-01,BR,BR-7853087029,False,Brasil,0.05,False,False,0.5214801719107849
TXN00000936,CLI001026,2023-01-15,ESTORNO,-335.91,02,BA-CORE-01,BR,BR-2401777036,False,Brasil,0.05,False,False,-0.47724979447868376
TXN00000937,CLI001084,2023-09-16,AJUSTE,2004.42,00,BA-CORE-01,BR,BR-8018504635,False,Brasil,0.05,False,False,-0.19204455339731638
TXN00000938,CLI000203,2023-04-09,AJUSTE,3375.64,01,BA-CORE-01,BR,BR-7230065637,False,Brasil,0.05,False,False,1.3545937976619213
TXN00000939,CLI000380,2023-09-16,AJUSTE,2982.51,10,RJ-CORE-01,BR,BR-6274814220,False,Brasil,0.05,False,False,0.7392607202309398
TXN00000940,CLI000869,2023-12-11,PAGAMENTO,3352.96,01,RJ-CORE-01,BR,BR-6907413963,False,Brasil,0.05,False,False,1.32328463827647
TXN00000941,CLI000955,2023-09-21,AJUSTE,811.89,00,RJ-CORE-01,BR,BR-2632399901,False,Brasil,0.05,False,False,0.19239715332923182
TXN00000942,CLI000084,2023-09-24,FATURA,492.98,02,RJ-CORE-01,BR,BR-1315708805,False,Brasil,0.05,False,False,0.16209274840930968
TXN00000943,CLI000639,2023-06-17,FATURA,1738.12,10,RJ-CORE-01,BR,BR-2150931110,False,Brasil,0.05,False,False,-0.4903366681620234
TXN00000944,CLI000143,2023-04-26,PAGAMENTO,1947.63,02,MG-CORE-01,BR,BR-6968380957,False,Brasil,0.05,False,False,0.3252807702723834
TXN00000945,CLI000812,2023-12-14,PAGAMENTO,1298.7,00,MG-CORE-01,BR,BR-2549195708,False,Brasil,0.05,False,False,-0.26330916810402194
TXN00000946,CLI000809,2023-09-25,PAGAMENTO,2311.75,00,SP-CORE-01,BR,BR-1393077279,False,Brasil,0.05,False,False,0.34695448835283355
TXN00000947,CLI000745,2023-12-22,PAGAMENTO,2075.14,00,SP-CORE-02,BR,BR-9344950649,False,Brasil,0.05,False,False,0.6839715962937962
TXN00000948,CLI000870,2023-06-23,AJUSTE,716.92,10,SP-CORE-01,BR,BR-7205093305,False,Brasil,0.05,False,False,-0.7071067811865476
TXN00000949,CLI000975,2023-05-23,PAGAMENTO,2681.56,02,MG-CORE-01,BR,BR-8564925592,False,Brasil,0.05,False,False,0.15694440832576367
TXN00000950,CLI000251,2023-09-06,PAGAMENTO,1799.72,01,MG-CORE-01,BR,BR-1439080604,False,Brasil,0.05,False,False,1.136396987648914
TXN00000951,CLI000140,2023-09-08,ESTORNO,1750.51,01,SP-CORE-01,BR,BR-1374938761,False,Brasil,0.05,False,False,0.3664342486323268
TXN00000952,CLI000670,2023-12-14,PAGAMENTO,113.09,01,MG-CORE-01,BR,BR-7146010221,False,Brasil,0.05,False,False,-1.3219420622386109
TXN00000953,CLI001009,2023-06-05,AJUSTE,2184.44,00,SP-CORE-01,BR,BR-7495883972,False,Brasil,0.05,False,False,0.53691664852127
TXN00000954,CLI000536,2023-04-14,PAGAMENTO,1041.6,10,MG-CORE-01,BR,BR-1443639751,False,Brasil,0.05,False,False,-0.7071067811865475
TXN00000955,CLI000645,2023-10-04,ESTORNO,-1922.24,00,MG-CORE-01,BR,BR-5679877282,False,Brasil,0.05,False,False,-0.8986042482144283
TXN00000956,CLI000621,2023-08-15,PAGAMENTO,1619.6,00,SP-CORE-02,BR,BR-3380355948,False,Brasil,0.05,False,False,-1.5745648356147457
TXN00000957,CLI000225,2023-09-09,AJUSTE,1518.77,02,MG-CORE-01,BR,BR-8664105957,False,Brasil,0.05,False,False,0.7071067811865476
TXN00000958,CLI000321,2023-12-04,PAGAMENTO,1947.17,10,MG-CORE-01,BR,BR-9004608615,False,Brasil,0.05,False,False,1.0320211131884067
TXN00000959,CLI000583,2023-07-20,FATURA,936.6,10,BA-CORE-01,BR,BR-5347969846,False,Brasil,0.05,False,False,-0.48621357869588894
TXN00000960,CLI001196,2023-02-01,ESTORNO,-117.95,00,SP-CORE-02,BR,BR-7072268003,False,Brasil,0.05,False,False,-0.7071067811865476
TXN00000961,CLI000732,2023-11-17,FATURA,1207.57,00,MG-CORE-01,BR,BR-4346505855,False,Brasil,0.05,False,False,-0.42606758278126194
TXN00000962,CLI000640,2023-06-29,PAGAMENTO,216.44,01,SP-CORE-02,BR,BR-3238126936,False,Brasil,0.05,False,False,-1.4087352821899777
TXN00000963,CLI000348,2023-12-19,FATURA,247.94,02,SP-CORE-01,BR,BR-8238377072,False,Brasil,0.05,False,False,-0.08932002748942566
TXN00000964,CLI001055,2023-10-03,FATURA,1154.89,10,MG-CORE-01,BR,BR-1728004476,False,Brasil,0.05,False,False,-0.5078706470596586
TXN00000965,CLI000649,2023-05-17,PAGAMENTO,91.0,10,BA-CORE-01,BR,BR-6449965466,False,Brasil,0.05,False,False,-1.7380426685073207
TXN00000966,CLI000422,2023-10-20,PAGAMENTO,1378.25,00,MG-CORE-01,BR,BR-6447765697,False,Brasil,0.05,False,False,-0.19574625671497006
TXN00000967,CLI000893,2023-09-12,ESTORNO,-1769.63,02,SP-CORE-02,BR,BR-1626785308,False,Brasil,0.05,False,False,-0.7260350096479541
TXN00000968,CLI000589,2023-09-12,AJUSTE,2231.35,00,BA-CORE-01,BR,BR-6013117609,False,Brasil,0.05,False,False,0.671861922274737
TXN00000969,CLI000189,2023-01-25,ESTORNO,1054.67,10,SP-CORE-02,BR,BR-6480214504,False,Brasil,0.05,False,False,0.5055720620660623
TXN00000970,CLI000974,2023-10-31,FATURA,1192.2,00,BA-CORE-01,BR,BR-6582393412,False,Brasil,0.05,False,False,-0.7888083662617351
TXN00000971,CLI000615,2023-04-18,PAGAMENTO,1228.66,00,RJ-CORE-01,BR,BR-4361527572,False,Brasil,0.05,False,False,-0.022675040192609443
TXN00000972,CLI000515,2023-12-06,PAGAMENTO,1899.02,01,MG-CORE-01,BR,BR-6845987005,False,Brasil,0.05,False,False,0.5875090157745185
TXN00000973,CLI000383,2023-12-10,PAGAMENTO,2676.78,01,SP-CORE-01,BR,BR-5055403877,False,Brasil,0.05,False,False,0.6804798037093904
TXN00000974,CLI000889,2023-04-20,PAGAMENTO,2319.61,10,RJ-CORE-01,BR,BR-3648572296,False,Brasil,0.05,False,False,0.6186734752598195
TXN00000975,CLI000309,2023-09-25,FATURA,718.26,10,SP-CORE-02,BR,BR-2966500767,False,Brasil,0.05,False,False,-0.7933360599056514
TXN00000976,CLI000588,2023-08-11,ESTORNO,-1447.71,00,SP-CORE-02,BR,BR-5876890399,False,Brasil,0.05,False,False,-0.37428990639873616
TXN00000977,CLI000233,2023-05-12,AJUSTE,2410.26,01,MG-CORE-01,BR,BR-6994451417,False,Brasil,0.05,False,False,-0.15514650723436438
TXN00000978,CLI001147,2023-04-09,AJUSTE,116.41,02,MG-CORE-01,BR,BR-8998080862,False,Brasil,0.05,False,False,0.3586908985559134
TXN00000979,CLI000559,2023-08-05,PAGAMENTO,2271.29,00,SP-CORE-02,BR,BR-7185710340,False,Brasil,0.05,False,False,-0.4041677192794198
TXN00000980,CLI000087,2023-01-15,AJUSTE,919.22,02,BA-CORE-01,BR,BR-3552898167,False,Brasil,0.05,False,False,0.0995681041426622
TXN00000981,CLI000611,2023-01-11,PAGAMENTO,212.54,00,RJ-CORE-01,BR,BR-6585327015,False,Brasil,0.05,False,False,-0.7071067811865475
TXN00000982,CLI000484,2023-07-28,FATURA,3140.77,00,MG-CORE-01,BR,BR-3986257683,False,Brasil,0.05,False,False,1.212944257044889
TXN00000983,CLI001076,2023-10-20,FATURA,2575.99,00,BA-CORE-01,BR,BR-7352298473,False,Brasil,0.05,False,False,0.42159315094665845
TXN00000984,CLI000642,2023-09-12,ESTORNO,3098.29,01,BA-CORE-01,BR,BR-6665653122,False,Brasil,0.05,False,False,1.1244310776734505
TXN00000985,CLI000359,2023-10-27,ESTORNO,-2585.58,01,MG-CORE-01,BR,BR-8013262671,False,Brasil,0.05,False,False,-1.4308749573400694
TXN00000986,CLI001005,2023-05-21,AJUSTE,1549.37,02,BA-CORE-01,BR,BR-4358554365,False,Brasil,0.05,False,False,-0.41163505662889444
TXN00000987,CLI000505,2023-12-25,ESTORNO,-3321.51,02,BA-CORE-01,BR,BR-6694638039,False,Brasil,0.05,False,False,-1.4556063653825226
TXN00000988,CLI000072,2023-03-16,ESTORNO,1283.23,02,RJ-CORE-01,BR,BR-8670238355,False,Brasil,0.05,False,False,-1.1192267887348402
TXN00000989,CLI000788,2023-12-20,FATURA,3212.75,01,RJ-CORE-01,BR,BR-2567729816,False,Brasil,0.05,False,False,0.961682677179574
TXN00000990,CLI000907,2023-11-24,ESTORNO,3355.52,02,SP-CORE-01,BR,BR-8418324922,False,Brasil,0.05,False,False,1.0014150289425805
TXN00000991,CLI000185,2023-01-05,PAGAMENTO,3186.07,10,RJ-CORE-01,BR,BR-6195400294,False,Brasil,0.05,False,False,-0.9767955767568406
TXN00000992,CLI000833,2023-06-02,AJUSTE,752.14,01,MG-CORE-01,BR,BR-8721000527,False,Brasil,0.05,False,False,-0.23509144950213867
TXN00000993,CLI000682,2023-05-21,FATURA,3035.23,10,MG-CORE-01,BR,BR-8709662258,False,Brasil,0.05,False,False,0.7071067811865472
TXN00000994,CLI000721,2023-02-21,PAGAMENTO,2888.92,02,BA-CORE-01,BR,BR-8185384294,False,Brasil,0.05,False,False,1.3777552247382647
TXN00000995,CLI000107,2023-11-05,PAGAMENTO,2557.73,02,MG-CORE-01,BR,BR-2300656317,False,Brasil,0.05,False,False,0.6322872192119188
TXN00000996,CLI000410,2023-11-19,AJUSTE,1563.05,01,SP-CORE-01,BR,BR-2619163247,False,Brasil,0.05,False,False,-0.45402987324318744
TXN00000997,CLI000267,2023-06-10,ESTORNO,2023.82,00,SP-CORE-02,BR,BR-7863073642,False,Brasil,0.05,False,False,-0.5024586017735059
TXN00000998,CLI000671,2023-06-13,PAGAMENTO,1591.18,01,RJ-CORE-01,BR,BR-7795686304,False,Brasil,0.05,False,False,-0.38643018210047775
TXN00000999,CLI001169,2023-04-12,ESTORNO,313.71,02,SP-CORE-02,BR,BR-9454334062,False,Brasil,0.05,False,False,-0.9057950842467514
TXN00001000,CLI000407,2023-01-11,AJUSTE,3319.42,01,SP-CORE-01,BR,BR-4927323476,False,Brasil,0.05,False,False,0.9814631536105085
TXN00001001,CLI000533,2023-12-26,ESTORNO,-2984.37,00,MG-CORE-01,BR,BR-8149805821,False,Brasil,0.05,False,False,-1.4261759746044844
TXN00001002,CLI000029,2023-02-15,AJUSTE,3353.95,01,BA-CORE-01,BR,BR-3631431563,False,Brasil,0.05,False,False,0.946183436313939
TXN00001003,CLI000417,2023-08-21,PAGAMENTO,2898.86,10,SP-CORE-01,BR,BR-8072709948,False,Brasil,0.05,False,False,0.9310463969015074
TXN00001004,CLI000884,2023-05-17,AJUSTE,1022.11,10,MG-CORE-01,BR,BR-8714753670,False,Brasil,0.05,False,False,-0.20384621968732658
TXN00001005,CLI000370,2023-11-04,AJUSTE,770.17,02,SP-CORE-02,BR,BR-1455028401,False,Brasil,0.05,False,False,0.06984085625001367
TXN00001006,CLI000924,2023-03-16,PAGAMENTO,120.13,02,SP-CORE-02,BR,BR-5718479235,False,Brasil,0.05,False,False,-0.6017562968764644
TXN00001007,CLI000961,2023-07-09,AJUSTE,2048.5,10,SP-CORE-01,BR,BR-6244291385,False,Brasil,0.05,False,False,0.29209470060597
TXN00001008,CLI000867,2023-06-15,AJUSTE,3410.91,10,SP-CORE-02,BR,BR-6901798608,False,Brasil,0.05,False,False,0.9553886529444362
TXN00001009,CLI000965,2023-02-07,ESTORNO,351.57,00,SP-CORE-01,BR,BR-5942411853,False,Brasil,0.05,False,False,-0.3421210823456679
TXN00001010,CLI000781,2023-11-07,ESTORNO,3288.84,00,SP-CORE-01,BR,BR-5285100605,False,Brasil,0.05,False,False,1.053312400016964
TXN00001011,CLI000534,2023-07-22,ESTORNO,2355.99,01,BA-CORE-01,BR,BR-3073486033,False,Brasil,0.05,False,False,0.9427526627706482
TXN00001012,CLI000184,2023-09-15,AJUSTE,1735.08,02,MG-CORE-01,BR,BR-6563839027,False,Brasil,0.05,False,False,0.43349553442768746
TXN00001013,CLI000262,2023-12-30,ESTORNO,-1865.87,01,RJ-CORE-01,BR,BR-1368743555,False,Brasil,0.05,False,False,-1.447661831935206
TXN00001014,CLI000541,2023-05-24,PAGAMENTO,2622.43,10,RJ-CORE-01,BR,BR-4135973483,False,Brasil,0.05,False,False,0.8047371381330827
TXN00001015,CLI000902,2023-08-12,ESTORNO,3126.5,02,MG-CORE-01,BR,BR-6791027463,False,Brasil,0.05,False,False,0.8065497585168411
TXN00001016,CLI000964,2023-04-07,FATURA,537.2,01,SP-CORE-02,BR,BR-6768427475,False,Brasil,0.05,False,False,0.2468391769132799
TXN00001017,CLI000731,2023-03-25,ESTORNO,-2476.75,10,SP-CORE-01,BR,BR-4368413994,False,Brasil,0.05,False,False,-0.910479983872026
TXN00001018,CLI000192,2023-08-23,PAGAMENTO,1735.6,01,SP-CORE-01,BR,BR-7533138437,False,Brasil,0.05,False,False,0.24668276008594048
TXN00001019,CLI001154,2023-05-26,AJUSTE,648.68,01,BA-CORE-01,BR,BR-6790905673,False,Brasil,0.05,False,False,-1.0234106108567933
TXN00001020,CLI000370,2023-10-26,AJUSTE,3493.06,00,BA-CORE-01,BR,BR-5714255033,False,Brasil,0.05,False,False,1.3430853561617822
TXN00001021,CLI000054,2023-02-09,PAGAMENTO,876.63,10,SP-CORE-01,BR,BR-7238213207,False,Brasil,0.05,False,False,-0.5142262622903018
TXN00001022,CLI000218,2023-12-15,ESTORNO,3435.04,00,MG-CORE-01,BR,BR-5583478908,False,Brasil,0.05,False,False,-0.4276092632407769
TXN00001023,CLI000552,2023-03-20,ESTORNO,90683.57,4F,SANTOS-PORT-07,PA,OFFSHORE-266093BZ,True,Panamá,0.9,True,True,3.0102239018150403
TXN00001024,CLI000265,2023-06-18,FATURA,3394.8,10,RJ-CORE-01,BR,BR-7139882707,False,Brasil,0.05,False,False,1.4717623491317064
TXN00001025,CLI000145,2023-01-25,AJUSTE,2809.42,02,RJ-CORE-01,BR,BR-9609047368,False,Brasil,0.05,False,False,0.644812757707035
TXN00001026,CLI000183,2023-02-17,PAGAMENTO,1408.03,01,SP-CORE-02,BR,BR-1922542252,False,Brasil,0.05,False,False,-0.7071067811865471
TXN00001027,CLI000247,2023-04-17,FATURA,587.03,10,RJ-CORE-01,BR,BR-4418828570,False,Brasil,0.05,False,False,-0.7457630349142139
TXN00001028,CLI000197,2023-09-09,ESTORNO,-2807.83,02,BA-CORE-01,BR,BR-3479690385,False,Brasil,0.05,False,False,-1.8191017541974592
TXN00001029,CLI000867,2023-09-20,ESTORNO,-715.55,10,MG-CORE-01,BR,BR-3305920746,False,Brasil,0.05,False,False,-1.1394774637058211
TXN00001030,CLI000191,2023-08-05,FATURA,2842.26,01,MG-CORE-01,BR,BR-6866036409,False,Brasil,0.05,False,False,1.2855421697092682
TXN00001031,CLI001015,2023-09-20,FATURA,1209.27,10,SP-CORE-02,BR,BR-6141394879,False,Brasil,0.05,False,False,0.039517400548109725
TXN00001032,CLI000305,2023-05-29,FATURA,1649.4,00,MG-CORE-01,BR,BR-5784400161,False,Brasil,0.05,False,False,-0.7071067811865487
TXN00001033,CLI000606,2023-12-17,AJUSTE,3162.1,01,BA-CORE-01,BR,BR-5785590330,False,Brasil,0.05,False,False,0.9415545020411966
TXN00001034,CLI001046,2023-10-10,FATURA,286.33,00,BA-CORE-01,BR,BR-8733575600,False,Brasil,0.05,False,False,-0.6479157583612827
TXN00001035,CLI001200,2023-07-31,PAGAMENTO,348.81,02,RJ-CORE-01,BR,BR-3534753843,False,Brasil,0.05,False,False,-0.3895617628605881
TXN00001036,CLI000805,2023-09-15,FATURA,76.62,10,SP-CORE-02,BR,BR-3886690817,False,Brasil,0.05,False,False,-0.2875163234625439
TXN00001037,CLI000932,2023-02-12,FATURA,1468.56,02,RJ-CORE-01,BR,BR-2345122542,False,Brasil,0.05,False,False,-0.008413970936892268
TXN00001038,CLI000380,2023-11-16,PAGAMENTO,2831.26,02,SP-CORE-02,BR,BR-6319629373,False,Brasil,0.05,False,False,0.6707606116310875
TXN00001039,CLI000037,2023-11-06,FATURA,922.43,00,MG-CORE-01,BR,BR-1502291736,False,Brasil,0.05,False,False,0.45897444402979026
TXN00001040,CLI000830,2023-07-22,FATURA,426.04,01,MG-CORE-01,BR,BR-6963404324,False,Brasil,0.05,False,False,-0.6167780033495535
TXN00001041,CLI000180,2023-06-05,PAGAMENTO,2172.38,02,MG-CORE-01,BR,BR-3561629386,False,Brasil,0.05,False,False,0.9267073388323314
TXN00001042,CLI000055,2023-03-11,AJUSTE,68.29,00,SP-CORE-01,BR,BR-7763740453,False,Brasil,0.05,False,False,-0.256143665756338
TXN00001043,CLI000391,2023-09-04,AJUSTE,2277.21,01,MG-CORE-01,BR,BR-2816937739,False,Brasil,0.05,False,False,1.5310309966863154
TXN00001044,CLI000045,2023-06-04,FATURA,2698.63,01,MG-CORE-01,BR,BR-6011649263,False,Brasil,0.05,False,False,0.9829014903057409
TXN00001045,CLI000041,2023-03-27,FATURA,3160.41,10,MG-CORE-01,BR,BR-2240535933,False,Brasil,0.05,False,False,0.8820710314695116
TXN00001046,CLI000105,2023-10-27,PAGAMENTO,864.35,02,BA-CORE-01,BR,BR-6098549568,False,Brasil,0.05,False,False,1.1193291619458026
TXN00001047,CLI001136,2023-01-05,ESTORNO,377.27,10,MG-CORE-01,BR,BR-8911266259,False,Brasil,0.05,False,False,-0.18386931266749526
TXN00001048,CLI001000,2023-01-19,ESTORNO,1716.49,10,BA-CORE-01,BR,BR-3660345628,False,Brasil,0.05,False,False,-0.6340586105197341
TXN00001049,CLI001134,2023-02-01,AJUSTE,1858.51,10,BA-CORE-01,BR,BR-9012356988,False,Brasil,0.05,False,False,0.35061105327336717
TXN00001050,CLI001014,2023-05-18,FATURA,3127.21,10,MG-CORE-01,BR,BR-5088130061,False,Brasil,0.05,False,False,1.1158663564775617
TXN00001051,CLI000962,2023-08-18,ESTORNO,2447.35,00,SP-CORE-02,BR,BR-3081379485,False,Brasil,0.05,False,False,0.35482864209158005
TXN00001052,CLI000960,2023-08-13,ESTORNO,827.72,01,BA-CORE-01,BR,BR-8099880573,False,Brasil,0.05,False,False,-0.1681121030571838
TXN00001053,CLI000968,2023-05-31,AJUSTE,2536.02,10,MG-CORE-01,BR,BR-7406913885,False,Brasil,0.05,False,False,0.8503205364749039
TXN00001054,CLI000355,2023-11-15,AJUSTE,741.09,00,MG-CORE-01,BR,BR-7201296029,False,Brasil,0.05,False,False,-1.2802502193215737
TXN00001055,CLI000622,2023-03-22,AJUSTE,2128.01,00,MG-CORE-01,BR,BR-1718348264,False,Brasil,0.05,False,False,0.35096100116810514
TXN00001056,CLI000732,2023-04-18,AJUSTE,1957.77,00,RJ-CORE-01,BR,BR-3428365056,False,Brasil,0.05,False,False,1.455499432288436
TXN00001057,CLI000882,2023-03-31,AJUSTE,2901.26,00,SP-CORE-01,BR,BR-6242134332,False,Brasil,0.05,False,False,0.47671120359356634
TXN00001058,CLI000697,2023-11-13,FATURA,808.88,01,MG-CORE-01,BR,BR-5435391625,False,Brasil,0.05,False,False,0.3531132321789413
TXN00001059,CLI000214,2023-01-24,ESTORNO,2699.93,02,SP-CORE-02,BR,BR-2239829538,False,Brasil,0.05,False,False,1.011422611631956
TXN00001060,CLI000209,2023-08-13,FATURA,2800.47,00,SP-CORE-01,BR,BR-8648220906,False,Brasil,0.05,False,False,0.6129613561178012
TXN00001061,CLI000322,2023-09-17,FATURA,386.83,00,SP-CORE-02,BR,BR-3193894984,False,Brasil,0.05,False,False,-0.25286171213529984
TXN00001062,CLI000686,2023-12-29,ESTORNO,1556.48,10,SP-CORE-01,BR,BR-3459788151,False,Brasil,0.05,False,False,0.3361589507678335
TXN00001063,CLI000503,2023-03-04,AJUSTE,2973.11,10,MG-CORE-01,BR,BR-9550822977,False,Brasil,0.05,False,False,0.8524508904065163
TXN00001064,CLI000763,2023-06-24,PAGAMENTO,1017.92,01,SP-CORE-01,BR,BR-4250372185,False,Brasil,0.05,False,False,-0.2100687617634428
TXN00001065,CLI000864,2023-07-04,PAGAMENTO,2210.45,01,SP-CORE-02,BR,BR-2826025489,False,Brasil,0.05,False,False,1.1682843608758793
TXN00001066,CLI001058,2023-03-12,AJUSTE,2810.16,10,MG-CORE-01,BR,BR-6358107532,False,Brasil,0.05,False,False,1.2570467763520419
TXN00001067,CLI000645,2023-01-16,ESTORNO,-1560.17,00,BA-CORE-01,BR,BR-5433395802,False,Brasil,0.05,False,False,-0.7587593096996263
TXN00001068,CLI001177,2023-03-26,PAGAMENTO,1530.57,10,SP-CORE-01,BR,BR-6423750090,False,Brasil,0.05,False,False,0.6713943736687618
TXN00001069,CLI001134,2023-11-20,FATURA,3430.56,02,MG-CORE-01,BR,BR-5668556448,False,Brasil,0.05,False,False,1.673685923390231
TXN00001070,CLI000301,2023-06-10,ESTORNO,3184.12,00,RJ-CORE-01,BR,BR-4487036345,False,Brasil,0.05,False,False,1.5350685788172793
TXN00001071,CLI000405,2023-08-17,PAGAMENTO,2260.7,10,RJ-CORE-01,BR,BR-8254773516,False,Brasil,0.05,False,False,0.9331659169770621
TXN00001072,CLI001108,2023-02-13,ESTORNO,148.66,02,MG-CORE-01,BR,BR-2838963536,False,Brasil,0.05,False,False,-0.5561805048316463
TXN00001073,CLI000328,2023-04-20,ESTORNO,343.01,02,BA-CORE-01,BR,BR-3646349248,False,Brasil,0.05,False,False,-0.41121616081525364
TXN00001074,CLI000866,2023-01-15,FATURA,3118.31,02,SP-CORE-02,BR,BR-4370902138,False,Brasil,0.05,False,False,0.6167183015359032
TXN00001075,CLI000254,2023-01-31,FATURA,2948.71,02,BA-CORE-01,BR,BR-4494084172,False,Brasil,0.05,False,False,0.4360803861057563
TXN00001076,CLI000011,2023-11-30,FATURA,3295.87,10,RJ-CORE-01,BR,BR-4459340599,False,Brasil,0.05,False,False,0.9925585777079537
TXN00001077,CLI000583,2023-06-23,PAGAMENTO,3440.67,01,RJ-CORE-01,BR,BR-7743417981,False,Brasil,0.05,False,False,1.5304910794783706
TXN00001078,CLI001058,2023-07-13,AJUSTE,1828.44,01,SP-CORE-01,BR,BR-7581095906,False,Brasil,0.05,False,False,0.35119746182689743
TXN00001079,CLI000168,2023-07-04,AJUSTE,1601.0,01,MG-CORE-01,BR,BR-6018142572,False,Brasil,0.05,False,False,-0.022591220629207705
TXN00001080,CLI000914,2023-02-01,FATURA,1498.61,01,MG-CORE-01,BR,BR-6551823759,False,Brasil,0.05,False,False,0.48972977785628774
TXN00001081,CLI001063,2023-07-09,FATURA,2375.34,10,BA-CORE-01,BR,BR-7754847890,False,Brasil,0.05,False,False,0.3834502266641119
TXN00001082,CLI000854,2023-05-16,PAGAMENTO,2053.38,10,MG-CORE-01,BR,BR-4501175349,False,Brasil,0.05,False,False,-0.38365642782965037
TXN00001083,CLI001052,2023-03-15,AJUSTE,1780.13,10,MG-CORE-01,BR,BR-3817053070,False,Brasil,0.05,False,False,-0.3712023979209774
TXN00001084,CLI001145,2023-12-22,FATURA,760.0,10,SP-CORE-01,BR,BR-1569902893,False,Brasil,0.05,False,False,-1.0642166034948195
TXN00001085,CLI000594,2023-03-02,ESTORNO,-2113.57,10,SP-CORE-01,BR,BR-6981604165,False,Brasil,0.05,False,False,-1.584289195169447
TXN00001086,CLI000622,2023-09-25,FATURA,553.5,02,RJ-CORE-01,BR,BR-8011113122,False,Brasil,0.05,False,False,-1.667299331156665
TXN00001087,CLI000625,2023-09-06,ESTORNO,-117.36,01,SP-CORE-02,BR,BR-7991402837,False,Brasil,0.05,False,False,-0.618742077327285
TXN00001088,CLI000139,2023-04-21,ESTORNO,657.11,10,SP-CORE-01,BR,BR-6906320181,False,Brasil,0.05,False,False,0.4917470869996418
TXN00001089,CLI000692,2023-08-02,FATURA,1694.49,02,BA-CORE-01,BR,BR-9914274512,False,Brasil,0.05,False,False,0.5835767566599109
TXN00001090,CLI000944,2023-09-01,PAGAMENTO,2923.92,01,SP-CORE-02,BR,BR-4302332663,False,Brasil,0.05,False,False,0.8371642612436155
TXN00001091,CLI000839,2023-12-08,PAGAMENTO,1582.78,02,SP-CORE-01,BR,BR-8515344013,False,Brasil,0.05,False,False,-0.5757889481051144
TXN00001092,CLI000908,2023-04-30,PAGAMENTO,3152.85,02,BA-CORE-01,BR,BR-9063016667,False,Brasil,0.05,False,False,1.2506192457950032
TXN00001093,CLI000633,2023-11-27,ESTORNO,328.08,01,SP-CORE-01,BR,BR-7391102387,False,Brasil,0.05,False,False,-0.7071067811865476
TXN00001094,CLI001182,2023-11-26,FATURA,1966.55,01,BA-CORE-01,BR,BR-3499480048,False,Brasil,0.05,False,False,-0.40616335726345426
TXN00001095,CLI000247,2023-10-19,FATURA,1835.7,10,BA-CORE-01,BR,BR-9989974968,False,Brasil,0.05,False,False,0.18344876549174388
TXN00001096,CLI000910,2023-01-10,AJUSTE,976.87,01,SP-CORE-02,BR,BR-9470321015,False,Brasil,0.05,False,False,0.7071067811865476
TXN00001097,CLI001007,2023-10-01,FATURA,2131.85,10,BA-CORE-01,BR,BR-8289800644,False,Brasil,0.05,False,False,0.3591699399236472
TXN00001098,CLI000650,2023-06-24,FATURA,1540.82,10,SP-CORE-01,BR,BR-4651178503,False,Brasil,0.05,False,False,0.1587739465193111
TXN00001099,CLI000585,2023-05-12,PAGAMENTO,336.77,00,BA-CORE-01,BR,BR-2708176663,False,Brasil,0.05,False,False,-1.6842260855799178
TXN00001100,CLI000835,2023-04-04,AJUSTE,909.33,00,SP-CORE-02,BR,BR-9453047901,False,Brasil,0.05,False,False,0.4522546343124856
TXN00001101,CLI000120,2023-01-31,AJUSTE,2158.37,02,SP-CORE-02,BR,BR-4542693668,False,Brasil,0.05,False,False,0.42099790175801777
TXN00001102,CLI000248,2023-07-19,ESTORNO,-363.63,01,MG-CORE-01,BR,BR-7419751815,False,Brasil,0.05,False,False,-1.036677783792849
TXN00001103,CLI001034,2023-04-14,FATURA,853.89,01,MG-CORE-01,BR,BR-6512990303,False,Brasil,0.05,False,False,-0.3372594157294442
TXN00001104,CLI000834,2023-02-28,PAGAMENTO,957.12,02,MG-CORE-01,BR,BR-8956094389,False,Brasil,0.05,False,False,-1.072200404115552
TXN00001105,CLI001135,2023-09-05,FATURA,120.59,01,SP-CORE-01,BR,BR-8680705725,False,Brasil,0.05,False,False,-0.772284781135934
TXN00001106,CLI000834,2023-05-07,FATURA,2675.16,01,RJ-CORE-01,BR,BR-4273856102,False,Brasil,0.05,False,False,0.7184864831333135
TXN00001107,CLI001107,2023-02-12,PAGAMENTO,2965.05,01,SP-CORE-02,BR,BR-1197323378,False,Brasil,0.05,False,False,1.1199516515355512
TXN00001108,CLI000086,2023-05-06,AJUSTE,1890.62,10,BA-CORE-01,BR,BR-8888575793,False,Brasil,0.05,False,False,-0.34863242487896334
TXN00001109,CLI000124,2023-08-26,FATURA,3364.68,02,SP-CORE-02,BR,BR-1069927882,False,Brasil,0.05,False,False,1.0870508489657091
TXN00001110,CLI001199,2023-05-20,PAGAMENTO,2100.58,10,RJ-CORE-01,BR,BR-5973501339,False,Brasil,0.05,False,False,-0.9770026961150822
TXN00001111,CLI000252,2023-01-24,ESTORNO,-581.73,00,RJ-CORE-01,BR,BR-2960730480,False,Brasil,0.05,False,False,-1.1952258202977457
TXN00001112,CLI001034,2023-10-12,AJUSTE,3495.9,10,SP-CORE-02,BR,BR-2837384013,False,Brasil,0.05,False,False,0.9635898900085428
TXN00001113,CLI000659,2023-12-16,ESTORNO,-3310.02,02,MG-CORE-01,BR,BR-4905874257,False,Brasil,0.05,False,False,-1.1313502088168212
TXN00001114,CLI000005,2023-04-18,ESTORNO,1620.1,02,SP-CORE-01,BR,BR-2296502486,False,Brasil,0.05,False,False,0.023520899792543876
TXN00001115,CLI001002,2023-01-03,PAGAMENTO,3157.03,01,MG-CORE-01,BR,BR-9059914313,False,Brasil,0.05,False,False,0.5720894985138906
TXN00001116,CLI000912,2023-10-03,PAGAMENTO,302.4,00,BA-CORE-01,BR,BR-9990826771,False,Brasil,0.05,False,False,-0.557816965702289
TXN00001117,CLI000793,2023-06-30,FATURA,3402.7,10,BA-CORE-01,BR,BR-6843025485,False,Brasil,0.05,False,False,1.0486593355535216
TXN00001118,CLI000396,2023-12-23,AJUSTE,3443.61,00,MG-CORE-01,BR,BR-5648960780,False,Brasil,0.05,False,False,1.1219944670949502
TXN00001119,CLI000393,2023-01-05,PAGAMENTO,790.89,00,RJ-CORE-01,BR,BR-3787052438,False,Brasil,0.05,False,False,0.8446444806632177
TXN00001120,CLI000744,2023-11-11,FATURA,2195.82,01,SP-CORE-02,BR,BR-5517391943,False,Brasil,0.05,False,False,0.3121411656790084
TXN00001121,CLI000812,2023-05-24,FATURA,1735.08,01,SP-CORE-01,BR,BR-7981917208,False,Brasil,0.05,False,False,0.19270520959363124
TXN00001122,CLI000397,2023-05-23,FATURA,2000.48,10,SP-CORE-02,BR,BR-4243697409,False,Brasil,0.05,False,False,0.3972858049100817
TXN00001123,CLI001168,2023-02-03,AJUSTE,2066.81,00,SP-CORE-02,BR,BR-9981632126,False,Brasil,0.05,False,False,-0.05105897124058833
TXN00001124,CLI001092,2023-09-25,AJUSTE,2556.57,02,SP-CORE-02,BR,BR-1408810792,False,Brasil,0.05,False,False,0.2212849293943454
TXN00001125,CLI000107,2023-12-15,ESTORNO,1969.2,10,SP-CORE-01,BR,BR-6211604267,False,Brasil,0.05,False,False,-0.16352115786847177
TXN00001126,CLI000956,2023-08-10,ESTORNO,2958.31,10,RJ-CORE-01,BR,BR-1334744286,False,Brasil,0.05,False,False,0.9148270153009542
TXN00001127,CLI000570,2023-07-05,PAGAMENTO,1820.05,00,SP-CORE-02,BR,BR-3549834042,False,Brasil,0.05,False,False,0.8618897409379521
TXN00001128,CLI000686,2023-09-30,PAGAMENTO,1582.04,00,MG-CORE-01,BR,BR-2911547690,False,Brasil,0.05,False,False,0.3528649044069534
TXN00001129,CLI000512,2023-10-20,FATURA,2830.7,01,MG-CORE-01,BR,BR-9624563057,False,Brasil,0.05,False,False,0.959463414370663
TXN00001130,CLI000983,2023-03-26,AJUSTE,1165.7,00,SP-CORE-01,BR,BR-8990100704,False,Brasil,0.05,False,False,0.0036311510073742293
TXN00001131,CLI000221,2023-01-13,PAGAMENTO,2082.01,02,RJ-CORE-01,BR,BR-3980840461,False,Brasil,0.05,False,False,0.5547926532600275
TXN00001132,CLI000485,2023-05-03,PAGAMENTO,3356.63,00,RJ-CORE-01,BR,BR-3051706927,False,Brasil,0.05,False,False,1.0945962663758018
TXN00001133,CLI000256,2023-11-04,FATURA,2176.09,00,MG-CORE-01,BR,BR-6278286600,False,Brasil,0.05,False,False,0.5652159118279967
TXN00001134,CLI000262,2023-02-01,FATURA,3210.17,10,RJ-CORE-01,BR,BR-9973608649,False,Brasil,0.05,False,False,0.8337753431123174
TXN00001135,CLI000115,2023-08-15,FATURA,210.67,10,SP-CORE-01,BR,BR-4461558269,False,Brasil,0.05,False,False,-0.4305664292395395
TXN00001136,CLI000842,2023-05-31,FATURA,2977.75,10,SP-CORE-01,BR,BR-5738214525,False,Brasil,0.05,False,False,0.6479266240358965
TXN00001137,CLI000951,2023-11-03,AJUSTE,2760.41,00,MG-CORE-01,BR,BR-2285291868,False,Brasil,0.05,False,False,0.864098373819874
TXN00001138,CLI001060,2023-11-14,PAGAMENTO,2174.92,02,SP-CORE-01,BR,BR-4755937285,False,Brasil,0.05,False,False,-0.628579570365763
TXN00001139,CLI000397,2023-10-28,ESTORNO,689.83,00,SP-CORE-01,BR,BR-3908281627,False,Brasil,0.05,False,False,-0.3109720015358865
TXN00001140,CLI000911,2023-11-23,AJUSTE,1790.97,02,MG-CORE-01,BR,BR-9883760207,False,Brasil,0.05,False,False,-0.25528714802126856
TXN00001141,CLI000639,2023-05-05,AJUSTE,499.1,00,SP-CORE-01,BR,BR-3419317349,False,Brasil,0.05,False,False,-0.5049096430200397
TXN00001142,CLI001109,2023-09-20,PAGAMENTO,3359.9,02,RJ-CORE-01,BR,BR-5999842516,False,Brasil,0.05,False,False,1.0653309900564643
TXN00001143,CLI000017,2023-03-17,AJUSTE,1653.94,02,RJ-CORE-01,BR,BR-4213790202,False,Brasil,0.05,False,False,0.5988058015087108
TXN00001144,CLI000411,2023-01-30,AJUSTE,167833.32,9A,SANTOS-PORT-07,LU,OFFSHORE-999404NT,True,Luxemburgo,0.8,True,True,1.4999917946118397
TXN00001145,CLI000679,2023-02-05,AJUSTE,1208.6,10,MG-CORE-01,BR,BR-6977525103,False,Brasil,0.05,False,False,0.028871357322738586
TXN00001146,CLI000087,2023-11-12,ESTORNO,-1062.72,02,SP-CORE-02,BR,BR-3775278048,False,Brasil,0.05,False,False,-1.2697479726530903
TXN00001147,CLI000437,2023-04-23,PAGAMENTO,3221.44,01,SP-CORE-02,BR,BR-6322929387,False,Brasil,0.05,False,False,0.6132598587132523
TXN00001148,CLI000820,2023-09-04,AJUSTE,2576.36,02,MG-CORE-01,BR,BR-2657365938,False,Brasil,0.05,False,False,0.8661751364308742
TXN00001149,CLI001137,2023-01-04,AJUSTE,1282.6,00,RJ-CORE-01,BR,BR-6330405542,False,Brasil,0.05,False,False,-0.7813379569527692
TXN00001150,CLI000090,2023-03-14,FATURA,1031.21,01,BA-CORE-01,BR,BR-9894928830,False,Brasil,0.05,False,False,0.5720753554760236
TXN00001151,CLI000357,2023-04-12,FATURA,708.43,01,SP-CORE-02,BR,BR-2359239702,False,Brasil,0.05,False,False,-1.118323123089413
TXN00001152,CLI000208,2023-10-11,ESTORNO,875.96,01,SP-CORE-01,BR,BR-7102562415,False,Brasil,0.05,False,False,-0.30716266568117734
TXN00001153,CLI000625,2023-12-13,FATURA,497.61,00,RJ-CORE-01,BR,BR-1313497572,False,Brasil,0.05,False,False,-0.2590706285154111
TXN00001154,CLI000889,2023-05-03,PAGAMENTO,1306.35,02,SP-CORE-02,BR,BR-3522707023,False,Brasil,0.05,False,False,0.19797106947636614
TXN00001155,CLI001091,2023-03-02,FATURA,522.62,01,SP-CORE-02,BR,BR-5354209613,False,Brasil,0.05,False,False,-0.79501887448884
TXN00001156,CLI000388,2023-12-22,PAGAMENTO,1322.41,10,SP-CORE-02,BR,BR-1926608888,False,Brasil,0.05,False,False,-0.8546563959652081
TXN00001157,CLI001197,2023-03-18,ESTORNO,1160.33,00,RJ-CORE-01,BR,BR-4962447893,False,Brasil,0.05,False,False,-0.11228891556212937
TXN00001158,CLI000343,2023-04-18,PAGAMENTO,2551.0,10,BA-CORE-01,BR,BR-8589679668,False,Brasil,0.05,False,False,0.5294058916516072
TXN00001159,CLI000951,2023-11-27,PAGAMENTO,2633.95,02,MG-CORE-01,BR,BR-2727768349,False,Brasil,0.05,False,False,0.7332216550795355
TXN00001160,CLI000550,2023-06-14,AJUSTE,2499.45,10,MG-CORE-01,BR,BR-5950724801,False,Brasil,0.05,False,False,0.4548208095490413
TXN00001161,CLI000416,2023-11-23,PAGAMENTO,3225.72,00,SP-CORE-02,BR,BR-5654014006,False,Brasil,0.05,False,False,0.0
TXN00001162,CLI001171,2023-05-01,PAGAMENTO,1397.73,02,MG-CORE-01,BR,BR-9929329605,False,Brasil,0.05,False,False,-0.3822554529936743
TXN00001163,CLI000605,2023-07-11,AJUSTE,905.76,00,SP-CORE-02,BR,BR-4955342162,False,Brasil,0.05,False,False,-0.6900287350290701
TXN00001164,CLI000689,2023-09-23,PAGAMENTO,1243.48,00,MG-CORE-01,BR,BR-6698349136,False,Brasil,0.05,False,False,0.33462272214528427
TXN00001165,CLI000650,2023-08-19,PAGAMENTO,1647.08,10,RJ-CORE-01,BR,BR-3762327862,False,Brasil,0.05,False,False,0.22434774842240393
TXN00001166,CLI000736,2023-07-15,ESTORNO,106.02,10,SP-CORE-02,BR,BR-2024939794,False,Brasil,0.05,False,False,-0.7071067811865476
TXN00001167,CLI000202,2023-05-31,FATURA,2952.26,00,RJ-CORE-01,BR,BR-2050032570,False,Brasil,0.05,False,False,0.6072075594103665
TXN00001168,CLI000675,2023-02-06,FATURA,1273.62,01,RJ-CORE-01,BR,BR-9266213260,False,Brasil,0.05,False,False,-0.9747853812239585
TXN00001169,CLI001113,2023-06-04,ESTORNO,2613.34,02,SP-CORE-02,BR,BR-5793125884,False,Brasil,0.05,False,False,0.332185086082844
TXN00001170,CLI001188,2023-01-05,ESTORNO,2699.86,02,RJ-CORE-01,BR,BR-5531313426,False,Brasil,0.05,False,False,1.319611335680025
TXN00001171,CLI000430,2023-08-30,FATURA,-322013.68,9A,SANTOS-PORT-07,LU,OFFSHORE-564814VX,True,Luxemburgo,0.8,True,True,-1.788815108247815
TXN00001172,CLI000176,2023-04-30,PAGAMENTO,1815.07,10,MG-CORE-01,BR,BR-5625980561,False,Brasil,0.05,False,False,-1.3746912229179904
TXN00001173,CLI001144,2023-04-07,ESTORNO,-1512.2,10,SP-CORE-02,BR,BR-2546720356,False,Brasil,0.05,False,False,-0.7836774360109469
TXN00001174,CLI001024,2023-07-11,FATURA,503.55,01,RJ-CORE-01,BR,BR-3434757387,False,Brasil,0.05,False,False,-1.317018587187299
TXN00001175,CLI000048,2023-06-23,ESTORNO,-804.71,10,MG-CORE-01,BR,BR-2579206999,False,Brasil,0.05,False,False,-1.5470366688110244
TXN00001176,CLI001176,2023-03-13,FATURA,554.85,02,BA-CORE-01,BR,BR-4104309491,False,Brasil,0.05,False,False,-1.0552065212458464
TXN00001177,CLI000792,2023-07-15,PAGAMENTO,730.63,10,SP-CORE-01,BR,BR-3185386258,False,Brasil,0.05,False,False,-0.8923799897433449
TXN00001178,CLI000352,2023-09-01,AJUSTE,398.06,10,RJ-CORE-01,BR,BR-4706249669,False,Brasil,0.05,False,False,-0.7018927526948147
TXN00001179,CLI000055,2023-12-12,FATURA,1944.12,00,BA-CORE-01,BR,BR-2050340486,False,Brasil,0.05,False,False,0.46316441405424175
TXN00001180,CLI000478,2023-04-12,AJUSTE,261.83,10,RJ-CORE-01,BR,BR-7321180787,False,Brasil,0.05,False,False,-1.205542100558532
TXN00001181,CLI000352,2023-12-04,ESTORNO,1844.9,10,SP-CORE-01,BR,BR-1644608746,False,Brasil,0.05,False,False,0.8841140664238628
TXN00001182,CLI000141,2023-07-30,ESTORNO,-1381.05,00,SP-CORE-02,BR,BR-4682870880,False,Brasil,0.05,False,False,-2.3934789142257205
TXN00001183,CLI000973,2023-04-16,PAGAMENTO,472.16,01,RJ-CORE-01,BR,BR-2801177461,False,Brasil,0.05,False,False,-1.202414562412195
TXN00001184,CLI001030,2023-11-06,AJUSTE,2021.32,02,BA-CORE-01,BR,BR-2382129132,False,Brasil,0.05,False,False,0.17709593080187838
TXN00001185,CLI000818,2023-05-22,PAGAMENTO,721.93,01,MG-CORE-01,BR,BR-8388580360,False,Brasil,0.05,False,False,-0.7159966049497785
TXN00001186,CLI001180,2023-09-27,AJUSTE,1164.54,10,MG-CORE-01,BR,BR-9924456994,False,Brasil,0.05,False,False,0.08188391178776769
TXN00001187,CLI000801,2023-02-16,FATURA,1021.93,10,RJ-CORE-01,BR,BR-2601198885,False,Brasil,0.05,False,False,1.1240817021718355
TXN00001188,CLI000376,2023-08-01,AJUSTE,886.99,10,MG-CORE-01,BR,BR-4873807154,False,Brasil,0.05,False,False,-0.6323069313631929
TXN00001189,CLI000561,2023-07-21,FATURA,2451.28,00,SP-CORE-02,BR,BR-1770278136,False,Brasil,0.05,False,False,0.5681091301772919
TXN00001190,CLI001133,2023-12-08,ESTORNO,3208.71,01,MG-CORE-01,BR,BR-5215140451,False,Brasil,0.05,False,False,0.9089234958610057
TXN00001191,CLI000840,2023-07-08,FATURA,286.34,00,BA-CORE-01,BR,BR-9392707144,False,Brasil,0.05,False,False,-1.1220524923832558
TXN00001192,CLI000150,2023-03-26,PAGAMENTO,899.63,00,MG-CORE-01,BR,BR-8923555411,False,Brasil,0.05,False,False,0.38389529412512485
TXN00001193,CLI000078,2023-07-15,PAGAMENTO,1215.93,10,SP-CORE-02,BR,BR-2405746777,False,Brasil,0.05,False,False,-0.575298882900593
TXN00001194,CLI000993,2023-05-09,FATURA,419.1,01,RJ-CORE-01,BR,BR-7670476743,False,Brasil,0.05,False,False,-0.9326659844247218
TXN00001195,CLI000965,2023-02-04,PAGAMENTO,307.27,01,MG-CORE-01,BR,BR-5329194647,False,Brasil,0.05,False,False,-0.3650990688454063
TXN00001196,CLI000255,2023-03-24,ESTORNO,-613.65,00,BA-CORE-01,BR,BR-6156843353,False,Brasil,0.05,False,False,-1.8000995422060715
TXN00001197,CLI000903,2023-03-28,PAGAMENTO,290.0,00,RJ-CORE-01,BR,BR-3674551397,False,Brasil,0.05,False,False,-0.8048034784219007
TXN00001198,CLI000098,2023-04-02,ESTORNO,-774.02,00,BA-CORE-01,BR,BR-7287517250,False,Brasil,0.05,False,False,-1.5140657817543277
TXN00001199,CLI000010,2023-07-19,FATURA,2422.41,10,SP-CORE-01,BR,BR-2052811909,False,Brasil,0.05,False,False,0.551519746839638
TXN00001200,CLI000410,2023-07-13,FATURA,2689.56,01,RJ-CORE-01,BR,BR-2761091683,False,Brasil,0.05,False,False,1.3481950925369044
TXN00001201,CLI000130,2023-01-09,FATURA,1487.46,00,RJ-CORE-01,BR,BR-4767539382,False,Brasil,0.05,False,False,-0.14690301829622618
TXN00001202,CLI000852,2023-02-19,AJUSTE,2793.3,01,SP-CORE-02,BR,BR-9379439373,False,Brasil,0.05,False,False,0.12754502181515706
TXN00001203,CLI001110,2023-06-17,FATURA,1142.92,01,BA-CORE-01,BR,BR-8118065825,False,Brasil,0.05,False,False,-0.04690815567584476
TXN00001204,CLI000663,2023-08-08,PAGAMENTO,440.4,01,SP-CORE-01,BR,BR-8418332121,False,Brasil,0.05,False,False,-0.29032173669604083
TXN00001205,CLI000436,2023-01-08,AJUSTE,1419.45,02,SP-CORE-01,BR,BR-1446457642,False,Brasil,0.05,False,False,0.4205920234827891
TXN00001206,CLI000090,2023-04-23,PAGAMENTO,249.74,02,BA-CORE-01,BR,BR-6317889312,False,Brasil,0.05,False,False,0.07720946119034637
TXN00001207,CLI001166,2023-04-22,FATURA,1450.62,10,SP-CORE-01,BR,BR-5281907480,False,Brasil,0.05,False,False,0.6666999193311337
TXN00001208,CLI000681,2023-05-09,AJUSTE,3357.44,02,MG-CORE-01,BR,BR-8351491401,False,Brasil,0.05,False,False,0.6354528650140225
TXN00001209,CLI000687,2023-11-22,AJUSTE,2670.77,02,MG-CORE-01,BR,BR-1399546384,False,Brasil,0.05,False,False,0.9275939948160843
TXN00001210,CLI000477,2023-11-08,FATURA,3194.12,10,MG-CORE-01,BR,BR-4956843441,False,Brasil,0.05,False,False,1.1444843386391146
TXN00001211,CLI000878,2023-04-30,FATURA,93.82,00,RJ-CORE-01,BR,BR-7527316141,False,Brasil,0.05,False,False,-1.2684027193415064
TXN00001212,CLI000608,2023-11-14,AJUSTE,296.28,01,RJ-CORE-01,BR,BR-6894808149,False,Brasil,0.05,False,False,-0.19815031575373387
TXN00001213,CLI000909,2023-03-19,AJUSTE,1327.6,00,SP-CORE-02,BR,BR-9954587710,False,Brasil,0.05,False,False,0.29847495405176727
TXN00001214,CLI000591,2023-03-10,ESTORNO,987.88,00,BA-CORE-01,BR,BR-8816681105,False,Brasil,0.05,False,False,-0.30414763352847535
TXN00001215,CLI000422,2023-04-28,FATURA,2967.33,02,RJ-CORE-01,BR,BR-9911329062,False,Brasil,0.05,False,False,1.4347337911978937
TXN00001216,CLI001068,2023-12-07,FATURA,3459.55,01,BA-CORE-01,BR,BR-3438771483,False,Brasil,0.05,False,False,1.0794767232339564
TXN00001217,CLI000395,2023-04-04,ESTORNO,-1559.42,00,SP-CORE-01,BR,BR-5141285960,False,Brasil,0.05,False,False,-0.8281995018984001
TXN00001218,CLI000356,2023-11-21,FATURA,3472.2,01,SP-CORE-02,BR,BR-6311894154,False,Brasil,0.05,False,False,1.079013436122052
TXN00001219,CLI000337,2023-05-01,AJUSTE,1785.84,10,MG-CORE-01,BR,BR-8734449371,False,Brasil,0.05,False,False,-0.27379491350606994
TXN00001220,CLI001181,2023-05-06,AJUSTE,1495.58,01,RJ-CORE-01,BR,BR-8453283834,False,Brasil,0.05,False,False,-0.4495660099288619
TXN00001221,CLI000816,2023-11-22,PAGAMENTO,720.88,10,SP-CORE-01,BR,BR-6661014794,False,Brasil,0.05,False,False,-1.3149093590904704
TXN00001222,CLI000888,2023-03-27,PAGAMENTO,1658.08,10,BA-CORE-01,BR,BR-2168041588,False,Brasil,0.05,False,False,-0.012426112950256685
TXN00001223,CLI000615,2023-09-04,AJUSTE,88.94,10,MG-CORE-01,BR,BR-1870644102,False,Brasil,0.05,False,False,-1.0917906388406988
TXN00001224,CLI000627,2023-10-11,AJUSTE,2548.74,02,MG-CORE-01,BR,BR-3511301900,False,Brasil,0.05,False,False,1.0052823342746144
TXN00001225,CLI000280,2023-05-26,PAGAMENTO,1325.51,10,SP-CORE-01,BR,BR-1667483244,False,Brasil,0.05,False,False,0.0
TXN00001226,CLI001026,2023-04-11,PAGAMENTO,558.44,01,SP-CORE-01,BR,BR-6000952470,False,Brasil,0.05,False,False,-0.06917471648456446
TXN00001227,CLI000631,2023-09-09,ESTORNO,-1427.85,10,MG-CORE-01,BR,BR-7296658772,False,Brasil,0.05,False,False,-0.8633328590327081
TXN00001228,CLI000333,2023-07-29,FATURA,3099.8,00,MG-CORE-01,BR,BR-2745958114,False,Brasil,0.05,False,False,0.7757619463090261
TXN00001229,CLI000755,2023-08-12,AJUSTE,3350.7,02,BA-CORE-01,BR,BR-7596745715,False,Brasil,0.05,False,False,0.7071067811865475
TXN00001230,CLI000979,2023-11-30,FATURA,1360.96,10,SP-CORE-02,BR,BR-6186758088,False,Brasil,0.05,False,False,0.0
TXN00001231,CLI000933,2023-07-05,FATURA,2215.72,00,SP-CORE-02,BR,BR-6619138852,False,Brasil,0.05,False,False,0.8087956267415416
TXN00001232,CLI000190,2023-05-11,AJUSTE,881.0,01,SP-CORE-01,BR,BR-1515024824,False,Brasil,0.05,False,False,-0.3838432560058727
TXN00001233,CLI000867,2023-07-23,PAGAMENTO,2477.12,00,BA-CORE-01,BR,BR-8241550421,False,Brasil,0.05,False,False,0.4813346136306312
TXN00001234,CLI000784,2023-08-07,AJUSTE,899.99,02,BA-CORE-01,BR,BR-1173215225,False,Brasil,0.05,False,False,-0.36148122794744125
TXN00001235,CLI000706,2023-07-30,ESTORNO,2638.57,00,SP-CORE-01,BR,BR-2407863065,False,Brasil,0.05,False,False,0.6855702204353971
TXN00001236,CLI000345,2023-05-18,AJUSTE,2625.58,10,RJ-CORE-01,BR,BR-9981691030,False,Brasil,0.05,False,False,0.6224483554517946
TXN00001237,CLI000591,2023-01-01,PAGAMENTO,357.11,10,BA-CORE-01,BR,BR-6822870815,False,Brasil,0.05,False,False,-1.207964603647775
TXN00001238,CLI000997,2023-03-29,PAGAMENTO,633.88,01,SP-CORE-02,BR,BR-3205292512,False,Brasil,0.05,False,False,-0.7071067811865477
TXN00001239,CLI000381,2023-09-15,AJUSTE,3320.72,10,BA-CORE-01,BR,BR-8203447752,False,Brasil,0.05,False,False,0.9938641201350514
TXN00001240,CLI000903,2023-01-31,AJUSTE,2629.71,01,RJ-CORE-01,BR,BR-5254923696,False,Brasil,0.05,False,False,0.7202595397411098
TXN00001241,CLI000256,2023-11-22,FATURA,598.12,02,SP-CORE-01,BR,BR-2073108894,False,Brasil,0.05,False,False,-0.3779756728721038
TXN00001242,CLI000207,2023-02-02,ESTORNO,1210.69,01,MG-CORE-01,BR,BR-2984460654,False,Brasil,0.05,False,False,0.14045388602182698
TXN00001243,CLI000199,2023-02-01,FATURA,945.96,00,BA-CORE-01,BR,BR-1600406558,False,Brasil,0.05,False,False,-0.7071067811865476
TXN00001244,CLI000545,2023-09-25,AJUSTE,2775.42,10,BA-CORE-01,BR,BR-1051354601,False,Brasil,0.05,False,False,1.217240026106356
TXN00001245,CLI000703,2023-08-31,PAGAMENTO,2654.05,10,RJ-CORE-01,BR,BR-5220094152,False,Brasil,0.05,False,False,0.38506323596347425
TXN00001246,CLI000730,2023-05-03,ESTORNO,-3294.65,10,MG-CORE-01,BR,BR-1561417687,False,Brasil,0.05,False,False,-1.3495126269586228
TXN00001247,CLI001087,2023-02-21,ESTORNO,30.73,10,SP-CORE-02,BR,BR-8832617672,False,Brasil,0.05,False,False,0.374313861085581
TXN00001248,CLI000974,2023-12-25,ESTORNO,2635.01,01,RJ-CORE-01,BR,BR-3768901084,False,Brasil,0.05,False,False,0.4857692210474775
TXN00001249,CLI000094,2023-12-05,PAGAMENTO,674.01,02,SP-CORE-01,BR,BR-4490722186,False,Brasil,0.05,False,False,0.12083366256592011
TXN00001250,CLI000714,2023-12-14,ESTORNO,1566.19,10,MG-CORE-01,BR,BR-1276905285,False,Brasil,0.05,False,False,-0.7071067811865475
TXN00001251,CLI000400,2023-09-01,PAGAMENTO,3454.31,00,MG-CORE-01,BR,BR-1553155490,False,Brasil,0.05,False,False,1.1540881436141603
TXN00001252,CLI000179,2023-09-24,AJUSTE,3069.29,00,SP-CORE-02,BR,BR-2423995953,False,Brasil,0.05,False,False,0.9535255168539741
TXN00001253,CLI000988,2023-12-11,ESTORNO,3487.14,10,SP-CORE-02,BR,BR-2979958124,False,Brasil,0.05,False,False,1.233784693398564
TXN00001254,CLI000060,2023-05-05,AJUSTE,756.51,00,SP-CORE-01,BR,BR-7759781156,False,Brasil,0.05,False,False,-1.4016765793128036
TXN00001255,CLI000976,2023-06-17,AJUSTE,3161.22,02,SP-CORE-02,BR,BR-6991473746,False,Brasil,0.05,False,False,0.721618335487923
TXN00001256,CLI000459,2023-12-07,FATURA,492.43,10,SP-CORE-01,BR,BR-5421592782,False,Brasil,0.05,False,False,-0.31747222353795584
TXN00001257,CLI000478,2023-11-26,FATURA,1214.43,10,BA-CORE-01,BR,BR-8229344434,False,Brasil,0.05,False,False,-0.28982429951670097
TXN00001258,CLI000697,2023-05-13,AJUSTE,422.6,00,SP-CORE-01,BR,BR-6037168610,False,Brasil,0.05,False,False,0.13970973571505438
TXN00001259,CLI001182,2023-03-01,AJUSTE,2013.48,01,RJ-CORE-01,BR,BR-6098775210,False,Brasil,0.05,False,False,-0.4056991427786516
TXN00001260,CLI000655,2023-06-09,FATURA,235.36,01,MG-CORE-01,BR,BR-6496933442,False,Brasil,0.05,False,False,-1.3285758538207437
TXN00001261,CLI000219,2023-12-14,ESTORNO,3270.06,01,BA-CORE-01,BR,BR-4794276323,False,Brasil,0.05,False,False,1.207200417107902
TXN00001262,CLI000608,2023-01-05,PAGAMENTO,1893.26,10,RJ-CORE-01,BR,BR-9738752801,False,Brasil,0.05,False,False,0.8585587313724196
TXN00001263,CLI000299,2023-09-13,AJUSTE,2386.33,01,BA-CORE-01,BR,BR-6562434335,False,Brasil,0.05,False,False,0.6613097775843293
TXN00001264,CLI000980,2023-11-03,FATURA,1134.08,00,RJ-CORE-01,BR,BR-7660157097,False,Brasil,0.05,False,False,0.45894582832258074
TXN00001265,CLI000313,2023-09-11,AJUSTE,1034.4,10,SP-CORE-01,BR,BR-1261903104,False,Brasil,0.05,False,False,-0.032510157727541705
TXN00001266,CLI000803,2023-04-26,AJUSTE,2457.42,00,SP-CORE-02,BR,BR-6496596008,False,Brasil,0.05,False,False,-0.579163193961918
TXN00001267,CLI000866,2023-12-04,ESTORNO,-3195.07,01,SP-CORE-01,BR,BR-5884391502,False,Brasil,0.05,False,False,-1.493793117035114
TXN00001268,CLI000580,2023-06-28,PAGAMENTO,2656.85,10,SP-CORE-01,BR,BR-3258354191,False,Brasil,0.05,False,False,-0.4041720439489524
TXN00001269,CLI001189,2023-12-23,ESTORNO,-3232.26,10,SP-CORE-01,BR,BR-4413838650,False,Brasil,0.05,False,False,-1.14107644795711
TXN00001270,CLI000905,2023-12-30,FATURA,1078.18,01,BA-CORE-01,BR,BR-9544423456,False,Brasil,0.05,False,False,-0.7071067811865477
TXN00001271,CLI000019,2023-05-30,PAGAMENTO,3142.32,01,SP-CORE-02,BR,BR-6837342064,False,Brasil,0.05,False,False,1.369127758671397
TXN00001272,CLI000345,2023-10-22,ESTORNO,374.78,01,MG-CORE-01,BR,BR-7376649850,False,Brasil,0.05,False,False,-0.42636378888898857
TXN00001273,CLI000241,2023-02-19,FATURA,1257.43,10,SP-CORE-02,BR,BR-7452729913,False,Brasil,0.05,False,False,-0.3016420505054134
TXN00001274,CLI000244,2023-10-31,ESTORNO,-240513.93,9A,SANTOS-PORT-07,PA,OFFSHORE-480396MI,True,Panamá,0.9,True,True,-1.4999264438778914
TXN00001275,CLI000950,2023-07-23,AJUSTE,1720.42,01,MG-CORE-01,BR,BR-4630196130,False,Brasil,0.05,False,False,0.3039019544990148
TXN00001276,CLI000246,2023-05-21,PAGAMENTO,2220.52,10,RJ-CORE-01,BR,BR-1756345332,False,Brasil,0.05,False,False,0.2869184058267183
TXN00001277,CLI001174,2023-02-12,FATURA,444.74,01,SP-CORE-01,BR,BR-7839819230,False,Brasil,0.05,False,False,-0.8285944148787436
TXN00001278,CLI000787,2023-05-21,PAGAMENTO,2434.17,00,BA-CORE-01,BR,BR-8291250562,False,Brasil,0.05,False,False,0.35991906468086354
TXN00001279,CLI000204,2023-11-27,PAGAMENTO,2465.52,02,BA-CORE-01,BR,BR-9711080868,False,Brasil,0.05,False,False,0.10743784791454732
TXN00001280,CLI001099,2023-02-02,ESTORNO,-2503.91,01,MG-CORE-01,BR,BR-8303853049,False,Brasil,0.05,False,False,-1.7947816822459692
TXN00001281,CLI000371,2023-02-02,PAGAMENTO,1825.78,00,SP-CORE-02,BR,BR-3420671425,False,Brasil,0.05,False,False,-1.1493860936006528
TXN00001282,CLI000264,2023-01-03,AJUSTE,1950.43,02,SP-CORE-01,BR,BR-2327372855,False,Brasil,0.05,False,False,0.39287959764445285
TXN00001283,CLI000256,2023-12-01,AJUSTE,581.01,02,SP-CORE-01,BR,BR-3106408413,False,Brasil,0.05,False,False,-0.3882027418367982
TXN00001284,CLI000095,2023-07-06,ESTORNO,-3382.64,01,MG-CORE-01,BR,BR-1387652480,False,Brasil,0.05,False,False,-1.401920936496173
TXN00001285,CLI001071,2023-12-04,ESTORNO,1878.68,01,BA-CORE-01,BR,BR-1939777262,False,Brasil,0.05,False,False,1.4018944890572789
TXN00001286,CLI000386,2023-11-07,ESTORNO,-1892.97,01,SP-CORE-01,BR,BR-7556046460,False,Brasil,0.05,False,False,-1.1542669184198386
TXN00001287,CLI001131,2023-06-03,AJUSTE,2999.18,01,SP-CORE-02,BR,BR-5297902885,False,Brasil,0.05,False,False,-0.3617581885499206
TXN00001288,CLI000153,2023-10-30,AJUSTE,1269.55,01,BA-CORE-01,BR,BR-5855415646,False,Brasil,0.05,False,False,0.8393152951108359
TXN00001289,CLI000521,2023-05-14,ESTORNO,-1348.6,01,MG-CORE-01,BR,BR-4079223686,False,Brasil,0.05,False,False,-1.291747893913006
TXN00001290,CLI000395,2023-12-22,PAGAMENTO,518.49,01,SP-CORE-01,BR,BR-2389803385,False,Brasil,0.05,False,False,0.10693587700828795
TXN00001291,CLI000889,2023-10-16,ESTORNO,-2307.47,01,MG-CORE-01,BR,BR-1094115188,False,Brasil,0.05,False,False,-1.3024757734547263
TXN00001292,CLI000256,2023-01-14,PAGAMENTO,3374.78,01,SP-CORE-01,BR,BR-4939447721,False,Brasil,0.05,False,False,1.281702486771857
TXN00001293,CLI000744,2023-12-17,FATURA,1928.32,00,RJ-CORE-01,BR,BR-4325878813,False,Brasil,0.05,False,False,-0.11530719010646696
TXN00001294,CLI000456,2023-05-20,ESTORNO,-529.23,01,RJ-CORE-01,BR,BR-8991514523,False,Brasil,0.05,False,False,-0.8286833948973912
TXN00001295,CLI000628,2023-02-23,PAGAMENTO,2743.91,00,SP-CORE-02,BR,BR-5125568431,False,Brasil,0.05,False,False,0.7658761425532145
TXN00001296,CLI000203,2023-02-18,PAGAMENTO,1860.78,02,BA-CORE-01,BR,BR-5728897164,False,Brasil,0.05,False,False,-0.07032976903993737
TXN00001297,CLI001089,2023-03-29,FATURA,1126.63,10,SP-CORE-02,BR,BR-6591038760,False,Brasil,0.05,False,False,0.45306481110716457
TXN00001298,CLI000319,2023-09-02,PAGAMENTO,2081.24,02,SP-CORE-01,BR,BR-9369574998,False,Brasil,0.05,False,False,0.23662441470948786
TXN00001299,CLI000511,2023-03-15,AJUSTE,1338.23,02,SP-CORE-01,BR,BR-9420979586,False,Brasil,0.05,False,False,-0.7071067811865475
TXN00001300,CLI001029,2023-12-28,PAGAMENTO,1613.1,10,RJ-CORE-01,BR,BR-8083175325,False,Brasil,0.05,False,False,0.7516365983985692
TXN00001301,CLI000833,2023-05-22,ESTORNO,3335.1,01,RJ-CORE-01,BR,BR-8675071314,False,Brasil,0.05,False,False,1.6114211105227276
TXN00001302,CLI000118,2023-02-16,ESTORNO,-2228.67,00,SP-CORE-02,BR,BR-6048096802,False,Brasil,0.05,False,False,-1.3410301251103838
TXN00001303,CLI001042,2023-05-27,FATURA,1948.48,10,SP-CORE-01,BR,BR-8252045593,False,Brasil,0.05,False,False,-0.5639027039032195
TXN00001304,CLI000390,2023-09-03,AJUSTE,1752.36,00,MG-CORE-01,BR,BR-1546957087,False,Brasil,0.05,False,False,-0.6004136230334627
TXN00001305,CLI000087,2023-08-06,FATURA,2465.02,02,SP-CORE-02,BR,BR-4130305126,False,Brasil,0.05,False,False,1.1675564345214193
TXN00001306,CLI000752,2023-03-28,PAGAMENTO,2367.34,01,SP-CORE-02,BR,BR-1139082827,False,Brasil,0.05,False,False,0.6452436644098976
TXN00001307,CLI000777,2023-09-21,AJUSTE,1249.45,00,MG-CORE-01,BR,BR-7882206934,False,Brasil,0.05,False,False,0.40685068966705096
TXN00001308,CLI001105,2023-07-11,AJUSTE,-438799.51,4F,SANTOS-PORT-07,PA,OFFSHORE-315410ZT,True,Panamá,0.9,True,True,-2.2676472218305253
TXN00001309,CLI000005,2023-05-29,FATURA,1061.14,02,RJ-CORE-01,BR,BR-5501759051,False,Brasil,0.05,False,False,-0.698855042407472
TXN00001310,CLI001000,2023-04-22,PAGAMENTO,3232.24,00,MG-CORE-01,BR,BR-7073166054,False,Brasil,0.05,False,False,1.1527788244456922
TXN00001311,CLI000725,2023-07-02,FATURA,40.5,10,RJ-CORE-01,BR,BR-9082143437,False,Brasil,0.05,False,False,-1.1134506262727715
TXN00001312,CLI000019,2023-01-03,FATURA,1237.03,01,MG-CORE-01,BR,BR-2612105539,False,Brasil,0.05,False,False,-0.8421321672691324
TXN00001313,CLI000315,2023-08-09,FATURA,1732.32,00,BA-CORE-01,BR,BR-8854666158,False,Brasil,0.05,False,False,0.16674916195335776
TXN00001314,CLI000464,2023-03-05,PAGAMENTO,3197.62,00,SP-CORE-02,BR,BR-1968870456,False,Brasil,0.05,False,False,0.9251964509860996
TXN00001315,CLI001099,2023-07-22,PAGAMENTO,1322.6,02,MG-CORE-01,BR,BR-2938264714,False,Brasil,0.05,False,False,0.046744718669446586
TXN00001316,CLI000889,2023-02-25,ESTORNO,-3463.0,10,SP-CORE-02,BR,BR-5438474114,False,Brasil,0.05,False,False,-1.7822482414836174
TXN00001317,CLI000584,2023-07-03,FATURA,3094.85,01,SP-CORE-01,BR,BR-5381201661,False,Brasil,0.05,False,False,-0.4313945847776851
TXN00001318,CLI000408,2023-03-10,FATURA,1393.02,02,SP-CORE-01,BR,BR-1449790661,False,Brasil,0.05,False,False,-0.27799413403414414
TXN00001319,CLI001127,2023-12-07,PAGAMENTO,3440.59,00,MG-CORE-01,BR,BR-2468055063,False,Brasil,0.05,False,False,1.1087714495998295
TXN00001320,CLI000797,2023-12-16,PAGAMENTO,2505.84,02,MG-CORE-01,BR,BR-9108603060,False,Brasil,0.05,False,False,1.0418291827257204
TXN00001321,CLI000705,2023-02-26,AJUSTE,3352.72,00,SP-CORE-02,BR,BR-9912067529,False,Brasil,0.05,False,False,0.7071067811865475
TXN00001322,CLI000017,2023-12-17,FATURA,843.04,02,MG-CORE-01,BR,BR-5200656353,False,Brasil,0.05,False,False,-0.3077393091549972
TXN00001323,CLI000508,2023-09-03,PAGAMENTO,1027.34,10,SP-CORE-01,BR,BR-9131344493,False,Brasil,0.05,False,False,-0.7155011859203174
TXN00001324,CLI000507,2023-09-19,AJUSTE,670.27,02,SP-CORE-01,BR,BR-4025824435,False,Brasil,0.05,False,False,-0.6300021194805574
TXN00001325,CLI000372,2023-04-12,PAGAMENTO,1669.15,00,BA-CORE-01,BR,BR-3807341727,False,Brasil,0.05,False,False,0.16918925388827208
TXN00001326,CLI000271,2023-10-30,AJUSTE,2208.6,01,SP-CORE-02,BR,BR-2864876473,False,Brasil,0.05,False,False,0.4863379066554838
TXN00001327,CLI000037,2023-01-20,PAGAMENTO,973.04,01,SP-CORE-02,BR,BR-1230020161,False,Brasil,0.05,False,False,0.688122087438567
TXN00001328,CLI000628,2023-02-16,AJUSTE,3027.94,10,MG-CORE-01,BR,BR-2422040412,False,Brasil,0.05,False,False,0.9256029950592394
TXN00001329,CLI000875,2023-04-24,AJUSTE,1189.9,10,SP-CORE-01,BR,BR-5185009345,False,Brasil,0.05,False,False,-0.8160689921988601
TXN00001330,CLI000857,2023-06-05,FATURA,402.99,02,RJ-CORE-01,BR,BR-7614788357,False,Brasil,0.05,False,False,0.4030310563171309
TXN00001331,CLI000107,2023-06-13,AJUSTE,3134.97,01,SP-CORE-01,BR,BR-8132213650,False,Brasil,0.05,False,False,1.412829294528189
TXN00001332,CLI000517,2023-04-19,ESTORNO,-1012.9,02,BA-CORE-01,BR,BR-2277326067,False,Brasil,0.05,False,False,0.49079529006886286
TXN00001333,CLI001131,2023-07-06,PAGAMENTO,203684.39,9A,SANTOS-PORT-07,KY,OFFSHORE-241714DB,True,Ilhas Cayman,0.95,True,True,2.267403067581456
TXN00001334,CLI000762,2023-06-19,AJUSTE,1274.78,02,BA-CORE-01,BR,BR-8665986525,False,Brasil,0.05,False,False,0.36252701715435404
TXN00001335,CLI000268,2023-11-29,AJUSTE,980.3,10,SP-CORE-01,BR,BR-7317658317,False,Brasil,0.05,False,False,-0.7071067811865475
TXN00001336,CLI000203,2023-01-22,FATURA,2061.23,01,SP-CORE-02,BR,BR-2138185235,False,Brasil,0.05,False,False,0.11821962096665574
TXN00001337,CLI001093,2023-10-07,FATURA,2174.16,02,MG-CORE-01,BR,BR-2664416298,False,Brasil,0.05,False,False,0.8113697445109996
TXN00001338,CLI001148,2023-01-23,AJUSTE,464.86,10,BA-CORE-01,BR,BR-6933261892,False,Brasil,0.05,False,False,0.3183961786922385
TXN00001339,CLI000859,2023-07-07,ESTORNO,-245938.42,9A,SANTOS-PORT-07,LU,OFFSHORE-806868FO,True,Luxemburgo,0.8,True,True,-1.4999975037248727
TXN00001340,CLI001160,2023-03-27,FATURA,2105.05,01,RJ-CORE-01,BR,BR-9316609031,False,Brasil,0.05,False,False,0.8504967557634442
TXN00001341,CLI001052,2023-12-22,FATURA,681.86,10,MG-CORE-01,BR,BR-6307042062,False,Brasil,0.05,False,False,-0.3976672841797831
TXN00001342,CLI000821,2023-03-26,FATURA,1543.35,10,BA-CORE-01,BR,BR-2283560032,False,Brasil,0.05,False,False,0.26841824902441414
TXN00001343,CLI000019,2023-04-16,ESTORNO,660.55,01,BA-CORE-01,BR,BR-9739092337,False,Brasil,0.05,False,False,-1.5111889103928544
TXN00001344,CLI000607,2023-09-15,PAGAMENTO,2482.98,02,RJ-CORE-01,BR,BR-1633282877,False,Brasil,0.05,False,False,0.4119110472544479
TXN00001345,CLI000081,2023-10-10,ESTORNO,-434.48,01,SP-CORE-01,BR,BR-2928610987,False,Brasil,0.05,False,False,-0.3560371403189396
TXN00001346,CLI000431,2023-05-23,AJUSTE,3246.82,02,SP-CORE-01,BR,BR-1827752234,False,Brasil,0.05,False,False,1.3355254743115672
TXN00001347,CLI001125,2023-01-01,FATURA,2277.29,02,RJ-CORE-01,BR,BR-5478258887,False,Brasil,0.05,False,False,0.6099237981098199
TXN00001348,CLI000022,2023-03-10,ESTORNO,1441.03,02,RJ-CORE-01,BR,BR-8228968839,False,Brasil,0.05,False,False,-0.4040040940099609
TXN00001349,CLI001101,2023-04-23,ESTORNO,2562.06,02,SP-CORE-02,BR,BR-7850677534,False,Brasil,0.05,False,False,0.47058906401603395
TXN00001350,CLI000423,2023-12-19,FATURA,1349.29,02,BA-CORE-01,BR,BR-4467514661,False,Brasil,0.05,False,False,0.707106781186547
TXN00001351,CLI000319,2023-04-23,PAGAMENTO,1148.44,01,BA-CORE-01,BR,BR-5668747327,False,Brasil,0.05,False,False,-0.6239085138391457
TXN00001352,CLI000982,2023-04-29,PAGAMENTO,2559.75,10,RJ-CORE-01,BR,BR-7684533347,False,Brasil,0.05,False,False,0.6704304120118865
TXN00001353,CLI001167,2023-09-11,FATURA,651.67,01,SP-CORE-02,BR,BR-7666022005,False,Brasil,0.05,False,False,-0.6851885559640962
TXN00001354,CLI000364,2023-04-03,PAGAMENTO,2273.52,00,RJ-CORE-01,BR,BR-8974140139,False,Brasil,0.05,False,False,0.41279755824976744
TXN00001355,CLI000874,2023-12-18,PAGAMENTO,2135.22,00,SP-CORE-02,BR,BR-7527011028,False,Brasil,0.05,False,False,-0.49913497532625356
TXN00001356,CLI000282,2023-08-21,AJUSTE,3183.78,10,SP-CORE-01,BR,BR-8652281649,False,Brasil,0.05,False,False,0.8496313553202534
TXN00001357,CLI000028,2023-11-05,FATURA,367.06,10,SP-CORE-01,BR,BR-5778232041,False,Brasil,0.05,False,False,-0.4764497437298328
TXN00001358,CLI000028,2023-03-09,FATURA,884.23,00,RJ-CORE-01,BR,BR-1642708893,False,Brasil,0.05,False,False,-0.041974287109242114
TXN00001359,CLI000286,2023-02-24,FATURA,1907.45,02,SP-CORE-01,BR,BR-4348118981,False,Brasil,0.05,False,False,-0.3433769450232362
TXN00001360,CLI000981,2023-10-16,PAGAMENTO,3125.52,01,RJ-CORE-01,BR,BR-8669719073,False,Brasil,0.05,False,False,1.221049277154918
TXN00001361,CLI000044,2023-05-05,AJUSTE,214.45,02,BA-CORE-01,BR,BR-9075121701,False,Brasil,0.05,False,False,-0.11918934885884434
TXN00001362,CLI000291,2023-02-22,FATURA,1915.35,00,BA-CORE-01,BR,BR-9065491438,False,Brasil,0.05,False,False,0.3840222504377494
TXN00001363,CLI000724,2023-04-25,FATURA,103.52,10,MG-CORE-01,BR,BR-6429425484,False,Brasil,0.05,False,False,0.34362105959429434
TXN00001364,CLI000226,2023-04-26,ESTORNO,-3227.48,10,SP-CORE-01,BR,BR-8107258941,False,Brasil,0.05,False,False,-0.502574228521022
TXN00001365,CLI000684,2023-02-22,AJUSTE,3348.5,02,RJ-CORE-01,BR,BR-3031719772,False,Brasil,0.05,False,False,1.3832073659607846
TXN00001366,CLI000310,2023-07-04,FATURA,3233.15,00,SP-CORE-01,BR,BR-6034559492,False,Brasil,0.05,False,False,0.9538143658742404
TXN00001367,CLI000618,2023-08-08,AJUSTE,1866.07,01,MG-CORE-01,BR,BR-2730759996,False,Brasil,0.05,False,False,-1.090366361378664
TXN00001368,CLI000157,2023-06-28,ESTORNO,3066.4,02,MG-CORE-01,BR,BR-2725373847,False,Brasil,0.05,False,False,0.9740413842292008
TXN00001369,CLI000800,2023-03-18,FATURA,2726.69,01,RJ-CORE-01,BR,BR-9070061596,False,Brasil,0.05,False,False,1.283121649048141
TXN00001370,CLI000571,2023-09-02,PAGAMENTO,2854.98,00,BA-CORE-01,BR,BR-3965734008,False,Brasil,0.05,False,False,1.071072510767898
TXN00001371,CLI000723,2023-02-16,AJUSTE,1144.23,01,SP-CORE-02,BR,BR-9801637712,False,Brasil,0.05,False,False,0.7071067811865476
TXN00001372,CLI000504,2023-09-11,ESTORNO,-1494.94,10,BA-CORE-01,BR,BR-2599620611,False,Brasil,0.05,False,False,-1.3271278973151677
TXN00001373,CLI000472,2023-08-03,PAGAMENTO,1931.7,10,BA-CORE-01,BR,BR-8703676933,False,Brasil,0.05,False,False,0.7452527117384113
TXN00001374,CLI000450,2023-02-12,PAGAMENTO,2041.75,10,BA-CORE-01,BR,BR-6630484376,False,Brasil,0.05,False,False,-0.7071067811865476
TXN00001375,CLI001144,2023-05-01,FATURA,1278.75,01,SP-CORE-01,BR,BR-8914965741,False,Brasil,0.05,False,False,0.697454735247823
TXN00001376,CLI000286,2023-03-10,PAGAMENTO,3224.75,00,RJ-CORE-01,BR,BR-3941417062,False,Brasil,0.05,False,False,-0.31479369035968463
TXN00001377,CLI000115,2023-08-24,ESTORNO,521.61,10,SP-CORE-02,BR,BR-1979069637,False,Brasil,0.05,False,False,-0.27276391956100066
TXN00001378,CLI000870,2023-03-02,AJUSTE,3367.94,01,MG-CORE-01,BR,BR-8489236010,False,Brasil,0.05,False,False,0.7071067811865475
TXN00001379,CLI000062,2023-01-28,ESTORNO,2460.88,00,MG-CORE-01,BR,BR-6673086213,False,Brasil,0.05,False,False,0.5753214231902549
TXN00001380,CLI001166,2023-07-07,AJUSTE,511.65,01,SP-CORE-01,BR,BR-8425136942,False,Brasil,0.05,False,False,-1.1498261768163758
TXN00001381,CLI000614,2023-03-18,PAGAMENTO,2683.65,10,SP-CORE-02,BR,BR-1383484123,False,Brasil,0.05,False,False,0.7027233300214224
TXN00001382,CLI000228,2023-07-30,PAGAMENTO,2534.5,10,SP-CORE-01,BR,BR-2897158366,False,Brasil,0.05,False,False,-0.6648251521947189
TXN00001383,CLI001031,2023-01-31,AJUSTE,3086.43,00,BA-CORE-01,BR,BR-9831336766,False,Brasil,0.05,False,False,1.1433880382773625
TXN00001384,CLI000529,2023-01-06,AJUSTE,1399.44,10,MG-CORE-01,BR,BR-4399425369,False,Brasil,0.05,False,False,-0.09292528337856641
TXN00001385,CLI000257,2023-12-30,ESTORNO,811.06,01,RJ-CORE-01,BR,BR-5576790020,False,Brasil,0.05,False,False,0.17347820969494937
TXN00001386,CLI001146,2023-07-25,AJUSTE,2174.27,01,MG-CORE-01,BR,BR-2732526008,False,Brasil,0.05,False,False,1.154413796556432
TXN00001387,CLI000338,2023-12-21,FATURA,1650.16,02,MG-CORE-01,BR,BR-3442428958,False,Brasil,0.05,False,False,-1.2151828701007896
TXN00001388,CLI000214,2023-07-10,FATURA,2270.33,01,RJ-CORE-01,BR,BR-1746196273,False,Brasil,0.05,False,False,0.3711829926400823
TXN00001389,CLI000578,2023-07-05,FATURA,2119.1,02,SP-CORE-01,BR,BR-1247508299,False,Brasil,0.05,False,False,0.3349365860108712
TXN00001390,CLI000634,2023-10-05,AJUSTE,390.5,01,BA-CORE-01,BR,BR-5437006340,False,Brasil,0.05,False,False,-1.058806513926178
TXN00001391,CLI000175,2023-10-10,AJUSTE,722.01,00,SP-CORE-02,BR,BR-6150137259,False,Brasil,0.05,False,False,-0.35073650448990584
TXN00001392,CLI000645,2023-10-16,FATURA,3453.0,10,SP-CORE-01,BR,BR-4964570811,False,Brasil,0.05,False,False,1.1775139259019167
TXN00001393,CLI001025,2023-06-08,FATURA,49.51,02,RJ-CORE-01,BR,BR-3925621610,False,Brasil,0.05,False,False,0.15088249535723797
TXN00001394,CLI000679,2023-06-11,AJUSTE,2636.41,02,SP-CORE-02,BR,BR-6334083514,False,Brasil,0.05,False,False,0.6439880297563564
TXN00001395,CLI000783,2023-09-15,PAGAMENTO,371.49,01,SP-CORE-01,BR,BR-2915999663,False,Brasil,0.05,False,False,0.7071067811865476
TXN00001396,CLI000311,2023-10-28,PAGAMENTO,3043.47,00,RJ-CORE-01,BR,BR-7662927609,False,Brasil,0.05,False,False,0.8370497102771328
TXN00001397,CLI000289,2023-02-10,PAGAMENTO,3100.51,00,SP-CORE-02,BR,BR-2478538226,False,Brasil,0.05,False,False,1.0466607424665397
TXN00001398,CLI000695,2023-09-14,AJUSTE,1816.73,02,MG-CORE-01,BR,BR-5683197659,False,Brasil,0.05,False,False,-0.8321368148034483
TXN00001399,CLI000154,2023-07-04,ESTORNO,-2189.68,10,SP-CORE-01,BR,BR-5412866242,False,Brasil,0.05,False,False,-1.394920455819524
TXN00001400,CLI000293,2023-10-18,AJUSTE,2204.71,10,SP-CORE-01,BR,BR-1213249628,False,Brasil,0.05,False,False,0.2285823407604686
TXN00001401,CLI000348,2023-10-08,ESTORNO,-3039.02,00,MG-CORE-01,BR,BR-6182870116,False,Brasil,0.05,False,False,-1.3368002750239973
TXN00001402,CLI000367,2023-03-24,ESTORNO,-105219.88,4F,SANTOS-PORT-07,LU,OFFSHORE-437489UN,True,Luxemburgo,0.8,True,True,-2.040585932979493
TXN00001403,CLI000254,2023-05-13,PAGAMENTO,3451.78,02,MG-CORE-01,BR,BR-1439427140,False,Brasil,0.05,False,False,1.063182006430551
TXN00001404,CLI000265,2023-01-21,PAGAMENTO,1284.88,02,MG-CORE-01,BR,BR-7910817577,False,Brasil,0.05,False,False,-0.6023319610399023
TXN00001405,CLI000847,2023-07-07,PAGAMENTO,1803.43,02,RJ-CORE-01,BR,BR-5759272717,False,Brasil,0.05,False,False,-0.15109628115616103
TXN00001406,CLI000502,2023-05-15,PAGAMENTO,3073.38,00,BA-CORE-01,BR,BR-5569145346,False,Brasil,0.05,False,False,0.9790632271790718
TXN00001407,CLI001168,2023-03-21,FATURA,2988.65,02,MG-CORE-01,BR,BR-9539945315,False,Brasil,0.05,False,False,0.9349034359463042
TXN00001408,CLI000955,2023-02-07,PAGAMENTO,796.22,10,SP-CORE-01,BR,BR-8046300793,False,Brasil,0.05,False,False,0.18450380762254495
TXN00001409,CLI000370,2023-11-25,PAGAMENTO,1882.2,10,SP-CORE-01,BR,BR-8995045543,False,Brasil,0.05,False,False,0.5898347161697622
TXN00001410,CLI000133,2023-07-23,FATURA,2693.39,01,MG-CORE-01,BR,BR-2283298067,False,Brasil,0.05,False,False,0.8848349739932141
TXN00001411,CLI000931,2023-06-25,ESTORNO,-3487.61,10,SP-CORE-02,BR,BR-4287687478,False,Brasil,0.05,False,False,-1.6252765834136238
TXN00001412,CLI000656,2023-10-07,FATURA,561.98,10,SP-CORE-02,BR,BR-4864126433,False,Brasil,0.05,False,False,0.009618723825424948
TXN00001413,CLI000970,2023-11-04,FATURA,2714.24,00,RJ-CORE-01,BR,BR-7872090713,False,Brasil,0.05,False,False,0.9142982702408206
TXN00001414,CLI000517,2023-01-28,AJUSTE,756.0,00,MG-CORE-01,BR,BR-8131923452,False,Brasil,0.05,False,False,0.5076167068908808
TXN00001415,CLI000611,2023-02-12,AJUSTE,513.25,02,MG-CORE-01,BR,BR-3923823693,False,Brasil,0.05,False,False,0.7071067811865476
TXN00001416,CLI000190,2023-08-03,PAGAMENTO,1846.23,02,SP-CORE-02,BR,BR-4097887746,False,Brasil,0.05,False,False,0.6704872913527266
TXN00001417,CLI000716,2023-06-25,PAGAMENTO,3372.51,02,SP-CORE-02,BR,BR-8109891300,False,Brasil,0.05,False,False,1.138440326199986
TXN00001418,CLI001169,2023-09-04,PAGAMENTO,1674.74,01,MG-CORE-01,BR,BR-9579064478,False,Brasil,0.05,False,False,0.22971864957674615
TXN00001419,CLI000297,2023-01-06,PAGAMENTO,1971.96,01,SP-CORE-01,BR,BR-7092693247,False,Brasil,0.05,False,False,0.7071067811865476
TXN00001420,CLI000303,2023-12-07,ESTORNO,3452.56,02,SP-CORE-01,BR,BR-9741628563,False,Brasil,0.05,False,False,-0.34770683593088897
TXN00001421,CLI000008,2023-06-12,PAGAMENTO,415.35,10,RJ-CORE-01,BR,BR-6110646714,False,Brasil,0.05,False,False,-0.9700251390030478
TXN00001422,CLI000385,2023-03-06,PAGAMENTO,2227.34,00,SP-CORE-01,BR,BR-8666074487,False,Brasil,0.05,False,False,1.0012636010188023
TXN00001423,CLI000443,2023-12-23,PAGAMENTO,1920.38,01,BA-CORE-01,BR,BR-8180620422,False,Brasil,0.05,False,False,0.9887132843864369
TXN00001424,CLI000629,2023-04-18,ESTORNO,-3334.27,00,RJ-CORE-01,BR,BR-7473868020,False,Brasil,0.05,False,False,-1.7490756223737975
TXN00001425,CLI000721,2023-12-25,FATURA,1756.97,10,MG-CORE-01,BR,BR-4631048029,False,Brasil,0.05,False,False,0.08749000150970307
TXN00001426,CLI000765,2023-10-05,ESTORNO,-1501.96,02,SP-CORE-01,BR,BR-6072939882,False,Brasil,0.05,False,False,-1.359024515221886
TXN00001427,CLI000896,2023-10-11,AJUSTE,2090.22,10,MG-CORE-01,BR,BR-5714169271,False,Brasil,0.05,False,False,0.5579663557103658
TXN00001428,CLI000034,2023-12-26,ESTORNO,-2178.91,00,SP-CORE-01,BR,BR-1383539822,False,Brasil,0.05,False,False,-0.4054633150423606
TXN00001429,CLI001191,2023-02-23,PAGAMENTO,1747.49,00,MG-CORE-01,BR,BR-2525930586,False,Brasil,0.05,False,False,0.0
TXN00001430,CLI000932,2023-12-08,FATURA,1028.87,10,SP-CORE-02,BR,BR-6613888489,False,Brasil,0.05,False,False,-0.31596136667576186
TXN00001431,CLI000951,2023-02-28,PAGAMENTO,700.55,10,SP-CORE-01,BR,BR-6717963562,False,Brasil,0.05,False,False,-1.2677039183236762
TXN00001432,CLI000459,2023-11-27,PAGAMENTO,2469.35,10,SP-CORE-01,BR,BR-6557907251,False,Brasil,0.05,False,False,1.2208051984146318
TXN00001433,CLI000009,2023-05-18,ESTORNO,3081.03,02,RJ-CORE-01,BR,BR-4655935832,False,Brasil,0.05,False,False,0.6097397632467418
TXN00001434,CLI000651,2023-01-17,PAGAMENTO,74.04,01,RJ-CORE-01,BR,BR-3020939193,False,Brasil,0.05,False,False,0.0
TXN00001435,CLI000395,2023-03-29,ESTORNO,3357.88,10,SP-CORE-02,BR,BR-5600836559,False,Brasil,0.05,False,False,1.384765062831476
TXN00001436,CLI000356,2023-01-27,PAGAMENTO,2808.63,10,SP-CORE-02,BR,BR-4820055862,False,Brasil,0.05,False,False,0.7185637073110261
TXN00001437,CLI000259,2023-06-12,PAGAMENTO,1820.12,10,SP-CORE-02,BR,BR-3149533961,False,Brasil,0.05,False,False,-0.027333338256672158
TXN00001438,CLI000326,2023-11-20,FATURA,2027.73,10,RJ-CORE-01,BR,BR-6576395496,False,Brasil,0.05,False,False,0.4367251000257111
TXN00001439,CLI000314,2023-04-15,ESTORNO,344.53,00,MG-CORE-01,BR,BR-4668931881,False,Brasil,0.05,False,False,-1.1243192378040046
TXN00001440,CLI000052,2023-11-13,FATURA,2482.36,00,BA-CORE-01,BR,BR-6155234610,False,Brasil,0.05,False,False,0.7135224488706451
TXN00001441,CLI000455,2023-08-21,AJUSTE,2227.93,02,SP-CORE-02,BR,BR-2965254350,False,Brasil,0.05,False,False,1.0817119154523342
TXN00001442,CLI000564,2023-04-10,ESTORNO,1883.25,01,MG-CORE-01,BR,BR-4073772623,False,Brasil,0.05,False,False,0.6697888023912074
TXN00001443,CLI000252,2023-03-15,FATURA,2203.48,00,SP-CORE-01,BR,BR-4345526911,False,Brasil,0.05,False,False,0.9074623642862173
TXN00001444,CLI001013,2023-03-14,FATURA,1002.97,01,SP-CORE-01,BR,BR-7389111087,False,Brasil,0.05,False,False,-0.21815599095535565
TXN00001445,CLI000157,2023-04-17,ESTORNO,-1379.98,10,SP-CORE-01,BR,BR-6054421752,False,Brasil,0.05,False,False,-2.1232242303853
TXN00001446,CLI000369,2023-12-18,AJUSTE,1481.28,02,MG-CORE-01,BR,BR-3725152347,False,Brasil,0.05,False,False,-0.5203198082967669
TXN00001447,CLI000992,2023-01-06,ESTORNO,3164.66,00,SP-CORE-01,BR,BR-5315211627,False,Brasil,0.05,False,False,0.605199925632581
TXN00001448,CLI000061,2023-03-23,FATURA,1835.68,02,SP-CORE-01,BR,BR-2174793230,False,Brasil,0.05,False,False,0.7871893969367959
TXN00001449,CLI000236,2023-09-23,FATURA,1800.87,01,SP-CORE-02,BR,BR-4283432667,False,Brasil,0.05,False,False,-0.07003186537455997
TXN00001450,CLI000549,2023-01-16,AJUSTE,1159.84,01,SP-CORE-01,BR,BR-1378134712,False,Brasil,0.05,False,False,-0.40755305537391273
TXN00001451,CLI000957,2023-09-04,ESTORNO,713.35,00,RJ-CORE-01,BR,BR-7934137693,False,Brasil,0.05,False,False,0.7071067811865474
TXN00001452,CLI000355,2023-08-12,PAGAMENTO,1804.04,10,SP-CORE-02,BR,BR-8015775567,False,Brasil,0.05,False,False,-0.1898606812261862
TXN00001453,CLI001196,2023-12-18,AJUSTE,2964.2,02,MG-CORE-01,BR,BR-7027529118,False,Brasil,0.05,False,False,0.7071067811865475
TXN00001454,CLI000557,2023-03-26,ESTORNO,-2783.47,10,MG-CORE-01,BR,BR-9441018790,False,Brasil,0.05,False,False,-0.8988593040362834
TXN00001455,CLI000766,2023-11-15,ESTORNO,394.31,10,MG-CORE-01,BR,BR-2646331504,False,Brasil,0.05,False,False,-0.8942676906241619
TXN00001456,CLI000840,2023-08-19,FATURA,602.03,00,BA-CORE-01,BR,BR-9751963589,False,Brasil,0.05,False,False,-0.7423838151929787
TXN00001457,CLI000661,2023-11-06,ESTORNO,-2896.87,02,MG-CORE-01,BR,BR-1818520766,False,Brasil,0.05,False,False,-1.1509401352850002
TXN00001458,CLI000762,2023-04-06,PAGAMENTO,1264.95,00,SP-CORE-02,BR,BR-3906611156,False,Brasil,0.05,False,False,0.35418382732149073
TXN00001459,CLI000438,2023-06-10,AJUSTE,445.62,02,SP-CORE-01,BR,BR-2068687175,False,Brasil,0.05,False,False,0.12574829087912873
TXN00001460,CLI000790,2023-10-18,PAGAMENTO,2787.43,01,BA-CORE-01,BR,BR-6773938304,False,Brasil,0.05,False,False,1.4244947763175546
TXN00001461,CLI000154,2023-11-05,ESTORNO,-758.37,01,SP-CORE-01,BR,BR-1553753599,False,Brasil,0.05,False,False,-0.7115815040545184
TXN00001462,CLI000404,2023-12-16,PAGAMENTO,2651.58,02,RJ-CORE-01,BR,BR-7823288650,False,Brasil,0.05,False,False,0.593123051611428
TXN00001463,CLI000255,2023-09-10,FATURA,1755.31,02,MG-CORE-01,BR,BR-1717346250,False,Brasil,0.05,False,False,-0.05520319666730516
TXN00001464,CLI000044,2023-03-29,PAGAMENTO,2112.98,10,SP-CORE-02,BR,BR-4538382315,False,Brasil,0.05,False,False,0.5282304641375914
TXN00001465,CLI000825,2023-01-10,ESTORNO,-2259.96,00,MG-CORE-01,BR,BR-6544063167,False,Brasil,0.05,False,False,-0.7071067811865476
TXN00001466,CLI000143,2023-10-01,FATURA,3214.76,00,RJ-CORE-01,BR,BR-6745958212,False,Brasil,0.05,False,False,1.0807506281959796
TXN00001467,CLI000650,2023-02-18,PAGAMENTO,2907.88,10,RJ-CORE-01,BR,BR-5275521470,False,Brasil,0.05,False,False,1.002396397391155
TXN00001468,CLI000612,2023-07-24,ESTORNO,-297.59,02,MG-CORE-01,BR,BR-9166381136,False,Brasil,0.05,False,False,-1.265904027879267
TXN00001469,CLI000211,2023-09-10,PAGAMENTO,2973.38,00,RJ-CORE-01,BR,BR-1809283659,False,Brasil,0.05,False,False,0.0
TXN00001470,CLI000662,2023-04-25,FATURA,186.46,00,SP-CORE-02,BR,BR-2732553940,False,Brasil,0.05,False,False,-1.0836233825575694
TXN00001471,CLI000011,2023-04-26,PAGAMENTO,612.27,01,RJ-CORE-01,BR,BR-1981049082,False,Brasil,0.05,False,False,-1.0072788997772855
TXN00001472,CLI000624,2023-05-13,FATURA,3093.95,00,SP-CORE-01,BR,BR-1563524533,False,Brasil,0.05,False,False,0.7071067811865476
TXN00001473,CLI000283,2023-05-16,FATURA,1166.06,10,RJ-CORE-01,BR,BR-4152835101,False,Brasil,0.05,False,False,-0.7071067811865475
TXN00001474,CLI000916,2023-03-03,PAGAMENTO,459.48,01,BA-CORE-01,BR,BR-1725783958,False,Brasil,0.05,False,False,-0.3883559913531489
TXN00001475,CLI000660,2023-09-25,FATURA,1856.01,10,MG-CORE-01,BR,BR-5455441991,False,Brasil,0.05,False,False,0.9261403546147755
TXN00001476,CLI001144,2023-04-26,PAGAMENTO,339.46,02,SP-CORE-01,BR,BR-9798613995,False,Brasil,0.05,False,False,0.1989819438536203
TXN00001477,CLI001013,2023-12-04,AJUSTE,2272.03,01,SP-CORE-01,BR,BR-5272119095,False,Brasil,0.05,False,False,1.0910688165690536
TXN00001478,CLI000385,2023-04-19,FATURA,65.69,01,MG-CORE-01,BR,BR-3843139149,False,Brasil,0.05,False,False,-0.9987315906681057
TXN00001479,CLI000316,2023-02-23,PAGAMENTO,1204.77,02,RJ-CORE-01,BR,BR-1084790270,False,Brasil,0.05,False,False,-0.7853801681316541
TXN00001480,CLI001052,2023-03-08,FATURA,781.37,02,MG-CORE-01,BR,BR-3962452613,False,Brasil,0.05,False,False,-0.3952694031199219
TXN00001481,CLI000630,2023-07-24,AJUSTE,674.08,02,MG-CORE-01,BR,BR-7085004726,False,Brasil,0.05,False,False,-0.21546614795466668
TXN00001482,CLI000034,2023-03-17,FATURA,1624.12,00,SP-CORE-01,BR,BR-2633177480,False,Brasil,0.05,False,False,-0.3749231692458397
TXN00001483,CLI000721,2023-04-06,PAGAMENTO,948.31,10,BA-CORE-01,BR,BR-7645527239,False,Brasil,0.05,False,False,-0.8342696834728569
TXN00001484,CLI000813,2023-03-02,ESTORNO,-3245.71,00,RJ-CORE-01,BR,BR-1657675888,False,Brasil,0.05,False,False,-1.2707331476924297
TXN00001485,CLI000201,2023-09-18,PAGAMENTO,1181.41,10,RJ-CORE-01,BR,BR-3707166618,False,Brasil,0.05,False,False,-0.15058924529225592
TXN00001486,CLI000388,2023-11-29,FATURA,1351.18,10,SP-CORE-02,BR,BR-6588252632,False,Brasil,0.05,False,False,-0.8267181338223618
TXN00001487,CLI000224,2023-04-01,PAGAMENTO,2087.29,10,BA-CORE-01,BR,BR-3841827734,False,Brasil,0.05,False,False,-0.7071067811865476
TXN00001488,CLI000109,2023-11-27,FATURA,886.33,00,SP-CORE-02,BR,BR-5884080139,False,Brasil,0.05,False,False,-1.0259824000495728
TXN00001489,CLI000565,2023-10-22,FATURA,946.3,00,BA-CORE-01,BR,BR-5800633419,False,Brasil,0.05,False,False,0.0
TXN00001490,CLI000208,2023-11-14,AJUSTE,2454.3,10,MG-CORE-01,BR,BR-5751366455,False,Brasil,0.05,False,False,-0.2812898702713793
TXN00001491,CLI000712,2023-12-21,AJUSTE,953.57,01,SP-CORE-02,BR,BR-6161147047,False,Brasil,0.05,False,False,-0.34295776174749076
TXN00001492,CLI000977,2023-12-28,ESTORNO,2095.17,00,SP-CORE-01,BR,BR-8316205130,False,Brasil,0.05,False,False,0.34912088966831956
TXN00001493,CLI000933,2023-12-19,ESTORNO,-850.4,02,SP-CORE-01,BR,BR-2268523764,False,Brasil,0.05,False,False,-1.684071615860648
TXN00001494,CLI000364,2023-01-07,AJUSTE,2337.79,10,RJ-CORE-01,BR,BR-9759180824,False,Brasil,0.05,False,False,0.41323287371453366
TXN00001495,CLI001195,2023-02-09,ESTORNO,614.12,00,BA-CORE-01,BR,BR-9302705838,False,Brasil,0.05,False,False,-1.4873407671545362
TXN00001496,CLI000036,2023-09-08,FATURA,3058.8,10,SP-CORE-01,BR,BR-2419931729,False,Brasil,0.05,False,False,1.3168370587677634
TXN00001497,CLI000688,2023-04-27,ESTORNO,-1847.94,01,SP-CORE-02,BR,BR-1011759631,False,Brasil,0.05,False,False,-1.0779489069584518
TXN00001498,CLI000747,2023-09-09,PAGAMENTO,2577.16,02,MG-CORE-01,BR,BR-3884642366,False,Brasil,0.05,False,False,0.49915698230359873
TXN00001499,CLI000992,2023-01-07,PAGAMENTO,2900.57,02,RJ-CORE-01,BR,BR-4895020135,False,Brasil,0.05,False,False,0.314470135711239
TXN00001500,CLI000452,2023-05-19,FATURA,2406.53,00,SP-CORE-02,BR,BR-8168394616,False,Brasil,0.05,False,False,0.26825270361786163
TXN00001501,CLI000737,2023-07-02,AJUSTE,1752.46,01,BA-CORE-01,BR,BR-3197757742,False,Brasil,0.05,False,False,-0.6034191857650848
TXN00001502,CLI001116,2023-02-15,AJUSTE,694.57,10,SP-CORE-01,BR,BR-6287793163,False,Brasil,0.05,False,False,-0.8618327500814105
TXN00001503,CLI000855,2023-09-27,PAGAMENTO,628.83,02,RJ-CORE-01,BR,BR-6566372886,False,Brasil,0.05,False,False,-0.4425251541446769
TXN00001504,CLI000932,2023-06-08,ESTORNO,-683.19,02,BA-CORE-01,BR,BR-2994056084,False,Brasil,0.05,False,False,-1.5134859734411852
TXN00001505,CLI000308,2023-05-28,ESTORNO,-403.46,00,MG-CORE-01,BR,BR-6542943838,False,Brasil,0.05,False,False,0.0
TXN00001506,CLI000604,2023-11-16,ESTORNO,-1962.33,01,RJ-CORE-01,BR,BR-6638034087,False,Brasil,0.05,False,False,-1.4544546579632918
TXN00001507,CLI000109,2023-08-21,FATURA,162.52,02,BA-CORE-01,BR,BR-4172006012,False,Brasil,0.05,False,False,-1.6988212910041216
TXN00001508,CLI000515,2023-06-06,PAGAMENTO,37.71,02,SP-CORE-01,BR,BR-1197092148,False,Brasil,0.05,False,False,-0.32507501415620194
TXN00001509,CLI000293,2023-06-29,AJUSTE,3077.95,01,SP-CORE-01,BR,BR-4659306670,False,Brasil,0.05,False,False,1.3854479405085223
TXN00001510,CLI000066,2023-08-10,AJUSTE,2056.58,00,RJ-CORE-01,BR,BR-6027311960,False,Brasil,0.05,False,False,0.3821587065903605
TXN00001511,CLI000201,2023-07-01,PAGAMENTO,885.58,10,MG-CORE-01,BR,BR-7965608188,False,Brasil,0.05,False,False,-0.544957433273295
TXN00001512,CLI000661,2023-06-04,ESTORNO,2097.69,01,BA-CORE-01,BR,BR-5694190173,False,Brasil,0.05,False,False,0.8975575443863852
TXN00001513,CLI001136,2023-12-16,AJUSTE,2691.46,02,SP-CORE-02,BR,BR-8795212264,False,Brasil,0.05,False,False,1.0972646833814073
TXN00001514,CLI001118,2023-06-04,AJUSTE,1081.39,02,BA-CORE-01,BR,BR-1785418196,False,Brasil,0.05,False,False,-1.0848545069288187
TXN00001515,CLI001079,2023-07-12,AJUSTE,2742.77,10,SP-CORE-01,BR,BR-7016293621,False,Brasil,0.05,False,False,1.6189286072345739
TXN00001516,CLI000876,2023-12-22,PAGAMENTO,1110.15,02,MG-CORE-01,BR,BR-9428056968,False,Brasil,0.05,False,False,-0.16555615492829692
TXN00001517,CLI000055,2023-08-04,PAGAMENTO,3365.84,10,SP-CORE-01,BR,BR-8948573913,False,Brasil,0.05,False,False,1.0083389145304564
TXN00001518,CLI001049,2023-02-15,PAGAMENTO,2650.38,02,SP-CORE-02,BR,BR-8730507757,False,Brasil,0.05,False,False,0.36757020379213345
TXN00001519,CLI000013,2023-03-07,ESTORNO,-2180.7,02,SP-CORE-01,BR,BR-4422700486,False,Brasil,0.05,False,False,-1.4505438284103835
TXN00001520,CLI000554,2023-09-23,PAGAMENTO,1621.57,00,SP-CORE-01,BR,BR-1485574228,False,Brasil,0.05,False,False,-0.44416801608593554
TXN00001521,CLI000679,2023-06-20,FATURA,2088.3,02,BA-CORE-01,BR,BR-1684598046,False,Brasil,0.05,False,False,0.40785605188283675
TXN00001522,CLI000296,2023-03-04,FATURA,2596.85,00,SP-CORE-02,BR,BR-7832220535,False,Brasil,0.05,False,False,-0.3244852390205511
TXN00001523,CLI000014,2023-03-11,PAGAMENTO,797.93,01,RJ-CORE-01,BR,BR-8208643631,False,Brasil,0.05,False,False,-0.9228675946588737
TXN00001524,CLI000314,2023-11-16,PAGAMENTO,2413.46,00,SP-CORE-01,BR,BR-5856127658,False,Brasil,0.05,False,False,0.311614385170214
TXN00001525,CLI000051,2023-09-24,FATURA,357.09,01,SP-CORE-01,BR,BR-9248046539,False,Brasil,0.05,False,False,-0.3447634957589924
TXN00001526,CLI000991,2023-07-20,PAGAMENTO,213.67,00,RJ-CORE-01,BR,BR-7061419749,False,Brasil,0.05,False,False,-0.7071067811865476
TXN00001527,CLI000253,2023-05-01,AJUSTE,2949.19,02,BA-CORE-01,BR,BR-1197449658,False,Brasil,0.05,False,False,1.5204095205015948
TXN00001528,CLI000350,2023-03-16,PAGAMENTO,2233.97,01,SP-CORE-02,BR,BR-2349641712,False,Brasil,0.05,False,False,-0.17360175358815974
TXN00001529,CLI001010,2023-09-01,AJUSTE,1692.02,02,SP-CORE-01,BR,BR-3426709025,False,Brasil,0.05,False,False,-0.1486133922988281
TXN00001530,CLI000871,2023-12-08,ESTORNO,-977.63,10,SP-CORE-01,BR,BR-5704029171,False,Brasil,0.05,False,False,-1.309946044687631
TXN00001531,CLI000023,2023-01-15,AJUSTE,1006.31,00,BA-CORE-01,BR,BR-6362597344,False,Brasil,0.05,False,False,-0.4696432060891551
TXN00001532,CLI000959,2023-01-18,ESTORNO,2264.98,10,SP-CORE-01,BR,BR-2653032484,False,Brasil,0.05,False,False,0.7071067811865477
TXN00001533,CLI001031,2023-05-22,PAGAMENTO,51.74,01,RJ-CORE-01,BR,BR-1234359689,False,Brasil,0.05,False,False,-1.482310839600733
TXN00001534,CLI000358,2023-06-28,AJUSTE,3160.88,10,BA-CORE-01,BR,BR-8940731272,False,Brasil,0.05,False,False,-0.7071067811865476
TXN00001535,CLI000571,2023-06-30,AJUSTE,2302.65,02,MG-CORE-01,BR,BR-8953726023,False,Brasil,0.05,False,False,-0.06386729055348028
TXN00001536,CLI000370,2023-07-21,ESTORNO,257.37,10,MG-CORE-01,BR,BR-4734111722,False,Brasil,0.05,False,False,-0.16994840426170546
TXN00001537,CLI000139,2023-03-08,ESTORNO,2448.24,02,BA-CORE-01,BR,BR-7406579219,False,Brasil,0.05,False,False,0.5014665060107669
TXN00001538,CLI000218,2023-01-16,FATURA,2985.07,01,SP-CORE-02,BR,BR-6329589780,False,Brasil,0.05,False,False,-0.43529226299346807
TXN00001539,CLI000357,2023-12-14,PAGAMENTO,1677.92,01,SP-CORE-02,BR,BR-9461708554,False,Brasil,0.05,False,False,-0.03690529019285141
TXN00001540,CLI000235,2023-08-04,PAGAMENTO,3229.87,00,BA-CORE-01,BR,BR-9806189256,False,Brasil,0.05,False,False,1.1495915052709846
TXN00001541,CLI000357,2023-02-07,FATURA,1556.52,02,BA-CORE-01,BR,BR-8057994126,False,Brasil,0.05,False,False,-0.1723209467892502
TXN00001542,CLI000401,2023-02-25,ESTORNO,2451.57,10,SP-CORE-02,BR,BR-2009317340,False,Brasil,0.05,False,False,-0.43423306545231233
TXN00001543,CLI000889,2023-09-09,ESTORNO,1542.55,02,SP-CORE-02,BR,BR-7266763552,False,Brasil,0.05,False,False,0.29604057606505185
TXN00001544,CLI000288,2023-02-14,AJUSTE,2045.74,00,SP-CORE-02,BR,BR-2924568778,False,Brasil,0.05,False,False,0.23676474570289036
TXN00001545,CLI001082,2023-07-04,FATURA,2714.86,00,RJ-CORE-01,BR,BR-8973989997,False,Brasil,0.05,False,False,0.7071067811865483
TXN00001546,CLI000731,2023-04-08,PAGAMENTO,2916.76,10,BA-CORE-01,BR,BR-7215110267,False,Brasil,0.05,False,False,0.9627772271418854
TXN00001547,CLI000161,2023-02-04,AJUSTE,1547.3,10,SP-CORE-01,BR,BR-3806215682,False,Brasil,0.05,False,False,-1.1546596453292215
TXN00001548,CLI000106,2023-09-22,AJUSTE,1057.83,00,MG-CORE-01,BR,BR-5735817014,False,Brasil,0.05,False,False,0.0
TXN00001549,CLI000140,2023-01-12,ESTORNO,799.59,02,RJ-CORE-01,BR,BR-2770980600,False,Brasil,0.05,False,False,-0.46864432068156164
TXN00001550,CLI001025,2023-05-28,AJUSTE,280.22,01,BA-CORE-01,BR,BR-8178927766,False,Brasil,0.05,False,False,0.3848779546341355
TXN00001551,CLI000539,2023-07-24,ESTORNO,2172.88,00,BA-CORE-01,BR,BR-9376711497,False,Brasil,0.05,False,False,0.7643106096375
TXN00001552,CLI000122,2023-01-17,FATURA,1196.4,02,SP-CORE-02,BR,BR-7246858055,False,Brasil,0.05,False,False,0.21634531728104364
TXN00001553,CLI001011,2023-04-15,AJUSTE,1923.86,02,SP-CORE-01,BR,BR-8117478955,False,Brasil,0.05,False,False,0.5992163373028409
TXN00001554,CLI000853,2023-10-16,FATURA,3167.05,00,RJ-CORE-01,BR,BR-8369792370,False,Brasil,0.05,False,False,0.9027716173231928
TXN00001555,CLI000214,2023-10-10,FATURA,1686.12,01,RJ-CORE-01,BR,BR-1489726608,False,Brasil,0.05,False,False,-0.4994743346672795
TXN00001556,CLI000622,2023-09-12,FATURA,1786.46,02,MG-CORE-01,BR,BR-1952396600,False,Brasil,0.05,False,False,-0.08684937571456025
TXN00001557,CLI000777,2023-01-11,AJUSTE,3260.74,00,SP-CORE-02,BR,BR-6761084958,False,Brasil,0.05,False,False,0.42298791693947174
TXN00001558,CLI000881,2023-10-10,FATURA,1697.96,10,MG-CORE-01,BR,BR-7536876169,False,Brasil,0.05,False,False,0.5607616965930032
TXN00001559,CLI000754,2023-10-09,PAGAMENTO,499.44,10,SP-CORE-01,BR,BR-4015479599,False,Brasil,0.05,False,False,-0.37785691897688883
TXN00001560,CLI000021,2023-04-10,ESTORNO,-1214.08,00,SP-CORE-02,BR,BR-6000009225,False,Brasil,0.05,False,False,0.0
TXN00001561,CLI000117,2023-07-31,AJUSTE,2621.22,00,SP-CORE-01,BR,BR-8394040015,False,Brasil,0.05,False,False,1.1565292214244969
TXN00001562,CLI000644,2023-01-30,FATURA,460.97,01,RJ-CORE-01,BR,BR-5754363475,False,Brasil,0.05,False,False,-0.4214432452833784
TXN00001563,CLI000981,2023-11-05,ESTORNO,2300.13,01,RJ-CORE-01,BR,BR-3623588379,False,Brasil,0.05,False,False,0.7067661842513279
TXN00001564,CLI001014,2023-12-03,FATURA,287.28,02,BA-CORE-01,BR,BR-1805492785,False,Brasil,0.05,False,False,-1.077966626487255
TXN00001565,CLI000501,2023-04-23,ESTORNO,-1563.53,02,RJ-CORE-01,BR,BR-2687477596,False,Brasil,0.05,False,False,0.36146581577366993
TXN00001566,CLI000996,2023-06-13,ESTORNO,2448.25,00,SP-CORE-01,BR,BR-4356175095,False,Brasil,0.05,False,False,0.9244760476091495
TXN00001567,CLI001133,2023-02-10,ESTORNO,-728.37,01,BA-CORE-01,BR,BR-8373547961,False,Brasil,0.05,False,False,-1.367843846667471
TXN00001568,CLI000902,2023-03-04,AJUSTE,1315.92,01,SP-CORE-01,BR,BR-2780136605,False,Brasil,0.05,False,False,-0.5396532320745018
TXN00001569,CLI000787,2023-02-28,PAGAMENTO,94.09,00,RJ-CORE-01,BR,BR-3528924461,False,Brasil,0.05,False,False,0.3332569732345675
TXN00001570,CLI000788,2023-02-13,ESTORNO,227.83,10,MG-CORE-01,BR,BR-7229869819,False,Brasil,0.05,False,False,-0.24629936929442206
TXN00001571,CLI001091,2023-01-23,PAGAMENTO,801.08,10,SP-CORE-02,BR,BR-3142452709,False,Brasil,0.05,False,False,-0.32772069306241863
TXN00001572,CLI000689,2023-12-05,FATURA,1081.92,02,SP-CORE-01,BR,BR-9798548049,False,Brasil,0.05,False,False,0.19885766189969886
TXN00001573,CLI000876,2023-10-30,ESTORNO,-773.57,00,RJ-CORE-01,BR,BR-9312085761,False,Brasil,0.05,False,False,-1.423721484179645
TXN00001574,CLI000869,2023-02-25,FATURA,1945.46,02,BA-CORE-01,BR,BR-3484872186,False,Brasil,0.05,False,False,0.2743451784388739
TXN00001575,CLI000575,2023-03-25,ESTORNO,3361.86,10,SP-CORE-02,BR,BR-1551395583,False,Brasil,0.05,False,False,0.7071067811865477
TXN00001576,CLI000562,2023-02-13,ESTORNO,-449558.25,4F,SANTOS-PORT-07,LU,OFFSHORE-848583MV,True,Luxemburgo,0.8,True,True,-1.15468445948685
TXN00001577,CLI000658,2023-05-18,ESTORNO,2314.12,00,SP-CORE-01,BR,BR-1862812038,False,Brasil,0.05,False,False,0.9223022318037015
TXN00001578,CLI000735,2023-04-02,ESTORNO,-1564.45,00,MG-CORE-01,BR,BR-3887823121,False,Brasil,0.05,False,False,-1.6853711834109866
TXN00001579,CLI001187,2023-11-23,PAGAMENTO,2958.25,01,MG-CORE-01,BR,BR-5115980792,False,Brasil,0.05,False,False,0.5519409881434874
TXN00001580,CLI000369,2023-05-22,FATURA,3141.71,02,SP-CORE-01,BR,BR-8934097788,False,Brasil,0.05,False,False,1.478048612331459
TXN00001581,CLI000301,2023-05-22,ESTORNO,923.2,10,SP-CORE-02,BR,BR-4471642620,False,Brasil,0.05,False,False,-0.5085776988223232
TXN00001582,CLI000902,2023-04-30,FATURA,418.27,00,SP-CORE-02,BR,BR-3245108207,False,Brasil,0.05,False,False,-1.207074232253626
TXN00001583,CLI000034,2023-01-22,ESTORNO,1945.86,01,SP-CORE-01,BR,BR-5403510324,False,Brasil,0.05,False,False,-0.3723394435038464
TXN00001584,CLI000909,2023-10-04,ESTORNO,-2519.75,01,RJ-CORE-01,BR,BR-1624173500,False,Brasil,0.05,False,False,-1.115252242106028
TXN00001585,CLI000761,2023-09-19,FATURA,289.53,01,RJ-CORE-01,BR,BR-3878719791,False,Brasil,0.05,False,False,-1.0921243031195083
TXN00001586,CLI000669,2023-02-06,PAGAMENTO,2253.77,02,SP-CORE-02,BR,BR-6153541642,False,Brasil,0.05,False,False,0.45139446089780405
TXN00001587,CLI000329,2023-06-21,ESTORNO,3413.34,02,MG-CORE-01,BR,BR-2076151332,False,Brasil,0.05,False,False,1.080481574074467
TXN00001588,CLI000434,2023-01-23,ESTORNO,-1032.24,01,BA-CORE-01,BR,BR-4605117440,False,Brasil,0.05,False,False,-1.3234172093991112
TXN00001589,CLI000067,2023-09-19,ESTORNO,2510.87,02,SP-CORE-02,BR,BR-2267619081,False,Brasil,0.05,False,False,0.6621809876849561
TXN00001590,CLI001158,2023-07-15,AJUSTE,2673.89,00,SP-CORE-01,BR,BR-5433722159,False,Brasil,0.05,False,False,0.9460455338229595
TXN00001591,CLI001075,2023-10-03,PAGAMENTO,2571.0,00,BA-CORE-01,BR,BR-8791183272,False,Brasil,0.05,False,False,0.8853136888365436
TXN00001592,CLI000498,2023-06-12,PAGAMENTO,956.76,02,SP-CORE-02,BR,BR-4714465905,False,Brasil,0.05,False,False,-0.1648144388771962
TXN00001593,CLI000840,2023-04-29,ESTORNO,1606.26,00,SP-CORE-02,BR,BR-7705605962,False,Brasil,0.05,False,False,0.465366432501886
TXN00001594,CLI000920,2023-02-10,ESTORNO,1244.91,00,RJ-CORE-01,BR,BR-3853978147,False,Brasil,0.05,False,False,-1.1570573898845269
TXN00001595,CLI000835,2023-04-28,PAGAMENTO,2001.31,01,BA-CORE-01,BR,BR-9274189261,False,Brasil,0.05,False,False,0.45795091953106976
TXN00001596,CLI000242,2023-11-07,AJUSTE,925.77,02,RJ-CORE-01,BR,BR-6959501845,False,Brasil,0.05,False,False,-0.20675824120313732
TXN00001597,CLI000406,2023-07-29,FATURA,1485.16,01,BA-CORE-01,BR,BR-3371357111,False,Brasil,0.05,False,False,-0.08034342572658058
TXN00001598,CLI001136,2023-08-21,AJUSTE,73.98,00,MG-CORE-01,BR,BR-9645619869,False,Brasil,0.05,False,False,-0.3517704485559364
TXN00001599,CLI000342,2023-02-21,PAGAMENTO,459.86,00,MG-CORE-01,BR,BR-2079501936,False,Brasil,0.05,False,False,0.03814275537120623
TXN00001600,CLI000262,2023-03-09,FATURA,1811.84,10,MG-CORE-01,BR,BR-9032096058,False,Brasil,0.05,False,False,0.20529289518357696
TXN00001601,CLI000690,2023-12-23,PAGAMENTO,1958.15,02,SP-CORE-01,BR,BR-4564751926,False,Brasil,0.05,False,False,1.3118680569669268
TXN00001602,CLI000922,2023-01-24,FATURA,276.66,02,MG-CORE-01,BR,BR-8076527214,False,Brasil,0.05,False,False,-0.1457447754305339
TXN00001603,CLI001044,2023-05-29,PAGAMENTO,2656.66,01,SP-CORE-02,BR,BR-3591527330,False,Brasil,0.05,False,False,0.465629587115763
TXN00001604,CLI000657,2023-03-19,FATURA,3136.69,02,MG-CORE-01,BR,BR-5141593270,False,Brasil,0.05,False,False,1.2784683402210297
TXN00001605,CLI000609,2023-04-01,PAGAMENTO,1790.16,02,SP-CORE-01,BR,BR-6558450990,False,Brasil,0.05,False,False,1.0383566454189712
TXN00001606,CLI000787,2023-06-24,PAGAMENTO,188.04,10,RJ-CORE-01,BR,BR-3931997465,False,Brasil,0.05,False,False,0.33432740821601237
TXN00001607,CLI001178,2023-04-02,ESTORNO,3338.23,00,SP-CORE-02,BR,BR-3206955437,False,Brasil,0.05,False,False,0.9930442287387039
TXN00001608,CLI000899,2023-02-20,ESTORNO,-1228.76,01,SP-CORE-01,BR,BR-2620054076,False,Brasil,0.05,False,False,-1.2215811811611335
TXN00001609,CLI000475,2023-03-28,AJUSTE,1023.91,02,BA-CORE-01,BR,BR-7135394336,False,Brasil,0.05,False,False,0.18984675090002726
TXN00001610,CLI001106,2023-03-14,ESTORNO,354.0,01,SP-CORE-01,BR,BR-7685540186,False,Brasil,0.05,False,False,-0.14666775008659405
TXN00001611,CLI000578,2023-01-04,AJUSTE,1719.51,00,RJ-CORE-01,BR,BR-1558631501,False,Brasil,0.05,False,False,0.17134562410738416
TXN00001612,CLI000246,2023-08-16,PAGAMENTO,1832.71,10,RJ-CORE-01,BR,BR-2095286033,False,Brasil,0.05,False,False,-0.836192708282115
TXN00001613,CLI000239,2023-08-10,PAGAMENTO,1736.53,00,SP-CORE-02,BR,BR-6714723660,False,Brasil,0.05,False,False,-0.403050414155141
TXN00001614,CLI000687,2023-02-10,ESTORNO,-2610.09,01,SP-CORE-01,BR,BR-1664885408,False,Brasil,0.05,False,False,-1.0645885645120536
TXN00001615,CLI001068,2023-08-21,ESTORNO,-2214.57,00,RJ-CORE-01,BR,BR-8137764127,False,Brasil,0.05,False,False,-1.3409296882242974
TXN00001616,CLI000771,2023-04-08,ESTORNO,-2948.18,00,SP-CORE-01,BR,BR-2537965898,False,Brasil,0.05,False,False,-1.486913954479897
TXN00001617,CLI000384,2023-12-11,AJUSTE,700.96,10,SP-CORE-02,BR,BR-3169561289,False,Brasil,0.05,False,False,-1.0426576297388186
TXN00001618,CLI000007,2023-05-25,PAGAMENTO,478.64,00,BA-CORE-01,BR,BR-7601519165,False,Brasil,0.05,False,False,-0.9152414141724949
TXN00001619,CLI000857,2023-02-04,PAGAMENTO,1727.61,01,SP-CORE-02,BR,BR-5689870435,False,Brasil,0.05,False,False,0.41270436076356803
TXN00001620,CLI000369,2023-11-11,ESTORNO,1343.41,01,RJ-CORE-01,BR,BR-6720396142,False,Brasil,0.05,False,False,-0.6862497506321941
TXN00001621,CLI001113,2023-04-29,ESTORNO,3065.14,10,MG-CORE-01,BR,BR-6844582171,False,Brasil,0.05,False,False,0.6412498307733676
TXN00001622,CLI000916,2023-06-01,PAGAMENTO,355.94,00,RJ-CORE-01,BR,BR-7573442717,False,Brasil,0.05,False,False,-0.46312037577475773
TXN00001623,CLI000233,2023-05-07,ESTORNO,2325.22,00,SP-CORE-02,BR,BR-1037811610,False,Brasil,0.05,False,False,-0.3285396677291723
TXN00001624,CLI000481,2023-12-23,ESTORNO,1405.35,01,MG-CORE-01,BR,BR-8168036130,False,Brasil,0.05,False,False,-0.4819902701036712
TXN00001625,CLI001152,2023-05-29,FATURA,952.38,01,MG-CORE-01,BR,BR-2914126243,False,Brasil,0.05,False,False,0.47113099773997746
TXN00001626,CLI000534,2023-05-14,ESTORNO,-2368.96,10,MG-CORE-01,BR,BR-3667740351,False,Brasil,0.05,False,False,-1.5831955725130942
TXN00001627,CLI000632,2023-05-18,FATURA,1709.56,01,RJ-CORE-01,BR,BR-5118430494,False,Brasil,0.05,False,False,0.19300110912451274
TXN00001628,CLI000226,2023-07-29,PAGAMENTO,790.16,01,BA-CORE-01,BR,BR-6673381261,False,Brasil,0.05,False,False,-0.446260339121668
TXN00001629,CLI000777,2023-03-08,ESTORNO,-303835.65,9A,SANTOS-PORT-07,PA,OFFSHORE-128801ZD,True,Panamá,0.9,True,True,-2.040945300035687
TXN00001630,CLI000101,2023-12-27,FATURA,1179.84,02,BA-CORE-01,BR,BR-8238760130,False,Brasil,0.05,False,False,0.1942806731054799
TXN00001631,CLI000470,2023-07-05,AJUSTE,1883.44,01,BA-CORE-01,BR,BR-4589154183,False,Brasil,0.05,False,False,0.9228106785502102
TXN00001632,CLI000510,2023-03-24,ESTORNO,3189.08,02,MG-CORE-01,BR,BR-9899689747,False,Brasil,0.05,False,False,0.741617596259336
TXN00001633,CLI000994,2023-01-19,FATURA,2962.28,00,BA-CORE-01,BR,BR-3946534590,False,Brasil,0.05,False,False,0.7071067811865474
TXN00001634,CLI000070,2023-03-22,FATURA,1005.15,00,SP-CORE-02,BR,BR-5396985409,False,Brasil,0.05,False,False,-1.0125585517147575
TXN00001635,CLI000553,2023-03-05,ESTORNO,2849.23,10,MG-CORE-01,BR,BR-8373893128,False,Brasil,0.05,False,False,1.0080963133149332
TXN00001636,CLI001110,2023-02-09,FATURA,277.14,10,SP-CORE-01,BR,BR-1162720486,False,Brasil,0.05,False,False,-0.7492163702429349
TXN00001637,CLI000640,2023-02-18,AJUSTE,2580.84,10,SP-CORE-02,BR,BR-1314597900,False,Brasil,0.05,False,False,0.9978415942763859
TXN00001638,CLI000205,2023-08-06,ESTORNO,-1803.0,00,RJ-CORE-01,BR,BR-9892481056,False,Brasil,0.05,False,False,-1.722474417017325
TXN00001639,CLI000833,2023-12-02,ESTORNO,-2025.18,10,RJ-CORE-01,BR,BR-4528828126,False,Brasil,0.05,False,False,-2.2205485464793515
TXN00001640,CLI000807,2023-09-05,ESTORNO,1009.79,01,MG-CORE-01,BR,BR-9207624837,False,Brasil,0.05,False,False,-0.5856001521391997
TXN00001641,CLI000814,2023-10-07,ESTORNO,2506.73,10,SP-CORE-02,BR,BR-7045736747,False,Brasil,0.05,False,False,1.0394537963343045
TXN00001642,CLI000295,2023-08-17,AJUSTE,1306.98,00,RJ-CORE-01,BR,BR-7032058320,False,Brasil,0.05,False,False,0.11551192046731742
TXN00001643,CLI000512,2023-02-18,FATURA,1971.88,01,MG-CORE-01,BR,BR-2358945892,False,Brasil,0.05,False,False,0.5124365704372627
TXN00001644,CLI000477,2023-03-14,FATURA,1423.12,10,BA-CORE-01,BR,BR-9615270274,False,Brasil,0.05,False,False,-0.31720309204828423
TXN00001645,CLI000075,2023-09-10,FATURA,897.04,02,RJ-CORE-01,BR,BR-9785427977,False,Brasil,0.05,False,False,-0.4741843507072976
TXN00001646,CLI001152,2023-12-19,ESTORNO,1987.29,10,SP-CORE-01,BR,BR-4643211329,False,Brasil,0.05,False,False,1.0234059841715732
TXN00001647,CLI000990,2023-10-07,PAGAMENTO,1759.36,01,RJ-CORE-01,BR,BR-3159668272,False,Brasil,0.05,False,False,0.4098844686189762
TXN00001648,CLI000028,2023-02-23,FATURA,1501.44,00,MG-CORE-01,BR,BR-8240793721,False,Brasil,0.05,False,False,0.4765449552690761
TXN00001649,CLI000233,2023-09-24,AJUSTE,2623.56,01,SP-CORE-02,BR,BR-3605180473,False,Brasil,0.05,False,False,0.279763666019896
TXN00001650,CLI000857,2023-08-06,FATURA,1743.24,10,SP-CORE-02,BR,BR-9275074323,False,Brasil,0.05,False,False,0.412818501987842
TXN00001651,CLI001071,2023-01-05,PAGAMENTO,1052.69,10,RJ-CORE-01,BR,BR-6933126143,False,Brasil,0.05,False,False,-0.9217682023649141
TXN00001652,CLI000419,2023-11-11,ESTORNO,3115.62,01,SP-CORE-02,BR,BR-5427334554,False,Brasil,0.05,False,False,0.8651420094819635
TXN00001653,CLI000278,2023-09-23,ESTORNO,2123.72,10,MG-CORE-01,BR,BR-1944316108,False,Brasil,0.05,False,False,0.5993947425753926
TXN00001654,CLI000853,2023-09-26,AJUSTE,2508.48,10,SP-CORE-01,BR,BR-8502250932,False,Brasil,0.05,False,False,0.39346915482194206
TXN00001655,CLI000409,2023-03-18,AJUSTE,1657.32,00,RJ-CORE-01,BR,BR-3723205427,False,Brasil,0.05,False,False,0.7071067811865475
TXN00001656,CLI000960,2023-10-03,FATURA,1615.91,00,SP-CORE-01,BR,BR-8077851013,False,Brasil,0.05,False,False,0.5961445933954821
TXN00001657,CLI000395,2023-02-04,AJUSTE,1239.58,01,RJ-CORE-01,BR,BR-9637824374,False,Brasil,0.05,False,False,0.431452709005739
TXN00001658,CLI000826,2023-05-26,ESTORNO,-2876.23,10,BA-CORE-01,BR,BR-1607196157,False,Brasil,0.05,False,False,-1.4156390613838532
TXN00001659,CLI000444,2023-10-15,ESTORNO,-1902.74,01,SP-CORE-01,BR,BR-1179414276,False,Brasil,0.05,False,False,-1.7504532245749607
TXN00001660,CLI000785,2023-04-02,ESTORNO,935.02,00,SP-CORE-02,BR,BR-5660584367,False,Brasil,0.05,False,False,-0.7780401284706829
TXN00001661,CLI000006,2023-10-22,ESTORNO,-2706.49,02,BA-CORE-01,BR,BR-8412844457,False,Brasil,0.05,False,False,-1.6619227130708005
TXN00001662,CLI000974,2023-04-21,AJUSTE,337.86,01,SP-CORE-02,BR,BR-6204370540,False,Brasil,0.05,False,False,-1.543531868276382
TXN00001663,CLI000901,2023-06-15,FATURA,290.7,00,SP-CORE-02,BR,BR-1611840071,False,Brasil,0.05,False,False,-1.4379023253740801
TXN00001664,CLI000494,2023-12-07,PAGAMENTO,1661.48,02,BA-CORE-01,BR,BR-1790242728,False,Brasil,0.05,False,False,0.20889361252347977
TXN00001665,CLI001070,2023-07-13,PAGAMENTO,2713.24,10,RJ-CORE-01,BR,BR-2085517692,False,Brasil,0.05,False,False,0.7071067811865476
TXN00001666,CLI000896,2023-09-29,ESTORNO,292.13,01,SP-CORE-02,BR,BR-1492300084,False,Brasil,0.05,False,False,-1.2516414733333134
TXN00001667,CLI000892,2023-09-08,PAGAMENTO,2438.95,02,SP-CORE-01,BR,BR-7652264884,False,Brasil,0.05,False,False,0.6329638147475978
TXN00001668,CLI000438,2023-04-02,ESTORNO,108.03,02,MG-CORE-01,BR,BR-5609120848,False,Brasil,0.05,False,False,-0.1052418360002111
TXN00001669,CLI000740,2023-07-15,AJUSTE,1322.24,00,SP-CORE-02,BR,BR-3884866198,False,Brasil,0.05,False,False,-0.4450608117617278
TXN00001670,CLI000520,2023-01-03,AJUSTE,2059.94,02,SP-CORE-01,BR,BR-2076695131,False,Brasil,0.05,False,False,-1.1488521469903699
TXN00001671,CLI000090,2023-11-07,FATURA,970.14,02,MG-CORE-01,BR,BR-7788606640,False,Brasil,0.05,False,False,0.5334027766642633
TXN00001672,CLI001005,2023-05-21,ESTORNO,2195.94,00,MG-CORE-01,BR,BR-9381800094,False,Brasil,0.05,False,False,-0.4064482565307153
TXN00001673,CLI000060,2023-08-31,AJUSTE,2629.78,00,SP-CORE-01,BR,BR-2533897596,False,Brasil,0.05,False,False,0.37526372411085307
TXN00001674,CLI000245,2023-12-28,AJUSTE,2581.96,01,SP-CORE-01,BR,BR-2007310926,False,Brasil,0.05,False,False,0.9788315557302668
TXN00001675,CLI001115,2023-08-16,FATURA,2238.42,00,RJ-CORE-01,BR,BR-6126037320,False,Brasil,0.05,False,False,0.18160863295939705
TXN00001676,CLI000347,2023-04-10,ESTORNO,2299.77,00,RJ-CORE-01,BR,BR-7381725407,False,Brasil,0.05,False,False,0.0
TXN00001677,CLI001028,2023-09-22,ESTORNO,-69.32,10,MG-CORE-01,BR,BR-8127164297,False,Brasil,0.05,False,False,-0.04879593148563182
TXN00001678,CLI000407,2023-05-17,AJUSTE,312.21,10,SP-CORE-01,BR,BR-7729620601,False,Brasil,0.05,False,False,-1.4393625122526719
TXN00001679,CLI001149,2023-03-30,PAGAMENTO,2230.84,00,RJ-CORE-01,BR,BR-8764011369,False,Brasil,0.05,False,False,0.4752018819421438
TXN00001680,CLI000186,2023-03-02,ESTORNO,-1208.25,00,BA-CORE-01,BR,BR-9412376000,False,Brasil,0.05,False,False,0.029746852257379355
TXN00001681,CLI000446,2023-02-14,AJUSTE,666.09,00,SP-CORE-02,BR,BR-1724301196,False,Brasil,0.05,False,False,-1.1516628180908481
TXN00001682,CLI000272,2023-08-24,ESTORNO,302.84,01,RJ-CORE-01,BR,BR-2345247256,False,Brasil,0.05,False,False,0.6928302108716196
TXN00001683,CLI000647,2023-01-28,ESTORNO,-1340.0,02,SP-CORE-02,BR,BR-4374384508,False,Brasil,0.05,False,False,-0.3461655144126153
TXN00001684,CLI000605,2023-04-26,PAGAMENTO,2926.76,02,SP-CORE-02,BR,BR-8047347877,False,Brasil,0.05,False,False,1.3178586622853212
TXN00001685,CLI000715,2023-12-24,ESTORNO,1549.8,00,MG-CORE-01,BR,BR-2543980627,False,Brasil,0.05,False,False,0.22509727962401943
TXN00001686,CLI000790,2023-11-20,PAGAMENTO,2410.9,01,SP-CORE-01,BR,BR-7356353895,False,Brasil,0.05,False,False,1.074008272637436
TXN00001687,CLI000425,2023-10-03,AJUSTE,1999.12,10,RJ-CORE-01,BR,BR-7207765221,False,Brasil,0.05,False,False,-0.38900069866951265
TXN00001688,CLI000529,2023-12-25,ESTORNO,3390.35,02,SP-CORE-01,BR,BR-8622566062,False,Brasil,0.05,False,False,1.7286934534056078
TXN00001689,CLI000974,2023-08-28,AJUSTE,927.74,00,BA-CORE-01,BR,BR-1467432617,False,Brasil,0.05,False,False,-1.0224321897310722
TXN00001690,CLI000070,2023-08-28,AJUSTE,2062.14,02,BA-CORE-01,BR,BR-4549548567,False,Brasil,0.05,False,False,0.025609030770391446
TXN00001691,CLI000686,2023-12-26,ESTORNO,-384.05,02,SP-CORE-01,BR,BR-6138636031,False,Brasil,0.05,False,False,-0.9321667227580462
TXN00001692,CLI001120,2023-11-28,ESTORNO,-3162.37,01,RJ-CORE-01,BR,BR-3691307645,False,Brasil,0.05,False,False,-1.2980127990569565
TXN00001693,CLI000891,2023-01-12,AJUSTE,1547.75,10,BA-CORE-01,BR,BR-4124268175,False,Brasil,0.05,False,False,-0.5294948141719731
TXN00001694,CLI000692,2023-08-31,PAGAMENTO,2922.66,02,RJ-CORE-01,BR,BR-4831562592,False,Brasil,0.05,False,False,1.263536024672778
TXN00001695,CLI000221,2023-12-14,PAGAMENTO,1416.01,00,SP-CORE-02,BR,BR-3712815143,False,Brasil,0.05,False,False,-0.21948668449383904
TXN00001696,CLI000336,2023-08-07,PAGAMENTO,2713.77,10,BA-CORE-01,BR,BR-7781327255,False,Brasil,0.05,False,False,0.3855114652690487
TXN00001697,CLI000267,2023-06-03,AJUSTE,3105.35,01,BA-CORE-01,BR,BR-9747372233,False,Brasil,0.05,False,False,-0.4969147995093842
TXN00001698,CLI000339,2023-01-28,ESTORNO,-3396.73,02,SP-CORE-02,BR,BR-7612862866,False,Brasil,0.05,False,False,-1.3325763966916122
TXN00001699,CLI000630,2023-01-01,PAGAMENTO,2311.96,01,SP-CORE-02,BR,BR-5933341108,False,Brasil,0.05,False,False,1.4347662281846942
TXN00001700,CLI000502,2023-04-05,FATURA,841.92,01,MG-CORE-01,BR,BR-2685767569,False,Brasil,0.05,False,False,-0.35979804107297764
TXN00001701,CLI000327,2023-12-17,AJUSTE,1952.61,02,SP-CORE-01,BR,BR-8976459315,False,Brasil,0.05,False,False,0.9928186589844952
TXN00001702,CLI000950,2023-02-21,ESTORNO,1658.39,10,SP-CORE-02,BR,BR-5869982921,False,Brasil,0.05,False,False,0.26521579894188246
TXN00001703,CLI000670,2023-02-19,AJUSTE,1368.76,02,SP-CORE-02,BR,BR-5683893864,False,Brasil,0.05,False,False,0.013007484212274524
TXN00001704,CLI000711,2023-12-12,ESTORNO,2561.69,10,BA-CORE-01,BR,BR-9635425513,False,Brasil,0.05,False,False,0.7965166185492247
TXN00001705,CLI000365,2023-12-09,PAGAMENTO,2596.69,00,SP-CORE-02,BR,BR-3938451957,False,Brasil,0.05,False,False,0.8787134769981066
TXN00001706,CLI000816,2023-07-08,AJUSTE,1280.74,00,BA-CORE-01,BR,BR-5897854817,False,Brasil,0.05,False,False,-0.8324729505346563
TXN00001707,CLI000433,2023-11-27,FATURA,820.66,10,SP-CORE-02,BR,BR-1683855081,False,Brasil,0.05,False,False,-0.2735975709930311
TXN00001708,CLI000638,2023-08-11,ESTORNO,-343.12,10,SP-CORE-02,BR,BR-8438902565,False,Brasil,0.05,False,False,-1.0400624505655587
TXN00001709,CLI000368,2023-12-12,PAGAMENTO,2878.04,00,RJ-CORE-01,BR,BR-9328694308,False,Brasil,0.05,False,False,0.6157459682206631
TXN00001710,CLI000710,2023-07-23,AJUSTE,2394.54,00,MG-CORE-01,BR,BR-1173601852,False,Brasil,0.05,False,False,-0.27613500608834574
TXN00001711,CLI000264,2023-12-02,FATURA,3021.38,00,SP-CORE-02,BR,BR-8565466251,False,Brasil,0.05,False,False,1.1154081809663268
TXN00001712,CLI000112,2023-12-18,PAGAMENTO,1602.33,10,MG-CORE-01,BR,BR-1995358283,False,Brasil,0.05,False,False,-0.3270521053062958
TXN00001713,CLI000970,2023-08-06,ESTORNO,920.1,00,BA-CORE-01,BR,BR-6430372469,False,Brasil,0.05,False,False,-0.5904204080254829
TXN00001714,CLI000786,2023-10-01,ESTORNO,3401.76,00,SP-CORE-02,BR,BR-2005102559,False,Brasil,0.05,False,False,0.8966079311547646
TXN00001715,CLI000932,2023-03-18,FATURA,44.21,02,SP-CORE-02,BR,BR-3871553289,False,Brasil,0.05,False,False,-1.0046957447335645
TXN00001716,CLI000943,2023-01-25,PAGAMENTO,1637.38,00,SP-CORE-01,BR,BR-8694264068,False,Brasil,0.05,False,False,-0.7071067811865475
TXN00001717,CLI000607,2023-01-26,ESTORNO,-408991.4,4F,SANTOS-PORT-07,LU,OFFSHORE-846386MP,True,Luxemburgo,0.8,True,True,-2.0412045506299785
TXN00001718,CLI000036,2023-10-05,FATURA,949.98,02,RJ-CORE-01,BR,BR-9021793855,False,Brasil,0.05,False,False,-0.5598963020515971
TXN00001719,CLI000732,2023-06-16,PAGAMENTO,1055.94,00,BA-CORE-01,BR,BR-3595066420,False,Brasil,0.05,False,False,-0.8063688444381775
TXN00001720,CLI001096,2023-09-30,FATURA,2590.61,01,SP-CORE-02,BR,BR-5891831621,False,Brasil,0.05,False,False,1.4648224243942918
TXN00001721,CLI000708,2023-03-06,FATURA,2549.22,10,MG-CORE-01,BR,BR-1711271599,False,Brasil,0.05,False,False,0.7388584354804045
TXN00001722,CLI000669,2023-12-19,PAGAMENTO,2168.0,10,SP-CORE-01,BR,BR-9921025990,False,Brasil,0.05,False,False,0.36913039276983006
TXN00001723,CLI000162,2023-01-20,ESTORNO,530.69,00,MG-CORE-01,BR,BR-8058679999,False,Brasil,0.05,False,False,-1.4452757031601806
TXN00001724,CLI000527,2023-11-23,ESTORNO,-2627.45,10,MG-CORE-01,BR,BR-1908459040,False,Brasil,0.05,False,False,-0.47522087861201545
TXN00001725,CLI000621,2023-08-10,FATURA,3378.76,01,BA-CORE-01,BR,BR-1802753761,False,Brasil,0.05,False,False,1.2036933218985058
TXN00001726,CLI000441,2023-12-22,AJUSTE,2800.36,02,BA-CORE-01,BR,BR-6284297249,False,Brasil,0.05,False,False,1.2928805678603175
TXN00001727,CLI000094,2023-05-21,PAGAMENTO,2619.11,01,RJ-CORE-01,BR,BR-8778927211,False,Brasil,0.05,False,False,0.8472547939427437
TXN00001728,CLI000425,2023-04-03,PAGAMENTO,2380.16,02,SP-CORE-01,BR,BR-4093474499,False,Brasil,0.05,False,False,0.15968112210922525
TXN00001729,CLI000652,2023-08-01,FATURA,323168.73,4F,SANTOS-PORT-07,LU,OFFSHORE-202428PV,True,Luxemburgo,0.8,True,True,1.499940113447619
TXN00001730,CLI000590,2023-04-24,FATURA,802.39,02,SP-CORE-02,BR,BR-9410569618,False,Brasil,0.05,False,False,0.09550085652404315
TXN00001731,CLI000975,2023-10-29,PAGAMENTO,1484.26,02,BA-CORE-01,BR,BR-1368287033,False,Brasil,0.05,False,False,-1.0691923157592185
TXN00001732,CLI000947,2023-06-25,FATURA,1205.27,02,MG-CORE-01,BR,BR-9558906999,False,Brasil,0.05,False,False,-0.7071067811865475
TXN00001733,CLI000826,2023-04-18,PAGAMENTO,1872.2,01,MG-CORE-01,BR,BR-9020002737,False,Brasil,0.05,False,False,0.8375594863011444
TXN00001734,CLI000708,2023-12-05,FATURA,2985.98,00,MG-CORE-01,BR,BR-1732578761,False,Brasil,0.05,False,False,0.9794353138927961
TXN00001735,CLI000646,2023-04-17,FATURA,2623.08,02,RJ-CORE-01,BR,BR-8861351706,False,Brasil,0.05,False,False,-0.028819473813740965
TXN00001736,CLI000342,2023-12-12,PAGAMENTO,1646.48,01,BA-CORE-01,BR,BR-3580582653,False,Brasil,0.05,False,False,0.6013001073505609
TXN00001737,CLI000481,2023-10-17,ESTORNO,1521.73,00,RJ-CORE-01,BR,BR-2136107759,False,Brasil,0.05,False,False,-0.3492453340346997
TXN00001738,CLI000448,2023-10-03,PAGAMENTO,478.31,00,SP-CORE-01,BR,BR-3536590481,False,Brasil,0.05,False,False,-1.368247426448162
TXN00001739,CLI001127,2023-02-26,AJUSTE,2006.19,01,SP-CORE-02,BR,BR-6282009986,False,Brasil,0.05,False,False,-0.293284148148657
TXN00001740,CLI000655,2023-06-30,PAGAMENTO,2634.46,10,BA-CORE-01,BR,BR-2655546199,False,Brasil,0.05,False,False,0.40819069240233097
TXN00001741,CLI000462,2023-11-19,ESTORNO,387.62,02,BA-CORE-01,BR,BR-1466305100,False,Brasil,0.05,False,False,-1.0742592486243188
TXN00001742,CLI000364,2023-09-11,PAGAMENTO,-360026.43,4F,SANTOS-PORT-07,LU,OFFSHORE-806865GQ,True,Luxemburgo,0.8,True,True,-2.0411431780038685
TXN00001743,CLI000202,2023-05-28,PAGAMENTO,31.61,02,MG-CORE-01,BR,BR-4757341777,False,Brasil,0.05,False,False,-1.2913141367288241
TXN00001744,CLI000060,2023-10-25,PAGAMENTO,2292.8,10,MG-CORE-01,BR,BR-2842353139,False,Brasil,0.05,False,False,0.05561234259740129
TXN00001745,CLI000838,2023-03-12,AJUSTE,2141.78,00,BA-CORE-01,BR,BR-8596386996,False,Brasil,0.05,False,False,-1.0446507664516336
TXN00001746,CLI000187,2023-06-16,FATURA,2142.15,01,BA-CORE-01,BR,BR-3474420092,False,Brasil,0.05,False,False,0.02858956600331056
TXN00001747,CLI000331,2023-01-12,ESTORNO,2605.52,10,BA-CORE-01,BR,BR-2827463042,False,Brasil,0.05,False,False,0.901256464579329
TXN00001748,CLI000410,2023-07-08,PAGAMENTO,2536.25,01,SP-CORE-02,BR,BR-6388113899,False,Brasil,0.05,False,False,1.1029250909357238
TXN00001749,CLI000502,2023-03-09,ESTORNO,-1039.58,00,SP-CORE-02,BR,BR-4289338885,False,Brasil,0.05,False,False,-1.4886856197059044
TXN00001750,CLI000679,2023-05-04,PAGAMENTO,2792.7,10,BA-CORE-01,BR,BR-5654961069,False,Brasil,0.05,False,False,0.7113195267585136
TXN00001751,CLI000833,2023-05-06,AJUSTE,1628.5,00,SP-CORE-01,BR,BR-7630274264,False,Brasil,0.05,False,False,0.39140286210291597
TXN00001752,CLI000248,2023-07-17,PAGAMENTO,264.87,10,RJ-CORE-01,BR,BR-2107263953,False,Brasil,0.05,False,False,-0.6731108224379067
TXN00001753,CLI000082,2023-08-13,FATURA,1693.21,00,RJ-CORE-01,BR,BR-9613425697,False,Brasil,0.05,False,False,0.9230242646762776
TXN00001754,CLI000538,2023-07-24,ESTORNO,-2513.85,10,MG-CORE-01,BR,BR-9620489334,False,Brasil,0.05,False,False,-1.1045229745492595
TXN00001755,CLI000989,2023-03-28,FATURA,1295.3,02,SP-CORE-02,BR,BR-3244294928,False,Brasil,0.05,False,False,0.6517309753181074
TXN00001756,CLI000502,2023-05-16,AJUSTE,358.0,00,MG-CORE-01,BR,BR-3232360156,False,Brasil,0.05,False,False,-0.6501468463092497
TXN00001757,CLI001164,2023-06-25,ESTORNO,1047.62,10,RJ-CORE-01,BR,BR-8749354330,False,Brasil,0.05,False,False,-0.8141292476582606
TXN00001758,CLI000453,2023-11-01,ESTORNO,-144.39,01,SP-CORE-02,BR,BR-7050943542,False,Brasil,0.05,False,False,-0.554817890349523
TXN00001759,CLI000625,2023-10-16,ESTORNO,1282.28,02,RJ-CORE-01,BR,BR-1457771446,False,Brasil,0.05,False,False,0.19985158840445996
TXN00001760,CLI000599,2023-08-14,PAGAMENTO,2363.01,01,SP-CORE-02,BR,BR-7809113110,False,Brasil,0.05,False,False,0.5444744754346773
TXN00001761,CLI000621,2023-05-12,PAGAMENTO,2235.93,00,SP-CORE-02,BR,BR-7597520265,False,Brasil,0.05,False,False,-0.6011889913367142
TXN00001762,CLI000832,2023-10-27,AJUSTE,61.99,02,BA-CORE-01,BR,BR-7720207509,False,Brasil,0.05,False,False,-1.2358744614631918
TXN00001763,CLI001027,2023-11-13,PAGAMENTO,3152.01,02,SP-CORE-02,BR,BR-7922974797,False,Brasil,0.05,False,False,0.7071067811865476
TXN00001764,CLI001076,2023-09-25,ESTORNO,-218514.16,4F,SANTOS-PORT-07,PA,OFFSHORE-372138VM,True,Panamá,0.9,True,True,-2.041152205817342
TXN00001765,CLI000702,2023-03-31,PAGAMENTO,1704.31,10,SP-CORE-01,BR,BR-4035639663,False,Brasil,0.05,False,False,0.24698787890421936
TXN00001766,CLI000245,2023-06-08,AJUSTE,738.37,01,RJ-CORE-01,BR,BR-5985331805,False,Brasil,0.05,False,False,-1.0199029022423411
TXN00001767,CLI000415,2023-07-02,AJUSTE,1755.79,00,BA-CORE-01,BR,BR-5919148165,False,Brasil,0.05,False,False,0.03865022337590337
TXN00001768,CLI001134,2023-12-07,ESTORNO,-134.29,00,RJ-CORE-01,BR,BR-2869931869,False,Brasil,0.05,False,False,-1.3265770776187078
TXN00001769,CLI000375,2023-01-29,FATURA,1574.28,01,SP-CORE-02,BR,BR-5570190774,False,Brasil,0.05,False,False,-1.1173181768995988
TXN00001770,CLI000545,2023-04-27,AJUSTE,2419.94,10,SP-CORE-02,BR,BR-6247463262,False,Brasil,0.05,False,False,1.0512746081490274
TXN00001771,CLI000426,2023-02-16,ESTORNO,-2606.02,00,SP-CORE-02,BR,BR-9933702652,False,Brasil,0.05,False,False,-0.7071067811865475
TXN00001772,CLI001100,2023-05-05,AJUSTE,2058.16,10,MG-CORE-01,BR,BR-9752092528,False,Brasil,0.05,False,False,-0.1683131978740351
TXN00001773,CLI000239,2023-06-13,FATURA,2769.26,00,SP-CORE-02,BR,BR-9523139706,False,Brasil,0.05,False,False,0.3973908303651026
TXN00001774,CLI000441,2023-02-12,PAGAMENTO,1676.6,00,BA-CORE-01,BR,BR-7532669066,False,Brasil,0.05,False,False,-0.42724062772090227
TXN00001775,CLI000399,2023-06-03,PAGAMENTO,2001.27,10,SP-CORE-01,BR,BR-3566125120,False,Brasil,0.05,False,False,0.8534875513710476
TXN00001776,CLI001009,2023-01-01,PAGAMENTO,896.08,10,BA-CORE-01,BR,BR-4522855590,False,Brasil,0.05,False,False,-1.3064111419880815
TXN00001777,CLI001090,2023-06-18,AJUSTE,1785.38,02,RJ-CORE-01,BR,BR-8044997538,False,Brasil,0.05,False,False,0.23348303638473955
TXN00001778,CLI000374,2023-06-24,AJUSTE,978.0,02,MG-CORE-01,BR,BR-2885370603,False,Brasil,0.05,False,False,0.7071067811865476
TXN00001779,CLI000367,2023-01-04,PAGAMENTO,1130.84,10,MG-CORE-01,BR,BR-2228388623,False,Brasil,0.05,False,False,0.39140287071313073
TXN00001780,CLI001104,2023-08-10,FATURA,2361.96,00,MG-CORE-01,BR,BR-5449848690,False,Brasil,0.05,False,False,0.3825104820452958
TXN00001781,CLI001028,2023-04-10,AJUSTE,2730.2,01,SP-CORE-02,BR,BR-1676220116,False,Brasil,0.05,False,False,1.0217147055275224
TXN00001782,CLI000431,2023-06-13,ESTORNO,2687.14,10,SP-CORE-01,BR,BR-9576264323,False,Brasil,0.05,False,False,0.7598698929678711
TXN00001783,CLI000322,2023-06-15,AJUSTE,564.23,10,SP-CORE-02,BR,BR-8643636805,False,Brasil,0.05,False,False,-0.1552735188850868
TXN00001784,CLI000967,2023-09-22,ESTORNO,3434.42,10,RJ-CORE-01,BR,BR-6992094064,False,Brasil,0.05,False,False,1.0603942185243103
TXN00001785,CLI000872,2023-07-09,ESTORNO,-524.55,02,RJ-CORE-01,BR,BR-3517195150,False,Brasil,0.05,False,False,-0.5497614259844429
TXN00001786,CLI000725,2023-08-02,PAGAMENTO,39.74,10,SP-CORE-01,BR,BR-3223687972,False,Brasil,0.05,False,False,-1.1139281277098652
TXN00001787,CLI000525,2023-08-22,AJUSTE,2689.33,00,SP-CORE-02,BR,BR-9977193987,False,Brasil,0.05,False,False,0.7071067811865476
TXN00001788,CLI000409,2023-07-11,ESTORNO,102.4,10,MG-CORE-01,BR,BR-6790024996,False,Brasil,0.05,False,False,-0.7071067811865476
TXN00001789,CLI000498,2023-11-13,AJUSTE,1770.24,02,SP-CORE-01,BR,BR-2187592160,False,Brasil,0.05,False,False,0.2716627696435281
TXN00001790,CLI000998,2023-06-16,AJUSTE,2535.52,10,SP-CORE-01,BR,BR-6130446648,False,Brasil,0.05,False,False,0.9729062406450761
TXN00001791,CLI000115,2023-05-24,AJUSTE,3454.51,10,SP-CORE-01,BR,BR-9288057824,False,Brasil,0.05,False,False,1.2156871662953916
TXN00001792,CLI000276,2023-05-22,ESTORNO,-279021.41,4F,SANTOS-PORT-07,LU,OFFSHORE-697357SA,True,Luxemburgo,0.8,True,True,-1.154676661633601
TXN00001793,CLI000613,2023-06-16,FATURA,3420.58,10,SP-CORE-02,BR,BR-8222394132,False,Brasil,0.05,False,False,0.8071941064634592
TXN00001794,CLI001120,2023-10-15,AJUSTE,326.26,01,RJ-CORE-01,BR,BR-4702361794,False,Brasil,0.05,False,False,0.004961838331294152
TXN00001795,CLI000140,2023-10-13,ESTORNO,1867.98,02,SP-CORE-01,BR,BR-3070046110,False,Brasil,0.05,False,False,0.4695940092192347
TXN00001796,CLI000467,2023-07-04,ESTORNO,-3169.76,10,SP-CORE-02,BR,BR-2107327477,False,Brasil,0.05,False,False,-1.9264311657214805
TXN00001797,CLI000048,2023-07-05,PAGAMENTO,1178.88,02,RJ-CORE-01,BR,BR-4011528431,False,Brasil,0.05,False,False,-0.015010625258467655
TXN00001798,CLI000099,2023-03-03,AJUSTE,2255.0,10,MG-CORE-01,BR,BR-8731634319,False,Brasil,0.05,False,False,0.0
TXN00001799,CLI000670,2023-09-20,FATURA,1319.69,10,SP-CORE-01,BR,BR-3300607428,False,Brasil,0.05,False,False,-0.039160660478882274
TXN00001800,CLI000189,2023-05-25,PAGAMENTO,-292681.72,9A,SANTOS-PORT-07,PA,OFFSHORE-333433WI,True,Panamá,0.9,True,True,-1.4998579143478372
TXN00001801,CLI000391,2023-09-30,FATURA,570.62,00,BA-CORE-01,BR,BR-7951820749,False,Brasil,0.05,False,False,0.27986753658427266
TXN00001802,CLI000312,2023-12-17,FATURA,1519.69,02,MG-CORE-01,BR,BR-1458227039,False,Brasil,0.05,False,False,1.3079550554324215
TXN00001803,CLI000886,2023-02-07,ESTORNO,652.22,02,MG-CORE-01,BR,BR-4952177946,False,Brasil,0.05,False,False,-1.1366326697154583
TXN00001804,CLI000039,2023-07-25,FATURA,2020.09,00,BA-CORE-01,BR,BR-8144352013,False,Brasil,0.05,False,False,0.10097172932832112
TXN00001805,CLI001197,2023-04-26,FATURA,1141.9,01,RJ-CORE-01,BR,BR-3636366799,False,Brasil,0.05,False,False,-0.13194743127997074
TXN00001806,CLI001182,2023-09-30,ESTORNO,249368.73,9A,SANTOS-PORT-07,PA,OFFSHORE-867808YR,True,Panamá,0.9,True,True,2.0410489915061576
TXN00001807,CLI000207,2023-04-07,AJUSTE,2710.01,01,RJ-CORE-01,BR,BR-6786562040,False,Brasil,0.05,False,False,0.888170175692417
TXN00001808,CLI000714,2023-10-01,FATURA,2114.69,00,SP-CORE-02,BR,BR-4332482152,False,Brasil,0.05,False,False,0.7071067811865475
TXN00001809,CLI000621,2023-06-17,FATURA,3049.54,01,SP-CORE-02,BR,BR-7520641417,False,Brasil,0.05,False,False,0.6837530375488654
TXN00001810,CLI000056,2023-08-06,AJUSTE,3468.69,01,SP-CORE-02,BR,BR-1036157653,False,Brasil,0.05,False,False,1.1376305359730738
TXN00001811,CLI000428,2023-08-14,AJUSTE,448.42,10,SP-CORE-01,BR,BR-3895250612,False,Brasil,0.05,False,False,-1.4253981674773337
TXN00001812,CLI000780,2023-01-26,PAGAMENTO,1574.91,10,SP-CORE-02,BR,BR-5727675931,False,Brasil,0.05,False,False,-0.15728891530567854
TXN00001813,CLI000247,2023-02-17,FATURA,3392.97,00,SP-CORE-02,BR,BR-8996550604,False,Brasil,0.05,False,False,1.3423087208187603
TXN00001814,CLI000431,2023-11-06,PAGAMENTO,1267.2,02,MG-CORE-01,BR,BR-2128928014,False,Brasil,0.05,False,False,-0.7006010657463358
TXN00001815,CLI000936,2023-09-17,FATURA,1272.31,02,BA-CORE-01,BR,BR-6452066842,False,Brasil,0.05,False,False,-0.1437241965008346
TXN00001816,CLI000727,2023-01-04,FATURA,1342.5,10,MG-CORE-01,BR,BR-6768555384,False,Brasil,0.05,False,False,-1.1015791467150606
TXN00001817,CLI000173,2023-06-08,ESTORNO,2931.14,10,RJ-CORE-01,BR,BR-6084870519,False,Brasil,0.05,False,False,0.7071067811865476
TXN00001818,CLI000289,2023-08-30,PAGAMENTO,75.16,02,RJ-CORE-01,BR,BR-2820820806,False,Brasil,0.05,False,False,-0.6776243495336357
TXN00001819,CLI000288,2023-04-01,AJUSTE,1984.74,01,BA-CORE-01,BR,BR-8525623511,False,Brasil,0.05,False,False,0.1669833788967044
TXN00001820,CLI000850,2023-01-20,PAGAMENTO,232.91,01,RJ-CORE-01,BR,BR-7015499403,False,Brasil,0.05,False,False,-0.45136650960337593
TXN00001821,CLI000225,2023-08-03,AJUSTE,620.02,01,SP-CORE-02,BR,BR-2935866295,False,Brasil,0.05,False,False,-0.7071067811865476
TXN00001822,CLI000544,2023-01-16,AJUSTE,1751.49,02,MG-CORE-01,BR,BR-3454186065,False,Brasil,0.05,False,False,-0.11253285516816251
TXN00001823,CLI000296,2023-01-15,ESTORNO,-2745.78,02,SP-CORE-01,BR,BR-3946398734,False,Brasil,0.05,False,False,-0.39430534016894864
TXN00001824,CLI000031,2023-01-24,PAGAMENTO,1897.37,01,SP-CORE-02,BR,BR-4496922300,False,Brasil,0.05,False,False,0.369152675608068
TXN00001825,CLI000851,2023-04-25,ESTORNO,-340.59,00,SP-CORE-01,BR,BR-8390846127,False,Brasil,0.05,False,False,-1.1538968160382066
TXN00001826,CLI000962,2023-03-10,PAGAMENTO,3002.07,00,RJ-CORE-01,BR,BR-4453529865,False,Brasil,0.05,False,False,1.1314643126291486
TXN00001827,CLI001170,2023-03-07,ESTORNO,-1143.61,02,BA-CORE-01,BR,BR-7680134655,False,Brasil,0.05,False,False,-2.117629895973551
TXN00001828,CLI000169,2023-03-06,AJUSTE,783.2,01,SP-CORE-02,BR,BR-8972785319,False,Brasil,0.05,False,False,-0.3598368690164511
TXN00001829,CLI000379,2023-07-26,FATURA,-184450.92,9A,SANTOS-PORT-07,KY,OFFSHORE-120347GE,True,Ilhas Cayman,0.95,True,True,-1.3809526765240903
TXN00001830,CLI000547,2023-06-18,ESTORNO,2492.4,10,BA-CORE-01,BR,BR-5708580756,False,Brasil,0.05,False,False,0.4313884425188716
TXN00001831,CLI000789,2023-06-17,AJUSTE,1488.63,01,BA-CORE-01,BR,BR-8492970833,False,Brasil,0.05,False,False,-0.7071067811865472
TXN00001832,CLI000488,2023-04-12,FATURA,3428.77,00,SP-CORE-02,BR,BR-6410667168,False,Brasil,0.05,False,False,0.7071067811865475
TXN00001833,CLI000385,2023-07-23,AJUSTE,1142.41,10,MG-CORE-01,BR,BR-8773959039,False,Brasil,0.05,False,False,-0.002532010350696549
TXN00001834,CLI001118,2023-08-20,PAGAMENTO,3474.59,10,BA-CORE-01,BR,BR-2478071244,False,Brasil,0.05,False,False,0.884944441496152
TXN00001835,CLI000523,2023-03-02,PAGAMENTO,2612.46,02,RJ-CORE-01,BR,BR-2768499634,False,Brasil,0.05,False,False,0.7866159904972211
TXN00001836,CLI000539,2023-09-07,ESTORNO,2706.59,10,SP-CORE-01,BR,BR-3600929253,False,Brasil,0.05,False,False,0.9847156915462301
TXN00001837,CLI000194,2023-07-07,FATURA,1504.27,00,BA-CORE-01,BR,BR-3312574703,False,Brasil,0.05,False,False,-0.7071067811865477
TXN00001838,CLI000259,2023-08-23,AJUSTE,2908.67,00,BA-CORE-01,BR,BR-6517352486,False,Brasil,0.05,False,False,0.8176543182042074
TXN00001839,CLI001047,2023-06-07,ESTORNO,-1594.93,00,BA-CORE-01,BR,BR-7487309853,False,Brasil,0.05,False,False,0.0
TXN00001840,CLI000725,2023-03-14,AJUSTE,2943.24,01,SP-CORE-01,BR,BR-5631725051,False,Brasil,0.05,False,False,0.7103158493973414
TXN00001841,CLI001105,2023-10-16,AJUSTE,3012.54,00,BA-CORE-01,BR,BR-7930633125,False,Brasil,0.05,False,False,0.38978471832676004
TXN00001842,CLI000206,2023-12-22,AJUSTE,3316.13,01,RJ-CORE-01,BR,BR-5108541819,False,Brasil,0.05,False,False,0.9521964792962027
TXN00001843,CLI000869,2023-11-22,AJUSTE,2227.41,01,SP-CORE-02,BR,BR-4729138222,False,Brasil,0.05,False,False,0.4844684329335169
TXN00001844,CLI001069,2023-05-23,AJUSTE,190.21,10,RJ-CORE-01,BR,BR-9283130753,False,Brasil,0.05,False,False,-0.460508601328567
TXN00001845,CLI000154,2023-09-01,PAGAMENTO,1648.65,01,RJ-CORE-01,BR,BR-4895849088,False,Brasil,0.05,False,False,0.43758291432962226
TXN00001846,CLI000137,2023-12-29,ESTORNO,1954.04,02,SP-CORE-02,BR,BR-1339783148,False,Brasil,0.05,False,False,0.5918323278738205
TXN00001847,CLI000802,2023-07-30,FATURA,508.26,10,SP-CORE-02,BR,BR-2475860255,False,Brasil,0.05,False,False,-0.7071067811865476
TXN00001848,CLI000145,2023-11-27,AJUSTE,1478.15,01,SP-CORE-02,BR,BR-6641362499,False,Brasil,0.05,False,False,-1.47779538846034
TXN00001849,CLI000311,2023-05-22,AJUSTE,508.73,10,SP-CORE-01,BR,BR-8099637213,False,Brasil,0.05,False,False,-0.956499232053399
TXN00001850,CLI000241,2023-08-16,AJUSTE,515.58,02,RJ-CORE-01,BR,BR-8346255879,False,Brasil,0.05,False,False,-0.8724215594114775
TXN00001851,CLI000256,2023-09-26,ESTORNO,-377.09,10,SP-CORE-02,BR,BR-6993434996,False,Brasil,0.05,False,False,-0.9608827403799682
TXN00001852,CLI000782,2023-03-20,PAGAMENTO,265.0,02,RJ-CORE-01,BR,BR-9107574572,False,Brasil,0.05,False,False,-0.5904927186177616
TXN00001853,CLI000998,2023-02-27,ESTORNO,2201.61,10,BA-CORE-01,BR,BR-9326953041,False,Brasil,0.05,False,False,0.5426032985318988
TXN00001854,CLI000495,2023-04-26,ESTORNO,1839.48,00,BA-CORE-01,BR,BR-7228942343,False,Brasil,0.05,False,False,0.7071067811865474
TXN00001855,CLI000574,2023-12-26,PAGAMENTO,3372.09,10,SP-CORE-01,BR,BR-1718625803,False,Brasil,0.05,False,False,1.1147070734767648
TXN00001856,CLI000171,2023-05-09,ESTORNO,2248.12,02,MG-CORE-01,BR,BR-4668811953,False,Brasil,0.05,False,False,0.3016785988448384
TXN00001857,CLI001014,2023-02-21,FATURA,2501.57,10,SP-CORE-02,BR,BR-4220107677,False,Brasil,0.05,False,False,0.6325623076235027
TXN00001858,CLI001149,2023-10-30,AJUSTE,1529.51,02,SP-CORE-01,BR,BR-1904397668,False,Brasil,0.05,False,False,0.04303603541999725
TXN00001859,CLI000221,2023-11-07,PAGAMENTO,1826.0,10,SP-CORE-01,BR,BR-2705297819,False,Brasil,0.05,False,False,0.25716014086007627
TXN00001860,CLI000864,2023-10-22,FATURA,350.3,01,RJ-CORE-01,BR,BR-1410400118,False,Brasil,0.05,False,False,-0.9383409658107246
TXN00001861,CLI001071,2023-01-21,PAGAMENTO,1228.62,10,MG-CORE-01,BR,BR-1231178500,False,Brasil,0.05,False,False,-0.42684456248803176
TXN00001862,CLI001162,2023-07-24,FATURA,2849.8,10,SP-CORE-01,BR,BR-8606102365,False,Brasil,0.05,False,False,1.1296354041737797
TXN00001863,CLI000845,2023-01-13,AJUSTE,2214.21,02,SP-CORE-01,BR,BR-5277846424,False,Brasil,0.05,False,False,-0.5858159260039669
TXN00001864,CLI000722,2023-08-22,FATURA,2976.02,02,RJ-CORE-01,BR,BR-5741336386,False,Brasil,0.05,False,False,-0.043969117920696896
TXN00001865,CLI000539,2023-05-22,AJUSTE,1572.1,00,RJ-CORE-01,BR,BR-3654728627,False,Brasil,0.05,False,False,0.5162077726864835
TXN00001866,CLI000353,2023-04-18,AJUSTE,1963.5,02,MG-CORE-01,BR,BR-9952048706,False,Brasil,0.05,False,False,0.7623097325721099
TXN00001867,CLI000208,2023-02-15,PAGAMENTO,203492.41,9A,SANTOS-PORT-07,LU,OFFSHORE-728299MJ,True,Luxemburgo,0.8,True,True,3.0142091284250223
TXN00001868,CLI000415,2023-11-24,FATURA,1433.11,10,SP-CORE-02,BR,BR-7587552692,False,Brasil,0.05,False,False,-0.24944527394302735
TXN00001869,CLI000346,2023-12-29,ESTORNO,1709.33,02,MG-CORE-01,BR,BR-9198762527,False,Brasil,0.05,False,False,0.7125519502411541
TXN00001870,CLI001147,2023-01-09,ESTORNO,-407.95,02,BA-CORE-01,BR,BR-5679598896,False,Brasil,0.05,False,False,-0.5156752782798097
TXN00001871,CLI000186,2023-07-23,AJUSTE,2172.28,00,SP-CORE-02,BR,BR-6617251085,False,Brasil,0.05,False,False,0.07140833509729962
TXN00001872,CLI000813,2023-05-15,PAGAMENTO,527.26,02,BA-CORE-01,BR,BR-7065369178,False,Brasil,0.05,False,False,0.13689094597886295
TXN00001873,CLI000169,2023-07-17,AJUSTE,380.62,02,BA-CORE-01,BR,BR-5963769028,False,Brasil,0.05,False,False,-0.3659192280411321
TXN00001874,CLI000561,2023-04-26,ESTORNO,-1560.03,00,SP-CORE-02,BR,BR-1045336904,False,Brasil,0.05,False,False,-0.9924692124698411
TXN00001875,CLI000902,2023-09-11,FATURA,801.15,01,SP-CORE-02,BR,BR-5880373288,False,Brasil,0.05,False,False,-0.9223951785594435
TXN00001876,CLI000990,2023-03-16,AJUSTE,63.22,01,SP-CORE-01,BR,BR-6526601778,False,Brasil,0.05,False,False,-1.7462554485228945
TXN00001877,CLI001063,2023-08-01,PAGAMENTO,-285839.27,9A,SANTOS-PORT-07,LU,OFFSHORE-266341RA,True,Luxemburgo,0.8,True,True,-2.267658918893047
TXN00001878,CLI000540,2023-11-18,PAGAMENTO,2022.59,10,RJ-CORE-01,BR,BR-8235474949,False,Brasil,0.05,False,False,0.2805779922749262
TXN00001879,CLI000732,2023-07-09,PAGAMENTO,1288.51,01,RJ-CORE-01,BR,BR-8768773991,False,Brasil,0.05,False,False,-0.2230630050689966
TXN00001880,CLI000264,2023-12-21,FATURA,488.03,01,BA-CORE-01,BR,BR-2773408660,False,Brasil,0.05,False,False,-0.5937451749872372
TXN00001881,CLI000467,2023-09-17,FATURA,2485.07,02,SP-CORE-01,BR,BR-4665677395,False,Brasil,0.05,False,False,0.6376818950232876
TXN00001882,CLI000109,2023-12-26,ESTORNO,2264.48,01,MG-CORE-01,BR,BR-1783432867,False,Brasil,0.05,False,False,0.2551174984997861
TXN00001883,CLI000046,2023-11-13,PAGAMENTO,1543.79,10,SP-CORE-01,BR,BR-2243802345,False,Brasil,0.05,False,False,-0.7071067811865475
TXN00001884,CLI000131,2023-10-14,PAGAMENTO,2282.97,02,MG-CORE-01,BR,BR-8030400668,False,Brasil,0.05,False,False,-0.39037725724995836
TXN00001885,CLI000057,2023-02-03,ESTORNO,3342.48,02,BA-CORE-01,BR,BR-7948094928,False,Brasil,0.05,False,False,-0.48393513514116226
TXN00001886,CLI000926,2023-08-09,PAGAMENTO,2470.68,01,MG-CORE-01,BR,BR-7969674420,False,Brasil,0.05,False,False,0.867949047518139
TXN00001887,CLI001041,2023-10-03,ESTORNO,2446.28,02,RJ-CORE-01,BR,BR-6101516825,False,Brasil,0.05,False,False,0.0
TXN00001888,CLI000109,2023-03-15,PAGAMENTO,2686.72,02,SP-CORE-01,BR,BR-1083302600,False,Brasil,0.05,False,False,0.6476231191967211
TXN00001889,CLI000331,2023-10-28,ESTORNO,436.5,00,BA-CORE-01,BR,BR-3297681898,False,Brasil,0.05,False,False,-0.20563871270901693
TXN00001890,CLI001014,2023-05-08,AJUSTE,3429.64,01,SP-CORE-02,BR,BR-5734228580,False,Brasil,0.05,False,False,1.3494921532535558
TXN00001891,CLI000835,2023-06-19,FATURA,330.09,10,BA-CORE-01,BR,BR-2156184315,False,Brasil,0.05,False,False,0.44923304394451846
TXN00001892,CLI000638,2023-12-23,PAGAMENTO,1670.94,02,SP-CORE-02,BR,BR-8366710477,False,Brasil,0.05,False,False,0.5318396514485708
TXN00001893,CLI000823,2023-04-01,ESTORNO,-2481.28,02,MG-CORE-01,BR,BR-4122901114,False,Brasil,0.05,False,False,-1.6088547646202929
TXN00001894,CLI000193,2023-04-27,AJUSTE,1242.18,00,RJ-CORE-01,BR,BR-1999913493,False,Brasil,0.05,False,False,0.2121027714133893
TXN00001895,CLI000196,2023-01-11,ESTORNO,3079.97,00,BA-CORE-01,BR,BR-1647181551,False,Brasil,0.05,False,False,1.4010943937650433
TXN00001896,CLI000788,2023-01-01,AJUSTE,3373.33,00,SP-CORE-01,BR,BR-3119908041,False,Brasil,0.05,False,False,1.0266685920526004
TXN00001897,CLI001021,2023-01-15,ESTORNO,-2804.13,02,SP-CORE-01,BR,BR-6763471833,False,Brasil,0.05,False,False,-1.1542972863386145
TXN00001898,CLI000767,2023-10-02,AJUSTE,779.94,02,SP-CORE-01,BR,BR-8728631945,False,Brasil,0.05,False,False,-0.08929598925129748
TXN00001899,CLI000912,2023-08-14,AJUSTE,2478.16,01,BA-CORE-01,BR,BR-9581187661,False,Brasil,0.05,False,False,0.8644066329880866
TXN00001900,CLI000221,2023-11-15,FATURA,154.93,00,RJ-CORE-01,BR,BR-4399143287,False,Brasil,0.05,False,False,-1.6855950737650787
TXN00001901,CLI000318,2023-12-16,ESTORNO,-647.85,01,SP-CORE-01,BR,BR-2418407139,False,Brasil,0.05,False,False,-1.3640928324303336
TXN00001902,CLI000135,2023-08-21,ESTORNO,3251.55,10,MG-CORE-01,BR,BR-5087280062,False,Brasil,0.05,False,False,0.7071067811865476
TXN00001903,CLI000086,2023-05-07,ESTORNO,1292.61,01,MG-CORE-01,BR,BR-5535650160,False,Brasil,0.05,False,False,-0.3524245200527564
TXN00001904,CLI000187,2023-01-31,ESTORNO,3209.8,10,BA-CORE-01,BR,BR-8626371177,False,Brasil,0.05,False,False,1.3838409876232227
TXN00001905,CLI000278,2023-09-27,ESTORNO,-1979.23,10,BA-CORE-01,BR,BR-9896529524,False,Brasil,0.05,False,False,-1.724435832266765
TXN00001906,CLI000169,2023-04-12,PAGAMENTO,188394.89,4F,SANTOS-PORT-07,LU,OFFSHORE-452088PF,True,Luxemburgo,0.8,True,True,2.474684606981219
TXN00001907,CLI000797,2023-01-13,PAGAMENTO,1729.51,02,BA-CORE-01,BR,BR-5819561096,False,Brasil,0.05,False,False,0.5540383155875247
TXN00001908,CLI000086,2023-09-12,ESTORNO,447146.32,4F,SANTOS-PORT-07,PA,OFFSHORE-097925PU,True,Panamá,0.9,True,True,2.4748186730522157
TXN00001909,CLI001095,2023-02-15,AJUSTE,1088.78,01,RJ-CORE-01,BR,BR-4310547909,False,Brasil,0.05,False,False,-0.19439593356891202
TXN00001910,CLI001102,2023-01-25,FATURA,3384.35,10,SP-CORE-02,BR,BR-2068253975,False,Brasil,0.05,False,False,0.9709903734220218
TXN00001911,CLI000092,2023-12-17,FATURA,3060.49,01,BA-CORE-01,BR,BR-3147136659,False,Brasil,0.05,False,False,0.7350246367138064
TXN00001912,CLI000150,2023-02-20,AJUSTE,1611.17,01,SP-CORE-02,BR,BR-1257922823,False,Brasil,0.05,False,False,0.3895268598218135
TXN00001913,CLI000422,2023-09-11,AJUSTE,739.44,00,SP-CORE-01,BR,BR-1461243650,False,Brasil,0.05,False,False,-0.8511990718074868
TXN00001914,CLI000799,2023-05-29,FATURA,36.49,01,RJ-CORE-01,BR,BR-3095269219,False,Brasil,0.05,False,False,-0.7071067811865477
TXN00001915,CLI000291,2023-07-10,AJUSTE,3213.19,10,SP-CORE-01,BR,BR-9125201729,False,Brasil,0.05,False,False,0.7510663813395974
TXN00001916,CLI000420,2023-11-15,AJUSTE,2346.49,10,BA-CORE-01,BR,BR-4149022054,False,Brasil,0.05,False,False,0.7534977276525765
TXN00001917,CLI000389,2023-07-29,ESTORNO,-2422.18,10,MG-CORE-01,BR,BR-9681644296,False,Brasil,0.05,False,False,-1.3842094729660508
TXN00001918,CLI000264,2023-05-10,PAGAMENTO,2108.45,10,SP-CORE-01,BR,BR-6917472535,False,Brasil,0.05,False,False,0.49948958572655033
TXN00001919,CLI000137,2023-02-06,AJUSTE,2238.84,00,SP-CORE-02,BR,BR-4111270714,False,Brasil,0.05,False,False,0.9161567737947743
TXN00001920,CLI001099,2023-10-02,AJUSTE,1159.28,02,MG-CORE-01,BR,BR-5464569299,False,Brasil,0.05,False,False,-0.03185381937109313
TXN00001921,CLI000414,2023-05-26,ESTORNO,-2997.17,02,SP-CORE-01,BR,BR-8329902778,False,Brasil,0.05,False,False,-1.6944158742102848
TXN00001922,CLI000074,2023-10-12,FATURA,2965.66,01,SP-CORE-02,BR,BR-7695960480,False,Brasil,0.05,False,False,0.5458540084689105
TXN00001923,CLI000378,2023-09-03,PAGAMENTO,400.52,01,SP-CORE-01,BR,BR-3104929112,False,Brasil,0.05,False,False,-1.3723916266666207
TXN00001924,CLI000760,2023-12-22,FATURA,2826.3,01,MG-CORE-01,BR,BR-3433965438,False,Brasil,0.05,False,False,0.7129017525235879
TXN00001925,CLI000431,2023-03-15,PAGAMENTO,1558.24,00,BA-CORE-01,BR,BR-7629799769,False,Brasil,0.05,False,False,-0.40125358076515155
TXN00001926,CLI000718,2023-01-23,ESTORNO,1999.43,01,RJ-CORE-01,BR,BR-7306707298,False,Brasil,0.05,False,False,0.5920740233434452
TXN00001927,CLI000314,2023-04-13,PAGAMENTO,3157.44,00,MG-CORE-01,BR,BR-1688669716,False,Brasil,0.05,False,False,0.827971099423649
TXN00001928,CLI000899,2023-09-16,ESTORNO,241.5,01,SP-CORE-02,BR,BR-3281217890,False,Brasil,0.05,False,False,-0.37538546414292934
TXN00001929,CLI000590,2023-08-14,FATURA,261.45,01,BA-CORE-01,BR,BR-7225057758,False,Brasil,0.05,False,False,-0.13086069517219687
TXN00001930,CLI000134,2023-03-15,AJUSTE,1923.99,02,SP-CORE-01,BR,BR-8814343168,False,Brasil,0.05,False,False,0.0
TXN00001931,CLI000079,2023-09-23,PAGAMENTO,1879.27,01,RJ-CORE-01,BR,BR-7621147142,False,Brasil,0.05,False,False,0.7071067811865477
TXN00001932,CLI001153,2023-02-23,AJUSTE,2401.42,00,MG-CORE-01,BR,BR-2950254385,False,Brasil,0.05,False,False,0.9073548919207663
TXN00001933,CLI001155,2023-07-18,FATURA,2695.06,00,SP-CORE-02,BR,BR-7468039211,False,Brasil,0.05,False,False,0.8040980986697347
TXN00001934,CLI000579,2023-01-11,FATURA,2278.04,10,BA-CORE-01,BR,BR-4151036012,False,Brasil,0.05,False,False,0.3804750949201201
TXN00001935,CLI000513,2023-08-19,PAGAMENTO,3187.64,01,MG-CORE-01,BR,BR-4792165664,False,Brasil,0.05,False,False,1.1401921415033616
TXN00001936,CLI000459,2023-11-22,ESTORNO,1603.35,01,MG-CORE-01,BR,BR-3663727197,False,Brasil,0.05,False,False,0.5469548415914214
TXN00001937,CLI000329,2023-05-27,AJUSTE,2237.08,01,MG-CORE-01,BR,BR-9861985372,False,Brasil,0.05,False,False,0.5691754334280632
TXN00001938,CLI001109,2023-01-11,ESTORNO,-1522.44,02,SP-CORE-02,BR,BR-8812759121,False,Brasil,0.05,False,False,-1.544478273837414
TXN00001939,CLI000863,2023-07-25,AJUSTE,455.08,02,SP-CORE-02,BR,BR-8229392805,False,Brasil,0.05,False,False,-0.36424780707630555
TXN00001940,CLI000745,2023-08-24,PAGAMENTO,2572.4,10,MG-CORE-01,BR,BR-6510997463,False,Brasil,0.05,False,False,0.9034041726009612
TXN00001941,CLI000392,2023-06-16,ESTORNO,-2335.5,01,BA-CORE-01,BR,BR-2383082793,False,Brasil,0.05,False,False,-1.656783432800923
TXN00001942,CLI000837,2023-12-04,AJUSTE,2748.76,02,MG-CORE-01,BR,BR-3829915449,False,Brasil,0.05,False,False,0.6375228663195491
TXN00001943,CLI000927,2023-11-26,ESTORNO,-1088.01,10,SP-CORE-02,BR,BR-5027818352,False,Brasil,0.05,False,False,-1.8125959778105685
TXN00001944,CLI000321,2023-11-16,ESTORNO,1454.17,01,SP-CORE-02,BR,BR-1134319747,False,Brasil,0.05,False,False,0.6243307123166852
TXN00001945,CLI000791,2023-09-22,PAGAMENTO,1522.61,10,SP-CORE-01,BR,BR-5754765755,False,Brasil,0.05,False,False,0.0
TXN00001946,CLI000406,2023-05-20,AJUSTE,3443.04,01,MG-CORE-01,BR,BR-1822987217,False,Brasil,0.05,False,False,1.1339513915075903
TXN00001947,CLI000648,2023-07-30,AJUSTE,1121.39,01,SP-CORE-02,BR,BR-9726588217,False,Brasil,0.05,False,False,-0.815444757947256
TXN00001948,CLI000018,2023-12-13,FATURA,357.78,00,SP-CORE-01,BR,BR-7830290429,False,Brasil,0.05,False,False,-0.17639341316642176
TXN00001949,CLI000309,2023-06-19,FATURA,2987.05,02,RJ-CORE-01,BR,BR-5505788456,False,Brasil,0.05,False,False,1.45065759346576
TXN00001950,CLI001195,2023-06-07,AJUSTE,2945.56,02,BA-CORE-01,BR,BR-4083121646,False,Brasil,0.05,False,False,0.38548815673634007
TXN00001951,CLI000208,2023-09-01,PAGAMENTO,1198.4,01,RJ-CORE-01,BR,BR-4955816119,False,Brasil,0.05,False,False,-0.3018770972029437
TXN00001952,CLI000840,2023-03-19,AJUSTE,588.13,00,BA-CORE-01,BR,BR-8111389362,False,Brasil,0.05,False,False,-0.7591008306605096
TXN00001953,CLI000233,2023-10-15,AJUSTE,1942.08,10,RJ-CORE-01,BR,BR-4573746499,False,Brasil,0.05,False,False,-1.1097468115671352
TXN00001954,CLI000969,2023-08-16,AJUSTE,357.8,00,SP-CORE-02,BR,BR-3744126400,False,Brasil,0.05,False,False,1.3532006170952444
TXN00001955,CLI000904,2023-09-02,PAGAMENTO,613.19,00,BA-CORE-01,BR,BR-9119337640,False,Brasil,0.05,False,False,-1.0215946506124756
TXN00001956,CLI000696,2023-08-18,AJUSTE,3131.08,10,BA-CORE-01,BR,BR-8825544304,False,Brasil,0.05,False,False,-0.4396440549664496
TXN00001957,CLI000807,2023-07-09,FATURA,259.74,01,BA-CORE-01,BR,BR-7944675764,False,Brasil,0.05,False,False,-1.0944018134090994
TXN00001958,CLI000171,2023-02-26,AJUSTE,3475.28,01,RJ-CORE-01,BR,BR-3272127173,False,Brasil,0.05,False,False,1.276125343278956
TXN00001959,CLI000856,2023-11-05,ESTORNO,3442.83,10,SP-CORE-01,BR,BR-4153795953,False,Brasil,0.05,False,False,1.224984597224173
TXN00001960,CLI001066,2023-07-06,AJUSTE,2982.36,01,BA-CORE-01,BR,BR-8878930685,False,Brasil,0.05,False,False,0.7071067811865479
TXN00001961,CLI000628,2023-09-08,FATURA,1128.62,01,SP-CORE-01,BR,BR-3231172272,False,Brasil,0.05,False,False,-0.14249687291859056
TXN00001962,CLI000939,2023-08-18,ESTORNO,3486.62,02,SP-CORE-01,BR,BR-2654984428,False,Brasil,0.05,False,False,0.7071067811865475
TXN00001963,CLI001175,2023-06-20,FATURA,1938.43,01,BA-CORE-01,BR,BR-3821263164,False,Brasil,0.05,False,False,1.1544366575423657
TXN00001964,CLI000074,2023-06-04,FATURA,1344.74,10,MG-CORE-01,BR,BR-5069495876,False,Brasil,0.05,False,False,-0.27898895783866723
TXN00001965,CLI000701,2023-12-23,ESTORNO,-1325.49,02,BA-CORE-01,BR,BR-7692167252,False,Brasil,0.05,False,False,-0.4688135882781224
TXN00001966,CLI000547,2023-06-27,AJUSTE,2522.53,01,MG-CORE-01,BR,BR-4204511084,False,Brasil,0.05,False,False,0.44401022391140715
TXN00001967,CLI000233,2023-08-19,FATURA,3217.34,00,RJ-CORE-01,BR,BR-7771289365,False,Brasil,0.05,False,False,1.490457349446596
TXN00001968,CLI000363,2023-03-07,FATURA,2825.67,00,SP-CORE-02,BR,BR-8191890793,False,Brasil,0.05,False,False,0.7071067811865479
TXN00001969,CLI000028,2023-02-03,ESTORNO,-555.94,01,SP-CORE-01,BR,BR-1447116404,False,Brasil,0.05,False,False,-1.2518637206828758
TXN00001970,CLI000116,2023-11-13,ESTORNO,264.93,10,RJ-CORE-01,BR,BR-4403596665,False,Brasil,0.05,False,False,0.0990826520337224
TXN00001971,CLI000188,2023-04-13,AJUSTE,3214.65,00,SP-CORE-02,BR,BR-7657050979,False,Brasil,0.05,False,False,0.7918211341461202
TXN00001972,CLI000163,2023-08-10,FATURA,2774.74,01,SP-CORE-02,BR,BR-7462606300,False,Brasil,0.05,False,False,-0.4442669922500463
TXN00001973,CLI001015,2023-06-14,PAGAMENTO,2196.57,01,MG-CORE-01,BR,BR-3824077950,False,Brasil,0.05,False,False,0.8080583362978886
TXN00001974,CLI001040,2023-08-29,AJUSTE,1022.46,00,MG-CORE-01,BR,BR-7871585740,False,Brasil,0.05,False,False,-1.133837582322334
TXN00001975,CLI001111,2023-02-10,FATURA,631.96,01,RJ-CORE-01,BR,BR-9304405028,False,Brasil,0.05,False,False,0.6114098413866119
TXN00001976,CLI000659,2023-12-25,AJUSTE,451.56,00,SP-CORE-02,BR,BR-9171110739,False,Brasil,0.05,False,False,0.36558755167810947
TXN00001977,CLI001038,2023-03-25,AJUSTE,1393.44,02,BA-CORE-01,BR,BR-9576406794,False,Brasil,0.05,False,False,-0.3135318894742891
TXN00001978,CLI000516,2023-04-22,ESTORNO,-1504.3,02,SP-CORE-02,BR,BR-8923587668,False,Brasil,0.05,False,False,-1.4395623487429576
TXN00001979,CLI000124,2023-03-24,ESTORNO,244.99,00,MG-CORE-01,BR,BR-8014715913,False,Brasil,0.05,False,False,-0.4335043437596604
TXN00001980,CLI000653,2023-02-10,PAGAMENTO,2365.64,10,SP-CORE-01,BR,BR-3343446878,False,Brasil,0.05,False,False,1.1428492654967377
TXN00001981,CLI000654,2023-12-24,ESTORNO,2390.16,00,BA-CORE-01,BR,BR-8492906959,False,Brasil,0.05,False,False,0.3471072935973292
TXN00001982,CLI000615,2023-07-03,PAGAMENTO,2602.83,10,RJ-CORE-01,BR,BR-7238025415,False,Brasil,0.05,False,False,1.2663666386357386
TXN00001983,CLI000350,2023-06-10,PAGAMENTO,1919.79,01,SP-CORE-02,BR,BR-9417381849,False,Brasil,0.05,False,False,-1.2850067243946335
TXN00001984,CLI000826,2023-12-20,FATURA,1248.07,10,MG-CORE-01,BR,BR-9590774810,False,Brasil,0.05,False,False,0.5414007960463365
TXN00001985,CLI000051,2023-08-26,PAGAMENTO,1593.57,01,MG-CORE-01,BR,BR-9659953069,False,Brasil,0.05,False,False,0.5349641975057698
TXN00001986,CLI000029,2023-06-12,AJUSTE,1347.47,01,MG-CORE-01,BR,BR-9118882154,False,Brasil,0.05,False,False,-0.7351309226607033
TXN00001987,CLI000445,2023-12-05,PAGAMENTO,3170.66,01,BA-CORE-01,BR,BR-5323180209,False,Brasil,0.05,False,False,0.0
TXN00001988,CLI000406,2023-01-09,FATURA,1381.69,01,RJ-CORE-01,BR,BR-5227941857,False,Brasil,0.05,False,False,-0.14451645203014346
TXN00001989,CLI000467,2023-09-12,FATURA,1384.97,02,BA-CORE-01,BR,BR-2352505293,False,Brasil,0.05,False,False,0.13885509065864374
TXN00001990,CLI000328,2023-09-07,AJUSTE,2131.75,10,MG-CORE-01,BR,BR-8826879784,False,Brasil,0.05,False,False,0.5039981960241591
TXN00001991,CLI000977,2023-12-07,PAGAMENTO,227.97,00,SP-CORE-01,BR,BR-3455054143,False,Brasil,0.05,False,False,-1.0109144219018258
TXN00001992,CLI000631,2023-03-14,ESTORNO,-838.33,10,SP-CORE-02,BR,BR-1404960131,False,Brasil,0.05,False,False,-0.562967407235458
TXN00001993,CLI000266,2023-06-23,AJUSTE,2214.0,10,BA-CORE-01,BR,BR-7272240574,False,Brasil,0.05,False,False,-0.3844478657890184
TXN00001994,CLI000130,2023-06-24,ESTORNO,2542.15,01,RJ-CORE-01,BR,BR-1670474924,False,Brasil,0.05,False,False,0.7601700123626746
TXN00001995,CLI000479,2023-08-17,FATURA,1307.63,01,SP-CORE-02,BR,BR-6433082861,False,Brasil,0.05,False,False,-0.07545561589634595
TXN00001996,CLI000679,2023-11-21,ESTORNO,-3206.77,10,RJ-CORE-01,BR,BR-2073127233,False,Brasil,0.05,False,False,-1.873319901992733
TXN00001997,CLI000486,2023-03-07,AJUSTE,3379.85,01,BA-CORE-01,BR,BR-2289789131,False,Brasil,0.05,False,False,-0.3973773288375079
TXN00001998,CLI000196,2023-09-08,AJUSTE,1980.28,00,RJ-CORE-01,BR,BR-7745191003,False,Brasil,0.05,False,False,-0.03861471894757479
TXN00001999,CLI000948,2023-03-17,PAGAMENTO,2190.15,00,BA-CORE-01,BR,BR-9921512797,False,Brasil,0.05,False,False,0.06344957797968293
TXN00002000,CLI000121,2023-02-04,ESTORNO,-1584.21,01,RJ-CORE-01,BR,BR-3072464202,False,Brasil,0.05,False,False,-1.9425652620003644
TXN00002001,CLI000989,2023-05-07,PAGAMENTO,797.2,00,RJ-CORE-01,BR,BR-9999520085,False,Brasil,0.05,False,False,-0.11238089862564649
TXN00002002,CLI001099,2023-05-20,AJUSTE,3349.2,10,RJ-CORE-01,BR,BR-8053429914,False,Brasil,0.05,False,False,1.0220557472817282
TXN00002003,CLI000400,2023-11-27,AJUSTE,674.92,00,RJ-CORE-01,BR,BR-9750444358,False,Brasil,0.05,False,False,-0.5444800183598189
TXN00002004,CLI000296,2023-05-08,ESTORNO,-2771.67,10,SP-CORE-01,BR,BR-2638728074,False,Brasil,0.05,False,False,-0.3946436833480069
TXN00002005,CLI000303,2023-01-13,ESTORNO,-120.3,10,SP-CORE-01,BR,BR-4350598093,False,Brasil,0.05,False,False,-0.4018456982740667
TXN00002006,CLI000644,2023-11-17,PAGAMENTO,221347.2,9A,SANTOS-PORT-07,PA,OFFSHORE-832067YK,True,Panamá,0.9,True,True,2.0411358374723596
TXN00002007,CLI000584,2023-05-21,FATURA,248699.0,9A,SANTOS-PORT-07,PA,OFFSHORE-168622YT,True,Panamá,0.9,True,True,1.788603619753701
TXN00002008,CLI000669,2023-10-28,AJUSTE,467.3,00,SP-CORE-01,BR,BR-6145836928,False,Brasil,0.05,False,False,-1.262051846535818
TXN00002009,CLI000890,2023-07-08,PAGAMENTO,513.3,10,BA-CORE-01,BR,BR-3453846612,False,Brasil,0.05,False,False,-0.44289791110654597
TXN00002010,CLI001165,2023-07-22,ESTORNO,639.43,00,RJ-CORE-01,BR,BR-3251627092,False,Brasil,0.05,False,False,-1.1308319962017932
TXN00002011,CLI000140,2023-09-19,FATURA,214.39,01,MG-CORE-01,BR,BR-2040735415,False,Brasil,0.05,False,False,-0.982555037421653
TXN00002012,CLI000738,2023-03-19,AJUSTE,375.84,01,SP-CORE-02,BR,BR-7142085555,False,Brasil,0.05,False,False,-0.2835559623196097
TXN00002013,CLI000128,2023-06-23,ESTORNO,-302.43,02,SP-CORE-01,BR,BR-3473979489,False,Brasil,0.05,False,False,-1.7318187497972382
TXN00002014,CLI000425,2023-11-25,PAGAMENTO,2768.26,01,BA-CORE-01,BR,BR-7071288688,False,Brasil,0.05,False,False,0.7185290505267887
TXN00002015,CLI000116,2023-03-23,PAGAMENTO,421.07,02,SP-CORE-02,BR,BR-6863779898,False,Brasil,0.05,False,False,0.17687275128307292
TXN00002016,CLI000087,2023-01-27,FATURA,2257.3,01,MG-CORE-01,BR,BR-6113114506,False,Brasil,0.05,False,False,1.024043343574159
TXN00002017,CLI000662,2023-04-30,AJUSTE,3325.88,01,BA-CORE-01,BR,BR-3814963909,False,Brasil,0.05,False,False,1.0814165647913843
TXN00002018,CLI001009,2023-11-21,PAGAMENTO,2352.52,00,BA-CORE-01,BR,BR-8600723288,False,Brasil,0.05,False,False,0.7773979852818117
TXN00002019,CLI000083,2023-12-09,FATURA,2507.3,10,BA-CORE-01,BR,BR-8742949959,False,Brasil,0.05,False,False,0.48231443462915746
TXN00002020,CLI000015,2023-10-29,AJUSTE,145.3,01,BA-CORE-01,BR,BR-3676546979,False,Brasil,0.05,False,False,-0.8372294862314186
TXN00002021,CLI000436,2023-12-26,ESTORNO,-109832.15,4F,SANTOS-PORT-07,PA,OFFSHORE-053833OB,True,Panamá,0.9,True,True,-2.0409882633921783
TXN00002022,CLI000767,2023-10-02,AJUSTE,45.58,02,RJ-CORE-01,BR,BR-8517718126,False,Brasil,0.05,False,False,-0.9523573562766041
TXN00002023,CLI000670,2023-03-23,PAGAMENTO,2925.18,02,RJ-CORE-01,BR,BR-7652045572,False,Brasil,0.05,False,False,1.6676955575811425
TXN00002024,CLI001049,2023-07-21,ESTORNO,-434.7,02,MG-CORE-01,BR,BR-5261905194,False,Brasil,0.05,False,False,-1.131766699271858
TXN00002025,CLI000422,2023-04-15,PAGAMENTO,663.22,00,MG-CORE-01,BR,BR-3870157362,False,Brasil,0.05,False,False,-0.9294048193166862
TXN00002026,CLI000622,2023-10-19,AJUSTE,2580.24,02,SP-CORE-02,BR,BR-3262584884,False,Brasil,0.05,False,False,0.9306447568046078
TXN00002027,CLI000049,2023-08-26,ESTORNO,-209.2,01,BA-CORE-01,BR,BR-2097176652,False,Brasil,0.05,False,False,0.22187424919275253
TXN00002028,CLI000796,2023-01-07,ESTORNO,-773.15,01,RJ-CORE-01,BR,BR-5553137994,False,Brasil,0.05,False,False,-1.4881849208188096
TXN00002029,CLI000585,2023-08-23,ESTORNO,3445.12,01,MG-CORE-01,BR,BR-2165144965,False,Brasil,0.05,False,False,0.8224461873661894
TXN00002030,CLI000103,2023-02-09,AJUSTE,2164.97,00,SP-CORE-01,BR,BR-5059502085,False,Brasil,0.05,False,False,-1.127372253118986
TXN00002031,CLI001164,2023-05-21,FATURA,3256.95,02,MG-CORE-01,BR,BR-5581002642,False,Brasil,0.05,False,False,0.9645479196470484
TXN00002032,CLI000764,2023-02-19,AJUSTE,206.31,01,SP-CORE-02,BR,BR-8131247005,False,Brasil,0.05,False,False,-1.1545907542688898
TXN00002033,CLI000246,2023-05-24,FATURA,1472.85,00,RJ-CORE-01,BR,BR-1463390201,False,Brasil,0.05,False,False,-1.8783596599419612
TXN00002034,CLI000976,2023-03-14,ESTORNO,934.29,01,SP-CORE-01,BR,BR-2660104622,False,Brasil,0.05,False,False,-0.43275047281946555
TXN00002035,CLI001142,2023-01-08,AJUSTE,411.8,01,MG-CORE-01,BR,BR-9503145548,False,Brasil,0.05,False,False,-0.06752568916879463
TXN00002036,CLI000815,2023-05-19,ESTORNO,-98.51,10,SP-CORE-01,BR,BR-4048090198,False,Brasil,0.05,False,False,-0.9789552640187205
TXN00002037,CLI000359,2023-01-16,PAGAMENTO,149.32,10,MG-CORE-01,BR,BR-9177068228,False,Brasil,0.05,False,False,-0.2107471917770388
TXN00002038,CLI000982,2023-10-23,FATURA,3142.98,00,RJ-CORE-01,BR,BR-1378045890,False,Brasil,0.05,False,False,1.0565864115487404
TXN00002039,CLI000918,2023-05-17,AJUSTE,104.96,02,SP-CORE-02,BR,BR-9447304615,False,Brasil,0.05,False,False,-0.7026013988722858
TXN00002040,CLI000475,2023-11-29,FATURA,173.55,10,BA-CORE-01,BR,BR-4060031897,False,Brasil,0.05,False,False,-0.36380077849174614
TXN00002041,CLI001116,2023-05-27,FATURA,1286.84,02,MG-CORE-01,BR,BR-1170735270,False,Brasil,0.05,False,False,0.1673584808459162
TXN00002042,CLI000299,2023-07-11,AJUSTE,2311.93,02,BA-CORE-01,BR,BR-6604621025,False,Brasil,0.05,False,False,0.586641642711733
TXN00002043,CLI000712,2023-11-24,ESTORNO,-1226.82,01,BA-CORE-01,BR,BR-7399212842,False,Brasil,0.05,False,False,-1.5882885021472535
TXN00002044,CLI000885,2023-03-17,ESTORNO,-2853.51,10,BA-CORE-01,BR,BR-4197133819,False,Brasil,0.05,False,False,-0.7071067811865475
TXN00002045,CLI000956,2023-11-05,FATURA,901.14,01,RJ-CORE-01,BR,BR-5373875401,False,Brasil,0.05,False,False,-0.4025471966296644
TXN00002046,CLI001038,2023-10-04,PAGAMENTO,3019.06,01,SP-CORE-01,BR,BR-8234062195,False,Brasil,0.05,False,False,1.1191968854866672
TXN00002047,CLI000422,2023-11-03,AJUSTE,1208.94,01,BA-CORE-01,BR,BR-2298481206,False,Brasil,0.05,False,False,-0.3694672631539957
TXN00002048,CLI000086,2023-02-11,PAGAMENTO,2885.58,00,BA-CORE-01,BR,BR-9856264217,False,Brasil,0.05,False,False,-0.3423231942404839
TXN00002049,CLI001002,2023-10-22,FATURA,34.06,01,SP-CORE-02,BR,BR-5253570650,False,Brasil,0.05,False,False,-1.1546846080405462
TXN00002050,CLI001072,2023-06-16,FATURA,2566.85,02,BA-CORE-01,BR,BR-9371391276,False,Brasil,0.05,False,False,1.0133161647344082
TXN00002051,CLI000930,2023-04-23,PAGAMENTO,2028.03,10,SP-CORE-01,BR,BR-1968870326,False,Brasil,0.05,False,False,-0.6142404184300362
TXN00002052,CLI000221,2023-12-22,AJUSTE,3135.42,01,SP-CORE-01,BR,BR-1589530134,False,Brasil,0.05,False,False,1.7794677241058234
TXN00002053,CLI000621,2023-03-15,PAGAMENTO,3207.14,02,SP-CORE-02,BR,BR-8429819540,False,Brasil,0.05,False,False,0.9326522198995828
TXN00002054,CLI000064,2023-10-05,AJUSTE,2241.11,01,SP-CORE-01,BR,BR-3948595172,False,Brasil,0.05,False,False,0.3046627127870932
TXN00002055,CLI000244,2023-03-03,ESTORNO,-740.66,00,SP-CORE-01,BR,BR-2792433036,False,Brasil,0.05,False,False,0.48597170964893927
TXN00002056,CLI000703,2023-07-03,PAGAMENTO,2322.32,00,BA-CORE-01,BR,BR-3460580557,False,Brasil,0.05,False,False,0.37566151483915167
TXN00002057,CLI000980,2023-07-11,PAGAMENTO,745.4,10,BA-CORE-01,BR,BR-7895006867,False,Brasil,0.05,False,False,-0.5008253142170762
TXN00002058,CLI000720,2023-12-14,FATURA,1729.84,00,MG-CORE-01,BR,BR-1565956995,False,Brasil,0.05,False,False,0.194755977773483
TXN00002059,CLI000866,2023-05-11,FATURA,2458.2,10,BA-CORE-01,BR,BR-3802348672,False,Brasil,0.05,False,False,0.3960489148503379
TXN00002060,CLI000178,2023-12-17,ESTORNO,1726.27,00,MG-CORE-01,BR,BR-5888143707,False,Brasil,0.05,False,False,0.0
TXN00002061,CLI000932,2023-05-10,PAGAMENTO,1912.2,00,SP-CORE-02,BR,BR-4906542112,False,Brasil,0.05,False,False,0.3018963082270463
TXN00002062,CLI000635,2023-06-22,PAGAMENTO,860.0,10,SP-CORE-01,BR,BR-4307339566,False,Brasil,0.05,False,False,-0.9351767303850165
TXN00002063,CLI000058,2023-04-21,PAGAMENTO,2155.74,00,SP-CORE-01,BR,BR-5973777930,False,Brasil,0.05,False,False,0.0
TXN00002064,CLI000795,2023-02-05,PAGAMENTO,1767.21,10,RJ-CORE-01,BR,BR-9881193677,False,Brasil,0.05,False,False,0.9036596859136097
TXN00002065,CLI000601,2023-05-10,FATURA,2058.1,10,SP-CORE-02,BR,BR-4089973470,False,Brasil,0.05,False,False,-0.05935353445038364
TXN00002066,CLI000318,2023-01-21,AJUSTE,1030.2,02,MG-CORE-01,BR,BR-6085822029,False,Brasil,0.05,False,False,-0.13231491819961955
TXN00002067,CLI000362,2023-04-12,FATURA,1697.87,01,SP-CORE-01,BR,BR-9473523940,False,Brasil,0.05,False,False,0.5027557193520468
TXN00002068,CLI001011,2023-01-23,PAGAMENTO,1071.92,01,RJ-CORE-01,BR,BR-9423273485,False,Brasil,0.05,False,False,0.10270503913284688
TXN00002069,CLI000286,2023-08-16,AJUSTE,2833.3,00,SP-CORE-01,BR,BR-6597837495,False,Brasil,0.05,False,False,-0.3232875148780535
TXN00002070,CLI000881,2023-11-06,AJUSTE,1978.44,10,MG-CORE-01,BR,BR-8466111803,False,Brasil,0.05,False,False,0.7926573304239678
TXN00002071,CLI000858,2023-12-29,FATURA,1847.61,02,BA-CORE-01,BR,BR-1807168703,False,Brasil,0.05,False,False,0.19273218945486073
TXN00002072,CLI000179,2023-01-18,PAGAMENTO,990.58,10,SP-CORE-01,BR,BR-1564985269,False,Brasil,0.05,False,False,-1.174422834382603
TXN00002073,CLI000282,2023-12-07,ESTORNO,1264.6,10,BA-CORE-01,BR,BR-7944732371,False,Brasil,0.05,False,False,-0.22476871880836652
TXN00002074,CLI001119,2023-01-13,FATURA,583.74,01,SP-CORE-02,BR,BR-3630074869,False,Brasil,0.05,False,False,-0.6157692018604967
TXN00002075,CLI001147,2023-10-13,ESTORNO,-935.26,00,SP-CORE-02,BR,BR-3561349676,False,Brasil,0.05,False,False,-1.394960556918999
TXN00002076,CLI000023,2023-04-29,FATURA,724.52,02,SP-CORE-02,BR,BR-5406999328,False,Brasil,0.05,False,False,-0.6787299522771377
TXN00002077,CLI001200,2023-01-31,ESTORNO,1795.48,00,SP-CORE-01,BR,BR-9931278947,False,Brasil,0.05,False,False,0.45932116970010667
TXN00002078,CLI000984,2023-06-05,FATURA,3083.74,01,RJ-CORE-01,BR,BR-8644295537,False,Brasil,0.05,False,False,0.9255766348323141
TXN00002079,CLI000203,2023-04-07,AJUSTE,2330.85,10,MG-CORE-01,BR,BR-8084842984,False,Brasil,0.05,False,False,0.37183242482586054
TXN00002080,CLI001045,2023-07-18,AJUSTE,1944.55,00,SP-CORE-02,BR,BR-6959096557,False,Brasil,0.05,False,False,0.7071067811865476
TXN00002081,CLI000506,2023-02-04,AJUSTE,1682.36,00,BA-CORE-01,BR,BR-3035157048,False,Brasil,0.05,False,False,0.09368851418990039
TXN00002082,CLI000123,2023-11-17,PAGAMENTO,1278.79,01,RJ-CORE-01,BR,BR-1703457120,False,Brasil,0.05,False,False,0.7039282705988815
TXN00002083,CLI000766,2023-01-22,PAGAMENTO,3049.93,10,SP-CORE-01,BR,BR-1971835392,False,Brasil,0.05,False,False,0.7182637557875416
TXN00002084,CLI001044,2023-08-19,PAGAMENTO,2130.4,01,SP-CORE-02,BR,BR-5161029102,False,Brasil,0.05,False,False,0.45813215564453574
TXN00002085,CLI001068,2023-11-27,PAGAMENTO,3054.11,01,SP-CORE-02,BR,BR-9269680715,False,Brasil,0.05,False,False,0.9065283937200168
TXN00002086,CLI001151,2023-09-12,ESTORNO,-2710.39,10,BA-CORE-01,BR,BR-9376036819,False,Brasil,0.05,False,False,-1.464602175644626
TXN00002087,CLI000569,2023-12-27,FATURA,3122.94,01,SP-CORE-01,BR,BR-1878587567,False,Brasil,0.05,False,False,0.5167208488081502
TXN00002088,CLI000670,2023-05-24,PAGAMENTO,1636.48,02,RJ-CORE-01,BR,BR-7945217063,False,Brasil,0.05,False,False,0.29763058787472646
TXN00002089,CLI001176,2023-08-29,ESTORNO,1799.81,10,BA-CORE-01,BR,BR-8249315123,False,Brasil,0.05,False,False,0.7216388707243102
TXN00002090,CLI001059,2023-08-29,AJUSTE,1193.02,10,RJ-CORE-01,BR,BR-9017737153,False,Brasil,0.05,False,False,0.5864465620935689
TXN00002091,CLI001052,2023-05-09,FATURA,2209.34,02,RJ-CORE-01,BR,BR-4812156793,False,Brasil,0.05,False,False,-0.36085977376558587
TXN00002092,CLI000392,2023-06-10,AJUSTE,3245.33,02,SP-CORE-02,BR,BR-7131304971,False,Brasil,0.05,False,False,0.9199126931866679
TXN00002093,CLI000869,2023-06-06,ESTORNO,-687.63,02,BA-CORE-01,BR,BR-4333816842,False,Brasil,0.05,False,False,-1.687965302771624
TXN00002094,CLI000741,2023-11-10,AJUSTE,3119.12,01,RJ-CORE-01,BR,BR-8835431320,False,Brasil,0.05,False,False,1.6489133753694323
TXN00002095,CLI000422,2023-04-15,ESTORNO,2797.15,01,SP-CORE-01,BR,BR-8388206667,False,Brasil,0.05,False,False,1.2601201187875612
TXN00002096,CLI000555,2023-04-04,ESTORNO,-3107.71,10,RJ-CORE-01,BR,BR-9755342261,False,Brasil,0.05,False,False,-1.154699370725221
TXN00002097,CLI000518,2023-10-03,PAGAMENTO,1208.07,02,BA-CORE-01,BR,BR-5764477196,False,Brasil,0.05,False,False,0.32708058473354956
TXN00002098,CLI000387,2023-07-12,FATURA,2849.64,10,SP-CORE-01,BR,BR-4769980437,False,Brasil,0.05,False,False,0.8206141472120384
TXN00002099,CLI000545,2023-09-11,ESTORNO,-1602.57,02,BA-CORE-01,BR,BR-7605097681,False,Brasil,0.05,False,False,-0.8267425894078932
TXN00002100,CLI000976,2023-08-07,FATURA,2205.83,10,BA-CORE-01,BR,BR-9758519013,False,Brasil,0.05,False,False,0.2263749215643619
TXN00002101,CLI000741,2023-07-18,PAGAMENTO,1109.73,01,SP-CORE-02,BR,BR-5134302513,False,Brasil,0.05,False,False,0.0013842898952628052
TXN00002102,CLI001097,2023-01-22,FATURA,2968.17,02,SP-CORE-01,BR,BR-6110368314,False,Brasil,0.05,False,False,1.0307749339492362
TXN00002103,CLI001161,2023-03-07,ESTORNO,2747.87,10,SP-CORE-02,BR,BR-7182836805,False,Brasil,0.05,False,False,-0.7071067811865441
TXN00002104,CLI000493,2023-01-06,FATURA,407.78,02,RJ-CORE-01,BR,BR-9093425963,False,Brasil,0.05,False,False,-1.106036311896898
TXN00002105,CLI000485,2023-04-23,AJUSTE,2171.73,02,BA-CORE-01,BR,BR-6522961108,False,Brasil,0.05,False,False,-0.22887347926312035
TXN00002106,CLI000785,2023-01-12,AJUSTE,1946.91,02,SP-CORE-02,BR,BR-6010021799,False,Brasil,0.05,False,False,0.035546000826398104
TXN00002107,CLI000553,2023-10-05,AJUSTE,2164.71,01,SP-CORE-01,BR,BR-4947215928,False,Brasil,0.05,False,False,0.2860807020316417
TXN00002108,CLI000942,2023-03-05,PAGAMENTO,352.98,10,SP-CORE-02,BR,BR-4881257367,False,Brasil,0.05,False,False,-0.6962912621036973
TXN00002109,CLI000490,2023-03-30,AJUSTE,3213.34,02,SP-CORE-01,BR,BR-8069952132,False,Brasil,0.05,False,False,0.9407439741498955
TXN00002110,CLI000168,2023-08-11,ESTORNO,-2037.14,10,MG-CORE-01,BR,BR-9978374906,False,Brasil,0.05,False,False,-0.0420398773778934
TXN00002111,CLI000779,2023-12-31,PAGAMENTO,1565.58,01,MG-CORE-01,BR,BR-3150308852,False,Brasil,0.05,False,False,0.6779357394450944
TXN00002112,CLI001074,2023-10-05,FATURA,2682.39,01,MG-CORE-01,BR,BR-3346800656,False,Brasil,0.05,False,False,0.963357717041869
TXN00002113,CLI000296,2023-06-14,ESTORNO,-92.09,10,MG-CORE-01,BR,BR-6983175999,False,Brasil,0.05,False,False,-0.35962562171259077
TXN00002114,CLI000425,2023-11-04,FATURA,2932.55,10,SP-CORE-02,BR,BR-6684221411,False,Brasil,0.05,False,False,0.9550998471248856
TXN00002115,CLI000473,2023-06-10,AJUSTE,1249.36,02,SP-CORE-02,BR,BR-1106996713,False,Brasil,0.05,False,False,-1.679125691339616
TXN00002116,CLI000133,2023-11-04,PAGAMENTO,3074.5,00,BA-CORE-01,BR,BR-4847409832,False,Brasil,0.05,False,False,1.131379044030279
TXN00002117,CLI000042,2023-01-12,PAGAMENTO,1373.27,02,RJ-CORE-01,BR,BR-9085484017,False,Brasil,0.05,False,False,-0.7071067811865475
TXN00002118,CLI000523,2023-08-12,PAGAMENTO,2540.14,10,SP-CORE-01,BR,BR-5682286001,False,Brasil,0.05,False,False,0.6886774887493509
TXN00002119,CLI001200,2023-04-28,ESTORNO,-956.54,02,MG-CORE-01,BR,BR-4149337748,False,Brasil,0.05,False,False,-1.1555203684984343
TXN00002120,CLI000185,2023-01-19,AJUSTE,3427.48,02,SP-CORE-01,BR,BR-1391663395,False,Brasil,0.05,False,False,1.0216920794796875
TXN00002121,CLI001076,2023-02-17,AJUSTE,2161.77,00,RJ-CORE-01,BR,BR-8328187923,False,Brasil,0.05,False,False,0.4169791128193209
TXN00002122,CLI000381,2023-08-20,ESTORNO,538.62,01,MG-CORE-01,BR,BR-8018287603,False,Brasil,0.05,False,False,-1.388226341160893
TXN00002123,CLI000107,2023-07-29,AJUSTE,1104.36,00,SP-CORE-02,BR,BR-9956323416,False,Brasil,0.05,False,False,-1.3329550301166242
TXN00002124,CLI000036,2023-05-28,AJUSTE,1926.83,10,SP-CORE-02,BR,BR-8332707996,False,Brasil,0.05,False,False,0.3094462608586522
TXN00002125,CLI000367,2023-11-05,AJUSTE,2499.6,00,SP-CORE-01,BR,BR-5981731142,False,Brasil,0.05,False,False,0.4227031665168856
TXN00002126,CLI001093,2023-08-25,FATURA,1945.97,02,SP-CORE-02,BR,BR-7658684887,False,Brasil,0.05,False,False,-0.8479089237386354
TXN00002127,CLI001052,2023-05-06,AJUSTE,2758.44,02,SP-CORE-02,BR,BR-4705150091,False,Brasil,0.05,False,False,-0.34762817402716983
TXN00002128,CLI000343,2023-09-14,FATURA,1775.69,00,MG-CORE-01,BR,BR-1621083944,False,Brasil,0.05,False,False,-0.6980420498800137
TXN00002129,CLI000753,2023-08-29,FATURA,562.56,01,SP-CORE-02,BR,BR-5515344181,False,Brasil,0.05,False,False,-1.4975346309902438
TXN00002130,CLI000087,2023-08-25,ESTORNO,-875.35,01,SP-CORE-01,BR,BR-6618084394,False,Brasil,0.05,False,False,-1.1402946323354115
TXN00002131,CLI001004,2023-07-13,FATURA,492.95,02,MG-CORE-01,BR,BR-9422285317,False,Brasil,0.05,False,False,0.2148806125288203
TXN00002132,CLI001065,2023-10-09,PAGAMENTO,1904.31,10,BA-CORE-01,BR,BR-1776083520,False,Brasil,0.05,False,False,-0.7970684850789151
TXN00002133,CLI000342,2023-11-07,ESTORNO,2029.6,10,RJ-CORE-01,BR,BR-4859208130,False,Brasil,0.05,False,False,0.7831248235110254
TXN00002134,CLI000753,2023-03-06,PAGAMENTO,2820.84,01,SP-CORE-01,BR,BR-5125032122,False,Brasil,0.05,False,False,0.5778135551319619
TXN00002135,CLI000049,2023-03-01,ESTORNO,-2123.3,10,MG-CORE-01,BR,BR-9605108260,False,Brasil,0.05,False,False,-1.0923029397534276
TXN00002136,CLI000302,2023-09-07,ESTORNO,711.49,00,SP-CORE-02,BR,BR-8582317251,False,Brasil,0.05,False,False,-0.8572638491542507
TXN00002137,CLI000501,2023-10-30,PAGAMENTO,2771.02,01,RJ-CORE-01,BR,BR-5347399246,False,Brasil,0.05,False,False,0.38928858181654413
TXN00002138,CLI000818,2023-01-09,AJUSTE,3153.75,10,RJ-CORE-01,BR,BR-4467990956,False,Brasil,0.05,False,False,0.9570172830809788
TXN00002139,CLI000852,2023-12-31,PAGAMENTO,1638.91,01,MG-CORE-01,BR,BR-3119423746,False,Brasil,0.05,False,False,-1.3799685578308691
TXN00002140,CLI000109,2023-05-06,FATURA,3318.08,00,RJ-CORE-01,BR,BR-8127372046,False,Brasil,0.05,False,False,1.2345223913718277
TXN00002141,CLI001050,2023-08-27,ESTORNO,-3184.68,10,SP-CORE-01,BR,BR-7243759249,False,Brasil,0.05,False,False,-1.5826586734422532
TXN00002142,CLI000679,2023-01-21,PAGAMENTO,3270.24,10,SP-CORE-01,BR,BR-2897840239,False,Brasil,0.05,False,False,0.9170491516763598
TXN00002143,CLI000299,2023-06-08,AJUSTE,3228.51,01,SP-CORE-01,BR,BR-1028230917,False,Brasil,0.05,False,False,1.5065249634311437
TXN00002144,CLI000827,2023-01-31,ESTORNO,-105.9,01,BA-CORE-01,BR,BR-1891796718,False,Brasil,0.05,False,False,-0.6899231702434544
TXN00002145,CLI001059,2023-11-10,ESTORNO,-1621.81,02,RJ-CORE-01,BR,BR-1793881710,False,Brasil,0.05,False,False,-0.7947123970491954
TXN00002146,CLI001123,2023-08-13,FATURA,2659.55,10,BA-CORE-01,BR,BR-9826432406,False,Brasil,0.05,False,False,0.970898110726119
TXN00002147,CLI000548,2023-03-20,FATURA,3266.66,10,RJ-CORE-01,BR,BR-2499028775,False,Brasil,0.05,False,False,0.4463110545023835
TXN00002148,CLI000787,2023-03-14,AJUSTE,2672.14,01,SP-CORE-01,BR,BR-9729229346,False,Brasil,0.05,False,False,0.36263041553274683
TXN00002149,CLI000399,2023-07-21,ESTORNO,786.43,00,RJ-CORE-01,BR,BR-7886058634,False,Brasil,0.05,False,False,-1.1643666055608084
TXN00002150,CLI001164,2023-10-19,PAGAMENTO,693.95,01,MG-CORE-01,BR,BR-1376680187,False,Brasil,0.05,False,False,-1.0988602537826822
TXN00002151,CLI000989,2023-04-18,ESTORNO,-21.97,00,SP-CORE-02,BR,BR-5762636174,False,Brasil,0.05,False,False,-1.3690312173939763
TXN00002152,CLI000164,2023-04-23,FATURA,1649.71,01,MG-CORE-01,BR,BR-5268060108,False,Brasil,0.05,False,False,0.38391127708696565
TXN00002153,CLI001182,2023-06-25,PAGAMENTO,2166.46,02,MG-CORE-01,BR,BR-3414532686,False,Brasil,0.05,False,False,-0.40418592027950156
TXN00002154,CLI000503,2023-11-20,ESTORNO,2334.0,01,BA-CORE-01,BR,BR-9445165272,False,Brasil,0.05,False,False,0.4837722882868049
TXN00002155,CLI000616,2023-01-12,AJUSTE,1529.88,02,RJ-CORE-01,BR,BR-1153931824,False,Brasil,0.05,False,False,0.4042202628770004
TXN00002156,CLI000304,2023-07-27,PAGAMENTO,198.48,02,RJ-CORE-01,BR,BR-8595701134,False,Brasil,0.05,False,False,-0.7071067811865476
TXN00002157,CLI000202,2023-04-23,AJUSTE,3085.0,01,MG-CORE-01,BR,BR-6681476601,False,Brasil,0.05,False,False,0.6934930677545761
TXN00002158,CLI000497,2023-07-31,ESTORNO,-2603.98,10,BA-CORE-01,BR,BR-9149828351,False,Brasil,0.05,False,False,-1.7275085990532613
TXN00002159,CLI000893,2023-11-16,AJUSTE,1694.48,00,RJ-CORE-01,BR,BR-4523010269,False,Brasil,0.05,False,False,0.6088614853557741
TXN00002160,CLI000759,2023-08-10,PAGAMENTO,556.08,10,SP-CORE-01,BR,BR-8552450838,False,Brasil,0.05,False,False,-0.017037819398797418
TXN00002161,CLI000439,2023-06-07,FATURA,840.17,10,MG-CORE-01,BR,BR-5573821760,False,Brasil,0.05,False,False,-0.09213370331009035
TXN00002162,CLI000338,2023-08-09,PAGAMENTO,2976.09,02,SP-CORE-02,BR,BR-3022142957,False,Brasil,0.05,False,False,0.9566462179017177
TXN00002163,CLI000018,2023-03-23,ESTORNO,-2100.98,10,SP-CORE-01,BR,BR-8986096303,False,Brasil,0.05,False,False,-1.5118690522755214
TXN00002164,CLI000005,2023-10-04,AJUSTE,1511.33,00,SP-CORE-02,BR,BR-1249900899,False,Brasil,0.05,False,False,-0.11704878539619187
TXN00002165,CLI001172,2023-04-01,PAGAMENTO,133.74,02,RJ-CORE-01,BR,BR-5671505977,False,Brasil,0.05,False,False,-1.772282951189531
TXN00002166,CLI000080,2023-01-21,FATURA,594.97,02,RJ-CORE-01,BR,BR-8330674428,False,Brasil,0.05,False,False,-1.0336619848967024
TXN00002167,CLI001005,2023-01-21,FATURA,307314.44,9A,SANTOS-PORT-07,KY,OFFSHORE-301071NT,True,Ilhas Cayman,0.95,True,True,2.0412196924249613
TXN00002168,CLI000284,2023-05-17,FATURA,2084.93,00,BA-CORE-01,BR,BR-7075798574,False,Brasil,0.05,False,False,0.45826577667492063
TXN00002169,CLI000197,2023-08-25,FATURA,2129.46,02,SP-CORE-02,BR,BR-5490354768,False,Brasil,0.05,False,False,0.41595286898506284
TXN00002170,CLI000694,2023-11-07,PAGAMENTO,162803.01,4F,SANTOS-PORT-07,KY,OFFSHORE-902355LR,True,Ilhas Cayman,0.95,True,True,1.1546872823799152
TXN00002171,CLI000628,2023-12-22,AJUSTE,1664.86,10,RJ-CORE-01,BR,BR-9742656117,False,Brasil,0.05,False,False,0.1590625658302414
TXN00002172,CLI000634,2023-12-01,ESTORNO,2475.69,10,MG-CORE-01,BR,BR-5878025845,False,Brasil,0.05,False,False,0.9999329185424927
TXN00002173,CLI000242,2023-04-18,ESTORNO,-857.57,01,SP-CORE-02,BR,BR-9142951341,False,Brasil,0.05,False,False,-1.4786386208739555
TXN00002174,CLI000579,2023-02-25,AJUSTE,3493.83,01,SP-CORE-02,BR,BR-8791786307,False,Brasil,0.05,False,False,1.4293282748547578
TXN00002175,CLI001131,2023-12-19,ESTORNO,-1133.43,01,MG-CORE-01,BR,BR-7532959755,False,Brasil,0.05,False,False,-0.41589918926791614
TXN00002176,CLI000393,2023-12-30,ESTORNO,-750.01,10,SP-CORE-01,BR,BR-8207803934,False,Brasil,0.05,False,False,-0.7843946650276022
TXN00002177,CLI000950,2023-02-03,ESTORNO,190.21,02,MG-CORE-01,BR,BR-1080395064,False,Brasil,0.05,False,False,-0.6504417839352825
TXN00002178,CLI000865,2023-12-30,PAGAMENTO,3021.76,10,SP-CORE-02,BR,BR-8712828384,False,Brasil,0.05,False,False,0.9991177003429184
TXN00002179,CLI000852,2023-10-18,ESTORNO,3041.11,01,SP-CORE-01,BR,BR-5936227006,False,Brasil,0.05,False,False,0.45115917316096016
TXN00002180,CLI000288,2023-09-07,FATURA,3066.81,02,SP-CORE-02,BR,BR-4610947195,False,Brasil,0.05,False,False,1.404824749060141
TXN00002181,CLI000856,2023-09-20,AJUSTE,2121.65,02,SP-CORE-02,BR,BR-7896382125,False,Brasil,0.05,False,False,0.2512219601153121
TXN00002182,CLI000691,2023-01-05,FATURA,2217.75,02,BA-CORE-01,BR,BR-8979273911,False,Brasil,0.05,False,False,-0.9685465948311036
TXN00002183,CLI000681,2023-02-23,FATURA,1700.14,01,SP-CORE-02,BR,BR-4048739665,False,Brasil,0.05,False,False,-0.16453196776496906
TXN00002184,CLI001121,2023-09-29,ESTORNO,-1379.6,01,MG-CORE-01,BR,BR-6461039810,False,Brasil,0.05,False,False,-1.1546532230558928
TXN00002185,CLI000835,2023-10-03,ESTORNO,-3488.83,10,SP-CORE-01,BR,BR-5667760951,False,Brasil,0.05,False,False,0.42931174726604854
TXN00002186,CLI001172,2023-08-31,FATURA,2906.84,10,MG-CORE-01,BR,BR-4766895640,False,Brasil,0.05,False,False,0.3924038281546432
TXN00002187,CLI000615,2023-06-11,AJUSTE,2925.11,01,MG-CORE-01,BR,BR-6890906602,False,Brasil,0.05,False,False,1.568681746848551
TXN00002188,CLI001087,2023-04-28,FATURA,-327319.92,4F,SANTOS-PORT-07,LU,OFFSHORE-845218JG,True,Luxemburgo,0.8,True,True,-2.267634912653421
TXN00002189,CLI000005,2023-01-21,AJUSTE,791.87,10,SP-CORE-02,BR,BR-1570015858,False,Brasil,0.05,False,False,-1.0468480471952892
TXN00002190,CLI000854,2023-01-25,PAGAMENTO,3356.06,02,BA-CORE-01,BR,BR-4112007191,False,Brasil,0.05,False,False,1.3894080171936094
TXN00002191,CLI001018,2023-09-14,FATURA,3042.54,02,BA-CORE-01,BR,BR-7267939594,False,Brasil,0.05,False,False,0.956367717350372
TXN00002192,CLI000797,2023-10-01,AJUSTE,2321.28,02,SP-CORE-01,BR,BR-3243454164,False,Brasil,0.05,False,False,0.925864731475575
TXN00002193,CLI000503,2023-04-01,ESTORNO,-1916.82,01,SP-CORE-01,BR,BR-5312619071,False,Brasil,0.05,False,False,-1.9683664287767861
TXN00002194,CLI000527,2023-01-11,PAGAMENTO,116800.18,4F,SANTOS-PORT-07,KY,OFFSHORE-857142BV,True,Ilhas Cayman,0.95,True,True,2.0396172953815115
TXN00002195,CLI000200,2023-03-24,PAGAMENTO,3172.72,01,SP-CORE-02,BR,BR-5971407550,False,Brasil,0.05,False,False,-0.7071067811865464
TXN00002196,CLI000007,2023-06-08,ESTORNO,3492.64,00,SP-CORE-01,BR,BR-1491603670,False,Brasil,0.05,False,False,1.41194126301358
TXN00002197,CLI000925,2023-02-03,AJUSTE,2729.75,02,SP-CORE-02,BR,BR-1439698549,False,Brasil,0.05,False,False,0.6175119354264239
TXN00002198,CLI000570,2023-03-04,ESTORNO,-1761.61,10,BA-CORE-01,BR,BR-7625110398,False,Brasil,0.05,False,False,-1.224216388769263
TXN00002199,CLI000388,2023-07-02,FATURA,2765.72,02,SP-CORE-02,BR,BR-7654474836,False,Brasil,0.05,False,False,0.5469276545523968
TXN00002200,CLI000329,2023-01-10,ESTORNO,-3190.0,00,SP-CORE-01,BR,BR-2164159934,False,Brasil,0.05,False,False,-1.7899112734048523
TXN00002201,CLI000798,2023-09-03,AJUSTE,3469.08,02,SP-CORE-01,BR,BR-8748133196,False,Brasil,0.05,False,False,1.4586666523079472
TXN00002202,CLI000390,2023-02-23,PAGAMENTO,2829.32,10,SP-CORE-02,BR,BR-3465667475,False,Brasil,0.05,False,False,1.1543892340453579
TXN00002203,CLI001142,2023-10-28,PAGAMENTO,2622.12,00,SP-CORE-02,BR,BR-1735620429,False,Brasil,0.05,False,False,1.4588946553144342
TXN00002204,CLI000075,2023-07-18,PAGAMENTO,1141.3,02,SP-CORE-02,BR,BR-9127122242,False,Brasil,0.05,False,False,-0.19546582750062583
TXN00002205,CLI000694,2023-04-07,PAGAMENTO,32.95,02,SP-CORE-01,BR,BR-7616728266,False,Brasil,0.05,False,False,-0.5821352935734342
TXN00002206,CLI000197,2023-01-04,PAGAMENTO,3394.15,10,SP-CORE-01,BR,BR-1217867296,False,Brasil,0.05,False,False,0.9884635441515415
TXN00002207,CLI000698,2023-10-31,FATURA,492.48,10,BA-CORE-01,BR,BR-5419489933,False,Brasil,0.05,False,False,0.02284343187274097
TXN00002208,CLI001100,2023-11-16,FATURA,2841.69,02,SP-CORE-02,BR,BR-1216706931,False,Brasil,0.05,False,False,0.47750392583677675
TXN00002209,CLI000281,2023-05-31,PAGAMENTO,155.51,00,SP-CORE-01,BR,BR-2647547914,False,Brasil,0.05,False,False,-1.590082217305852
TXN00002210,CLI001088,2023-07-14,ESTORNO,3497.5,02,RJ-CORE-01,BR,BR-5664848084,False,Brasil,0.05,False,False,0.951019649968769
TXN00002211,CLI000584,2023-02-08,ESTORNO,-1754.04,02,MG-CORE-01,BR,BR-2683269674,False,Brasil,0.05,False,False,-0.4752233518973376
TXN00002212,CLI000743,2023-04-05,ESTORNO,343366.11,9A,SANTOS-PORT-07,PA,OFFSHORE-773329WT,True,Panamá,0.9,True,True,2.267603451521191
TXN00002213,CLI000375,2023-02-18,FATURA,3411.74,02,RJ-CORE-01,BR,BR-6855970349,False,Brasil,0.05,False,False,1.1763878542777804
TXN00002214,CLI000638,2023-10-26,AJUSTE,2805.29,01,SP-CORE-01,BR,BR-6689805567,False,Brasil,0.05,False,False,1.4171594281283757
TXN00002215,CLI000206,2023-12-31,FATURA,1930.3,02,BA-CORE-01,BR,BR-3093825472,False,Brasil,0.05,False,False,0.08957958262526451
TXN00002216,CLI000552,2023-01-21,PAGAMENTO,1105.38,10,SP-CORE-01,BR,BR-5575708685,False,Brasil,0.05,False,False,-0.30369744242894214
TXN00002217,CLI000088,2023-03-12,FATURA,259.24,00,SP-CORE-01,BR,BR-5779813535,False,Brasil,0.05,False,False,-1.0014034018914229
TXN00002218,CLI001150,2023-07-04,PAGAMENTO,1432.84,00,RJ-CORE-01,BR,BR-7350762338,False,Brasil,0.05,False,False,0.7071067811865476
TXN00002219,CLI000035,2023-02-11,AJUSTE,1182.54,01,BA-CORE-01,BR,BR-4632538452,False,Brasil,0.05,False,False,0.4397705198209352
TXN00002220,CLI000489,2023-04-22,PAGAMENTO,2556.05,01,SP-CORE-02,BR,BR-3468224333,False,Brasil,0.05,False,False,0.8911879224670071
TXN00002221,CLI001009,2023-01-03,PAGAMENTO,2391.31,02,BA-CORE-01,BR,BR-3181627202,False,Brasil,0.05,False,False,0.8328969801232052
TXN00002222,CLI000600,2023-01-31,AJUSTE,1515.44,10,SP-CORE-02,BR,BR-5754448479,False,Brasil,0.05,False,False,-0.7071067811865476
TXN00002223,CLI000256,2023-03-11,ESTORNO,-1427.73,10,BA-CORE-01,BR,BR-7274839226,False,Brasil,0.05,False,False,-1.5888761791331216
TXN00002224,CLI000831,2023-05-11,PAGAMENTO,2276.21,10,SP-CORE-01,BR,BR-7831299927,False,Brasil,0.05,False,False,-0.07609651439117368
TXN00002225,CLI000510,2023-05-10,AJUSTE,2425.72,01,BA-CORE-01,BR,BR-7366750668,False,Brasil,0.05,False,False,-0.48519355813847276
TXN00002226,CLI000809,2023-12-31,AJUSTE,159.92,01,SP-CORE-01,BR,BR-5578692558,False,Brasil,0.05,False,False,-1.2386891144271768
TXN00002227,CLI000431,2023-04-22,AJUSTE,982.39,00,BA-CORE-01,BR,BR-9504916685,False,Brasil,0.05,False,False,-0.9935407207679519
TXN00002228,CLI000916,2023-12-23,FATURA,67.88,00,RJ-CORE-01,BR,BR-3981279224,False,Brasil,0.05,False,False,-0.6711233560383143
TXN00002229,CLI000842,2023-03-17,AJUSTE,2540.61,00,RJ-CORE-01,BR,BR-3875932424,False,Brasil,0.05,False,False,0.24056604185390987
TXN00002230,CLI000299,2023-12-04,PAGAMENTO,1825.65,02,MG-CORE-01,BR,BR-8888773421,False,Brasil,0.05,False,False,0.09860910741810398
TXN00002231,CLI000561,2023-07-19,AJUSTE,1249.06,01,MG-CORE-01,BR,BR-7855092056,False,Brasil,0.05,False,False,0.10039197665456821
TXN00002232,CLI000126,2023-01-26,PAGAMENTO,897.35,10,MG-CORE-01,BR,BR-2912189154,False,Brasil,0.05,False,False,0.171331311161567
TXN00002233,CLI000589,2023-08-23,FATURA,1844.5,01,MG-CORE-01,BR,BR-2742870683,False,Brasil,0.05,False,False,0.2150768639230696
TXN00002234,CLI001085,2023-05-26,AJUSTE,992.06,10,SP-CORE-01,BR,BR-3569503643,False,Brasil,0.05,False,False,-1.0766601738295547
TXN00002235,CLI000412,2023-10-28,FATURA,1601.41,02,SP-CORE-02,BR,BR-8816263800,False,Brasil,0.05,False,False,-0.6332156154207075
TXN00002236,CLI000274,2023-09-02,ESTORNO,-3373.01,02,SP-CORE-02,BR,BR-6701174987,False,Brasil,0.05,False,False,-1.0454219769883808
TXN00002237,CLI001044,2023-05-01,FATURA,2265.37,10,SP-CORE-02,BR,BR-1264064129,False,Brasil,0.05,False,False,0.4600550232872818
TXN00002238,CLI000203,2023-02-26,AJUSTE,951.51,02,BA-CORE-01,BR,BR-4478233603,False,Brasil,0.05,False,False,-0.9256168922691461
TXN00002239,CLI000220,2023-12-04,ESTORNO,-1817.35,02,MG-CORE-01,BR,BR-4251624056,False,Brasil,0.05,False,False,-0.7174074467692916
TXN00002240,CLI001177,2023-05-25,AJUSTE,897.3,01,BA-CORE-01,BR,BR-3838463998,False,Brasil,0.05,False,False,0.3480796763349155
TXN00002241,CLI000671,2023-11-18,AJUSTE,1749.69,00,SP-CORE-02,BR,BR-6546964238,False,Brasil,0.05,False,False,0.1766091428811083
TXN00002242,CLI000223,2023-10-18,PAGAMENTO,1207.71,10,SP-CORE-02,BR,BR-2920536604,False,Brasil,0.05,False,False,0.707106781186549
TXN00002243,CLI001158,2023-08-06,ESTORNO,894.06,02,BA-CORE-01,BR,BR-9063480483,False,Brasil,0.05,False,False,-1.167111145672807
TXN00002244,CLI000689,2023-02-19,ESTORNO,-1342.13,01,SP-CORE-02,BR,BR-8213650687,False,Brasil,0.05,False,False,-1.8381644616971775
TXN00002245,CLI001152,2023-08-30,ESTORNO,-2661.06,02,MG-CORE-01,BR,BR-9317962158,False,Brasil,0.05,False,False,-1.457164725531984
TXN00002246,CLI000090,2023-12-20,FATURA,285.41,01,SP-CORE-02,BR,BR-9225368829,False,Brasil,0.05,False,False,0.09979748945652436
TXN00002247,CLI000904,2023-08-28,AJUSTE,1455.01,00,SP-CORE-01,BR,BR-5253259971,False,Brasil,0.05,False,False,-0.24728367538872562
TXN00002248,CLI000075,2023-04-24,AJUSTE,2588.33,01,RJ-CORE-01,BR,BR-3502793324,False,Brasil,0.05,False,False,1.4557012266046319
TXN00002249,CLI000922,2023-01-06,ESTORNO,3215.35,10,SP-CORE-01,BR,BR-7487221152,False,Brasil,0.05,False,False,1.3331872484298106
TXN00002250,CLI000192,2023-02-17,AJUSTE,1206.03,01,BA-CORE-01,BR,BR-4640572126,False,Brasil,0.05,False,False,-0.28821657150874286
TXN00002251,CLI001109,2023-11-03,ESTORNO,1888.38,01,SP-CORE-01,BR,BR-8956449152,False,Brasil,0.05,False,False,0.278743712643355
TXN00002252,CLI000844,2023-12-03,AJUSTE,2655.5,00,MG-CORE-01,BR,BR-5563018598,False,Brasil,0.05,False,False,1.0546529924029862
TXN00002253,CLI000715,2023-02-21,ESTORNO,-328.71,01,BA-CORE-01,BR,BR-5157096799,False,Brasil,0.05,False,False,-1.3642681384453392
TXN00002254,CLI001171,2023-08-20,ESTORNO,285826.14,9A,SANTOS-PORT-07,KY,OFFSHORE-723865AW,True,Ilhas Cayman,0.95,True,True,2.267703232568846
TXN00002255,CLI000093,2023-12-08,FATURA,977.9,01,SP-CORE-02,BR,BR-8902579565,False,Brasil,0.05,False,False,-1.0000855730959688
TXN00002256,CLI000944,2023-04-11,AJUSTE,2898.93,01,SP-CORE-02,BR,BR-5957540284,False,Brasil,0.05,False,False,0.8262704849078584
TXN00002257,CLI000419,2023-12-05,FATURA,1584.15,01,SP-CORE-01,BR,BR-3877911915,False,Brasil,0.05,False,False,-1.0948752985305756
TXN00002258,CLI000326,2023-11-18,ESTORNO,2652.93,02,MG-CORE-01,BR,BR-1576717254,False,Brasil,0.05,False,False,0.707355220290626
TXN00002259,CLI000359,2023-07-13,PAGAMENTO,46.53,02,SP-CORE-01,BR,BR-9898081286,False,Brasil,0.05,False,False,-0.25660515112554294
TXN00002260,CLI000315,2023-02-25,PAGAMENTO,315.2,01,SP-CORE-02,BR,BR-1067464491,False,Brasil,0.05,False,False,-1.0576956959603803
TXN00002261,CLI001137,2023-02-25,PAGAMENTO,1532.47,01,RJ-CORE-01,BR,BR-5252952412,False,Brasil,0.05,False,False,-0.34562800492681744
TXN00002262,CLI000912,2023-08-20,ESTORNO,-567.74,01,MG-CORE-01,BR,BR-1363626724,False,Brasil,0.05,False,False,-1.1265992037085228
TXN00002263,CLI000770,2023-06-11,ESTORNO,-925.6,01,SP-CORE-01,BR,BR-6067191149,False,Brasil,0.05,False,False,-1.4180000067032148
TXN00002264,CLI000471,2023-02-16,PAGAMENTO,3064.04,00,SP-CORE-02,BR,BR-7482887706,False,Brasil,0.05,False,False,0.7071067811865475
TXN00002265,CLI000369,2023-10-14,FATURA,1688.04,01,SP-CORE-01,BR,BR-7227899138,False,Brasil,0.05,False,False,-0.2714790534024974
TXN00002266,CLI001114,2023-03-06,AJUSTE,856.88,00,BA-CORE-01,BR,BR-2526032931,False,Brasil,0.05,False,False,0.25963490684430357
TXN00002267,CLI001101,2023-05-04,FATURA,1895.73,00,RJ-CORE-01,BR,BR-6092933720,False,Brasil,0.05,False,False,-0.04677809290815784
TXN00002268,CLI000876,2023-05-13,FATURA,928.77,01,SP-CORE-02,BR,BR-3596622371,False,Brasil,0.05,False,False,-0.2867026243715314
TXN00002269,CLI000303,2023-04-16,PAGAMENTO,506.2,01,SP-CORE-01,BR,BR-7777194242,False,Brasil,0.05,False,False,-0.3923524639301515
TXN00002270,CLI000338,2023-02-06,PAGAMENTO,1488.99,00,RJ-CORE-01,BR,BR-7449876106,False,Brasil,0.05,False,False,-1.4791739511634132
TXN00002271,CLI000063,2023-06-22,ESTORNO,124.26,00,SP-CORE-01,BR,BR-2576124271,False,Brasil,0.05,False,False,-0.8940086067471544
TXN00002272,CLI000985,2023-06-15,FATURA,593.94,00,SP-CORE-01,BR,BR-5201480686,False,Brasil,0.05,False,False,-0.46198814246171727
TXN00002273,CLI000053,2023-08-13,FATURA,2747.1,02,SP-CORE-01,BR,BR-7735151139,False,Brasil,0.05,False,False,0.6979499772375475
TXN00002274,CLI000599,2023-06-30,AJUSTE,1108.7,00,BA-CORE-01,BR,BR-8322414774,False,Brasil,0.05,False,False,-0.08011948374498387
TXN00002275,CLI000589,2023-03-23,ESTORNO,315.94,01,BA-CORE-01,BR,BR-3965663196,False,Brasil,0.05,False,False,-1.5898174589256437
TXN00002276,CLI000592,2023-09-25,PAGAMENTO,3187.68,00,SP-CORE-02,BR,BR-8640187694,False,Brasil,0.05,False,False,0.9061401235377845
TXN00002277,CLI000054,2023-06-10,FATURA,220394.75,9A,SANTOS-PORT-07,PA,OFFSHORE-879565OQ,True,Panamá,0.9,True,True,1.4999213659572468
TXN00002278,CLI000700,2023-11-03,FATURA,98075.66,4F,SANTOS-PORT-07,KY,OFFSHORE-712814ZJ,True,Ilhas Cayman,0.95,True,True,1.154663134359513
TXN00002279,CLI000774,2023-07-05,FATURA,-347842.71,4F,SANTOS-PORT-07,PA,OFFSHORE-805129IE,True,Panamá,0.9,True,True,-2.0410929818727226
TXN00002280,CLI000659,2023-05-01,FATURA,1457.14,02,BA-CORE-01,BR,BR-9562384841,False,Brasil,0.05,False,False,0.7657626571387118
TXN00002281,CLI000086,2023-12-05,ESTORNO,-190.51,02,SP-CORE-02,BR,BR-8603671758,False,Brasil,0.05,False,False,-0.36182926611746413
TXN00002282,CLI000841,2023-11-17,FATURA,1654.8,10,SP-CORE-02,BR,BR-3738362362,False,Brasil,0.05,False,False,0.4066796778349595
TXN00002283,CLI000379,2023-11-13,PAGAMENTO,1255.67,00,BA-CORE-01,BR,BR-2482088956,False,Brasil,0.05,False,False,0.5015481655626531
TXN00002284,CLI000518,2023-02-03,AJUSTE,231.28,00,SP-CORE-01,BR,BR-8053457714,False,Brasil,0.05,False,False,-0.5588427186541964
TXN00002285,CLI000364,2023-10-12,FATURA,3205.02,00,RJ-CORE-01,BR,BR-1498192006,False,Brasil,0.05,False,False,0.41910682159860385
TXN00002286,CLI000775,2023-09-13,PAGAMENTO,3083.98,01,BA-CORE-01,BR,BR-6014805529,False,Brasil,0.05,False,False,-0.6426230717185347
TXN00002287,CLI000318,2023-09-28,AJUSTE,2274.14,10,RJ-CORE-01,BR,BR-7007563175,False,Brasil,0.05,False,False,0.7808031763912175
TXN00002288,CLI001171,2023-03-14,FATURA,2444.32,02,SP-CORE-02,BR,BR-6589329268,False,Brasil,0.05,False,False,-0.3725045977231939
TXN00002289,CLI000268,2023-07-28,ESTORNO,1055.6,00,SP-CORE-02,BR,BR-3287159563,False,Brasil,0.05,False,False,0.7071067811865475
TXN00002290,CLI000084,2023-09-28,ESTORNO,-1519.49,00,RJ-CORE-01,BR,BR-8325529753,False,Brasil,0.05,False,False,-1.4090417170514173
TXN00002291,CLI000766,2023-05-30,PAGAMENTO,3310.18,10,SP-CORE-02,BR,BR-7333314020,False,Brasil,0.05,False,False,0.8762913760527324
TXN00002292,CLI000383,2023-01-22,ESTORNO,669.33,01,RJ-CORE-01,BR,BR-9032781720,False,Brasil,0.05,False,False,-0.7194307125159697
TXN00002293,CLI000843,2023-04-09,ESTORNO,-3358.08,00,SP-CORE-01,BR,BR-5345918656,False,Brasil,0.05,False,False,-0.7071067811865475
TXN00002294,CLI001139,2023-05-29,ESTORNO,-1805.17,00,SP-CORE-02,BR,BR-7222637202,False,Brasil,0.05,False,False,-1.1937704828709108
TXN00002295,CLI000127,2023-05-22,AJUSTE,1173.8,01,MG-CORE-01,BR,BR-8209074298,False,Brasil,0.05,False,False,0.7071067811865475
TXN00002296,CLI000443,2023-01-20,ESTORNO,-1028.14,00,RJ-CORE-01,BR,BR-1176169319,False,Brasil,0.05,False,False,-1.0109169300186944
TXN00002297,CLI000251,2023-07-01,AJUSTE,696.26,02,BA-CORE-01,BR,BR-8032683189,False,Brasil,0.05,False,False,-0.7455439613359092
TXN00002298,CLI000932,2023-04-24,PAGAMENTO,2827.33,00,SP-CORE-01,BR,BR-8981576848,False,Brasil,0.05,False,False,0.9419969433620543
TXN00002299,CLI000188,2023-03-05,PAGAMENTO,1914.44,01,SP-CORE-02,BR,BR-6733641358,False,Brasil,0.05,False,False,0.046556247317372214
TXN00002300,CLI000081,2023-09-10,AJUSTE,774.4,10,RJ-CORE-01,BR,BR-5717062885,False,Brasil,0.05,False,False,0.25270660570499076
TXN00002301,CLI001018,2023-01-18,PAGAMENTO,2537.3,00,BA-CORE-01,BR,BR-6974959934,False,Brasil,0.05,False,False,0.3728821608309099
TXN00002302,CLI000022,2023-07-19,ESTORNO,351.67,10,BA-CORE-01,BR,BR-4217320974,False,Brasil,0.05,False,False,-1.4209148482094311
TXN00002303,CLI000686,2023-04-17,AJUSTE,2874.81,00,BA-CORE-01,BR,BR-6067703428,False,Brasil,0.05,False,False,1.1978162223273419
TXN00002304,CLI000684,2023-02-27,PAGAMENTO,1933.1,00,SP-CORE-02,BR,BR-3351978047,False,Brasil,0.05,False,False,-0.39384883854123254
TXN00002305,CLI000246,2023-11-23,PAGAMENTO,2465.88,02,RJ-CORE-01,BR,BR-3889662004,False,Brasil,0.05,False,False,0.9974894147170087
TXN00002306,CLI000709,2023-01-02,PAGAMENTO,3090.34,01,MG-CORE-01,BR,BR-4572079205,False,Brasil,0.05,False,False,0.9433307200647585
TXN00002307,CLI001178,2023-01-30,AJUSTE,285.36,00,SP-CORE-01,BR,BR-5346341182,False,Brasil,0.05,False,False,-0.259315820456852
TXN00002308,CLI000703,2023-02-25,ESTORNO,1896.52,01,SP-CORE-02,BR,BR-7210274473,False,Brasil,0.05,False,False,0.36359371013431163
TXN00002309,CLI000323,2023-10-28,FATURA,504.74,10,SP-CORE-02,BR,BR-6511718732,False,Brasil,0.05,False,False,-0.15457783121069035
TXN00002310,CLI000925,2023-11-07,AJUSTE,2114.84,01,SP-CORE-01,BR,BR-1829270292,False,Brasil,0.05,False,False,-0.2033498921775847
TXN00002311,CLI000603,2023-06-21,ESTORNO,1195.18,00,SP-CORE-01,BR,BR-9691727358,False,Brasil,0.05,False,False,-0.3150784924813253
TXN00002312,CLI000692,2023-09-24,AJUSTE,1885.65,00,RJ-CORE-01,BR,BR-1394884830,False,Brasil,0.05,False,False,0.6894098365049973
TXN00002313,CLI001064,2023-09-10,AJUSTE,3275.86,10,MG-CORE-01,BR,BR-4588269668,False,Brasil,0.05,False,False,1.1536646252185097
TXN00002314,CLI000396,2023-03-01,FATURA,2617.27,10,SP-CORE-01,BR,BR-3740545127,False,Brasil,0.05,False,False,-0.32467899079791873
TXN00002315,CLI000182,2023-09-24,FATURA,3099.58,02,MG-CORE-01,BR,BR-1515297776,False,Brasil,0.05,False,False,0.5366786906756059
TXN00002316,CLI000436,2023-07-17,FATURA,555.89,10,SP-CORE-01,BR,BR-5852914708,False,Brasil,0.05,False,False,0.401484682352111
TXN00002317,CLI000107,2023-03-31,FATURA,2691.23,02,RJ-CORE-01,BR,BR-5153944226,False,Brasil,0.05,False,False,0.8128054907362797
TXN00002318,CLI000995,2023-09-18,PAGAMENTO,1935.01,10,BA-CORE-01,BR,BR-4848297723,False,Brasil,0.05,False,False,0.3130373369194542
TXN00002319,CLI001075,2023-08-06,PAGAMENTO,2675.42,01,BA-CORE-01,BR,BR-3987809626,False,Brasil,0.05,False,False,0.9681404811598157
TXN00002320,CLI001136,2023-05-29,ESTORNO,-2628.83,00,SP-CORE-01,BR,BR-6383036029,False,Brasil,0.05,False,False,-1.8480442099415333
TXN00002321,CLI000487,2023-09-28,FATURA,3448.31,01,RJ-CORE-01,BR,BR-5020871331,False,Brasil,0.05,False,False,1.2612481762828023
TXN00002322,CLI000435,2023-12-08,PAGAMENTO,3196.28,01,MG-CORE-01,BR,BR-8038508690,False,Brasil,0.05,False,False,-0.436039238471476
TXN00002323,CLI000759,2023-11-27,AJUSTE,1322.57,00,SP-CORE-01,BR,BR-6683977453,False,Brasil,0.05,False,False,0.3243644129285122
TXN00002324,CLI001157,2023-12-20,PAGAMENTO,2435.01,00,BA-CORE-01,BR,BR-5612782269,False,Brasil,0.05,False,False,0.7131898689657121
TXN00002325,CLI000523,2023-05-29,FATURA,1014.46,01,SP-CORE-01,BR,BR-4337644657,False,Brasil,0.05,False,False,-1.3774565453586451
TXN00002326,CLI000770,2023-07-26,AJUSTE,2651.64,10,BA-CORE-01,BR,BR-6939076506,False,Brasil,0.05,False,False,0.6821358313145355
TXN00002327,CLI001097,2023-10-10,ESTORNO,-2253.29,10,SP-CORE-01,BR,BR-5552917235,False,Brasil,0.05,False,False,-1.5572731501905532
TXN00002328,CLI000603,2023-10-24,ESTORNO,1356.66,01,SP-CORE-02,BR,BR-2136726892,False,Brasil,0.05,False,False,-0.16711284707777144
TXN00002329,CLI000222,2023-09-14,FATURA,3107.94,01,SP-CORE-02,BR,BR-2892254518,False,Brasil,0.05,False,False,0.4179382720156943
TXN00002330,CLI001155,2023-04-25,AJUSTE,1044.62,01,MG-CORE-01,BR,BR-4988247780,False,Brasil,0.05,False,False,0.11633371027142944
TXN00002331,CLI000318,2023-07-28,FATURA,2185.32,00,BA-CORE-01,BR,BR-7916193949,False,Brasil,0.05,False,False,0.715604574238736
TXN00002332,CLI000357,2023-11-24,PAGAMENTO,429.65,10,SP-CORE-01,BR,BR-3113370001,False,Brasil,0.05,False,False,-1.4292883351647343
TXN00002333,CLI000452,2023-06-08,AJUSTE,1974.58,01,BA-CORE-01,BR,BR-8596540119,False,Brasil,0.05,False,False,-0.12286678284455911
TXN00002334,CLI001150,2023-12-10,ESTORNO,-2325.65,02,SP-CORE-02,BR,BR-3763116394,False,Brasil,0.05,False,False,-0.7071067811865476
TXN00002335,CLI000292,2023-05-26,FATURA,2901.49,02,MG-CORE-01,BR,BR-9214594061,False,Brasil,0.05,False,False,0.7071067811865475
TXN00002336,CLI000735,2023-06-24,PAGAMENTO,124.19,01,MG-CORE-01,BR,BR-8367588279,False,Brasil,0.05,False,False,-0.7174878259259335
TXN00002337,CLI001174,2023-08-11,AJUSTE,2320.0,00,BA-CORE-01,BR,BR-1443614797,False,Brasil,0.05,False,False,0.6398735072532369
TXN00002338,CLI001151,2023-06-26,PAGAMENTO,1436.1,00,SP-CORE-02,BR,BR-1313186891,False,Brasil,0.05,False,False,0.1946477074622021
TXN00002339,CLI000643,2023-08-07,PAGAMENTO,361.92,01,SP-CORE-02,BR,BR-2915048861,False,Brasil,0.05,False,False,-1.096935818952894
TXN00002340,CLI000493,2023-03-03,ESTORNO,896.72,01,RJ-CORE-01,BR,BR-9145458689,False,Brasil,0.05,False,False,-0.6798512329237502
TXN00002341,CLI000459,2023-09-18,ESTORNO,-966.22,00,SP-CORE-01,BR,BR-3750219066,False,Brasil,0.05,False,False,-1.4524743285958954
TXN00002342,CLI000798,2023-01-04,FATURA,2343.65,10,BA-CORE-01,BR,BR-5006748052,False,Brasil,0.05,False,False,0.4139774587328238
TXN00002343,CLI000154,2023-01-29,FATURA,426.41,10,BA-CORE-01,BR,BR-8149427618,False,Brasil,0.05,False,False,-0.14594140982465653
TXN00002344,CLI000136,2023-12-09,FATURA,692.8,02,SP-CORE-01,BR,BR-2144335983,False,Brasil,0.05,False,False,-0.40966159299359006
TXN00002345,CLI000150,2023-09-28,PAGAMENTO,214.83,02,SP-CORE-01,BR,BR-8301681475,False,Brasil,0.05,False,False,0.37847536525381426
TXN00002346,CLI000908,2023-01-28,ESTORNO,1596.92,01,BA-CORE-01,BR,BR-9180270075,False,Brasil,0.05,False,False,-0.22535370797726262
TXN00002347,CLI000554,2023-11-18,PAGAMENTO,519.9,02,SP-CORE-02,BR,BR-3468061102,False,Brasil,0.05,False,False,-0.46341785138275526
TXN00002348,CLI000120,2023-09-11,FATURA,1553.46,02,MG-CORE-01,BR,BR-7402419515,False,Brasil,0.05,False,False,-0.06269943331257603
TXN00002349,CLI000281,2023-03-13,PAGAMENTO,2546.55,10,SP-CORE-02,BR,BR-7167820709,False,Brasil,0.05,False,False,0.5132060724289402
TXN00002350,CLI000098,2023-01-10,ESTORNO,1953.02,00,MG-CORE-01,BR,BR-4373188745,False,Brasil,0.05,False,False,0.4209654068795736
TXN00002351,CLI000814,2023-10-17,AJUSTE,2453.5,00,RJ-CORE-01,BR,BR-3319835182,False,Brasil,0.05,False,False,0.9797248745842229
TXN00002352,CLI000272,2023-02-04,ESTORNO,-3396.63,01,SP-CORE-02,BR,BR-5309172294,False,Brasil,0.05,False,False,-0.9416386356653071
TXN00002353,CLI000822,2023-07-03,ESTORNO,2507.92,01,SP-CORE-02,BR,BR-3070459171,False,Brasil,0.05,False,False,1.0140708069919901
TXN00002354,CLI000420,2023-08-28,FATURA,1915.51,00,MG-CORE-01,BR,BR-6836509775,False,Brasil,0.05,False,False,0.38099837689241084
TXN00002355,CLI000231,2023-12-14,AJUSTE,373.76,01,SP-CORE-01,BR,BR-8223429499,False,Brasil,0.05,False,False,-1.313300089081246
TXN00002356,CLI001016,2023-08-05,AJUSTE,848.15,02,SP-CORE-02,BR,BR-2720627470,False,Brasil,0.05,False,False,-1.0201786275284046
TXN00002357,CLI001117,2023-07-12,ESTORNO,442.0,01,MG-CORE-01,BR,BR-5684378987,False,Brasil,0.05,False,False,-1.1135925289467583
TXN00002358,CLI000289,2023-06-07,ESTORNO,-940.8,00,SP-CORE-02,BR,BR-9422110981,False,Brasil,0.05,False,False,-1.2566663387476102
TXN00002359,CLI000584,2023-05-31,PAGAMENTO,1795.73,00,MG-CORE-01,BR,BR-8587094479,False,Brasil,0.05,False,False,-0.44313723679505046
TXN00002360,CLI000964,2023-05-02,FATURA,1592.05,02,SP-CORE-01,BR,BR-3782247929,False,Brasil,0.05,False,False,0.8020073313306313
TXN00002361,CLI000383,2023-03-14,FATURA,3169.55,10,BA-CORE-01,BR,BR-6115319619,False,Brasil,0.05,False,False,1.0241167087781944
TXN00002362,CLI001099,2023-01-08,FATURA,2922.17,00,MG-CORE-01,BR,BR-8283758926,False,Brasil,0.05,False,False,0.8165454993056587
TXN00002363,CLI000352,2023-02-22,AJUSTE,2206.36,02,BA-CORE-01,BR,BR-4850269395,False,Brasil,0.05,False,False,1.2803417245191857
TXN00002364,CLI000475,2023-09-09,ESTORNO,2749.69,10,SP-CORE-02,BR,BR-6837982055,False,Brasil,0.05,False,False,1.3134577312774378
TXN00002365,CLI000837,2023-02-28,AJUSTE,2971.3,01,BA-CORE-01,BR,BR-8012785094,False,Brasil,0.05,False,False,0.7866159961504542
TXN00002366,CLI001116,2023-06-23,FATURA,816.6,10,SP-CORE-01,BR,BR-4158193327,False,Brasil,0.05,False,False,-0.6497804666463864
TXN00002367,CLI000126,2023-07-26,PAGAMENTO,2388.99,00,MG-CORE-01,BR,BR-1601050402,False,Brasil,0.05,False,False,1.3922203696397335
TXN00002368,CLI000032,2023-09-12,PAGAMENTO,841.11,10,BA-CORE-01,BR,BR-1829326917,False,Brasil,0.05,False,False,0.0
TXN00002369,CLI000716,2023-01-02,ESTORNO,-1328.89,01,SP-CORE-01,BR,BR-3546681221,False,Brasil,0.05,False,False,-0.40199212190697964
TXN00002370,CLI001105,2023-12-12,ESTORNO,574.08,10,RJ-CORE-01,BR,BR-7396205104,False,Brasil,0.05,False,False,0.3751177541984708
TXN00002371,CLI000150,2023-02-23,PAGAMENTO,-334096.57,4F,SANTOS-PORT-07,PA,OFFSHORE-293102CZ,True,Panamá,0.9,True,True,-2.267470909378608
TXN00002372,CLI000815,2023-02-07,AJUSTE,3436.32,01,RJ-CORE-01,BR,BR-5376842282,False,Brasil,0.05,False,False,1.0197935221046204
TXN00002373,CLI001110,2023-11-01,PAGAMENTO,3343.02,02,SP-CORE-02,BR,BR-3655887892,False,Brasil,0.05,False,False,1.7377811451500635
TXN00002374,CLI000070,2023-10-07,ESTORNO,3040.91,01,SP-CORE-02,BR,BR-3786516452,False,Brasil,0.05,False,False,0.986949520944366
TXN00002375,CLI001040,2023-12-06,AJUSTE,2949.34,10,BA-CORE-01,BR,BR-1061698094,False,Brasil,0.05,False,False,0.825065011929234
TXN00002376,CLI000136,2023-11-28,ESTORNO,472.36,02,BA-CORE-01,BR,BR-3717260269,False,Brasil,0.05,False,False,-0.41707072833490577
TXN00002377,CLI000188,2023-05-26,FATURA,1226.79,10,SP-CORE-01,BR,BR-9180462510,False,Brasil,0.05,False,False,-0.34759654294557657
TXN00002378,CLI001105,2023-04-02,ESTORNO,-838.78,10,MG-CORE-01,BR,BR-5712834281,False,Brasil,0.05,False,False,0.3666196172848882
TXN00002379,CLI000160,2023-01-14,AJUSTE,3269.99,10,RJ-CORE-01,BR,BR-3625195227,False,Brasil,0.05,False,False,1.3618855849441311
TXN00002380,CLI001090,2023-11-18,FATURA,2329.65,10,MG-CORE-01,BR,BR-4511008639,False,Brasil,0.05,False,False,0.645476413555388
TXN00002381,CLI000316,2023-07-16,PAGAMENTO,1906.08,10,BA-CORE-01,BR,BR-5785365297,False,Brasil,0.05,False,False,0.31111107899403195
TXN00002382,CLI001090,2023-06-13,AJUSTE,1816.09,01,MG-CORE-01,BR,BR-3644104389,False,Brasil,0.05,False,False,0.25672943360103023
TXN00002383,CLI000552,2023-12-15,ESTORNO,-1844.87,10,SP-CORE-02,BR,BR-6165304376,False,Brasil,0.05,False,False,-0.41284115749904804
TXN00002384,CLI000680,2023-12-06,FATURA,3133.61,02,MG-CORE-01,BR,BR-7021581129,False,Brasil,0.05,False,False,1.2116830203032283
TXN00002385,CLI001110,2023-10-19,PAGAMENTO,153.34,00,SP-CORE-02,BR,BR-3344557360,False,Brasil,0.05,False,False,-0.8496411397726142
TXN00002386,CLI001073,2023-06-25,AJUSTE,2986.64,02,RJ-CORE-01,BR,BR-9785727315,False,Brasil,0.05,False,False,1.0136293245075503
TXN00002387,CLI000603,2023-08-24,PAGAMENTO,2085.71,01,SP-CORE-02,BR,BR-6039919293,False,Brasil,0.05,False,False,0.5009225367558979
TXN00002388,CLI000552,2023-11-23,AJUSTE,878.25,01,BA-CORE-01,BR,BR-1271535964,False,Brasil,0.05,False,False,-0.31210005644601635
TXN00002389,CLI000212,2023-04-24,PAGAMENTO,3034.7,01,BA-CORE-01,BR,BR-2176363031,False,Brasil,0.05,False,False,1.0009748589231864
TXN00002390,CLI000692,2023-07-27,ESTORNO,592.19,00,RJ-CORE-01,BR,BR-8548620154,False,Brasil,0.05,False,False,-0.02669633349095033
TXN00002391,CLI001179,2023-04-02,PAGAMENTO,3200.56,02,MG-CORE-01,BR,BR-6003663209,False,Brasil,0.05,False,False,0.6264536220562844
TXN00002392,CLI001085,2023-07-26,AJUSTE,3312.31,01,SP-CORE-02,BR,BR-3499610004,False,Brasil,0.05,False,False,0.9725292897837303
TXN00002393,CLI000053,2023-02-22,ESTORNO,-797.97,00,BA-CORE-01,BR,BR-1572823571,False,Brasil,0.05,False,False,-0.9018234198933471
TXN00002394,CLI000033,2023-09-23,PAGAMENTO,934.72,10,BA-CORE-01,BR,BR-1677546830,False,Brasil,0.05,False,False,0.23393056140072524
TXN00002395,CLI000628,2023-09-07,ESTORNO,-2710.05,02,RJ-CORE-01,BR,BR-9072936225,False,Brasil,0.05,False,False,-2.301207843271378
TXN00002396,CLI000992,2023-12-12,FATURA,3130.66,00,SP-CORE-01,BR,BR-1346700963,False,Brasil,0.05,False,False,0.5677702128175345
TXN00002397,CLI000552,2023-01-25,AJUSTE,713.03,02,BA-CORE-01,BR,BR-1031026838,False,Brasil,0.05,False,False,-0.31821232645834846
TXN00002398,CLI000181,2023-02-14,FATURA,2938.2,01,MG-CORE-01,BR,BR-4977727965,False,Brasil,0.05,False,False,0.8559804815699998
TXN00002399,CLI000356,2023-05-31,ESTORNO,-1598.8,02,RJ-CORE-01,BR,BR-6513585010,False,Brasil,0.05,False,False,-1.6755423376481797
TXN00002400,CLI000873,2023-11-14,ESTORNO,-3103.62,10,MG-CORE-01,BR,BR-1544998804,False,Brasil,0.05,False,False,-1.7275417668031747
TXN00002401,CLI000581,2023-06-12,PAGAMENTO,179.36,02,SP-CORE-02,BR,BR-7229502736,False,Brasil,0.05,False,False,0.4413082549177154
TXN00002402,CLI001084,2023-01-19,FATURA,367243.47,9A,SANTOS-PORT-07,LU,OFFSHORE-958837HF,True,Luxemburgo,0.8,True,True,1.8977784142355665
TXN00002403,CLI000270,2023-12-23,FATURA,2079.24,10,BA-CORE-01,BR,BR-3831788593,False,Brasil,0.05,False,False,0.2831972950506137
TXN00002404,CLI001079,2023-01-04,PAGAMENTO,965.45,01,SP-CORE-02,BR,BR-2187243159,False,Brasil,0.05,False,False,-0.7610760183642026
TXN00002405,CLI000877,2023-07-25,ESTORNO,586.51,01,RJ-CORE-01,BR,BR-1832016743,False,Brasil,0.05,False,False,-1.6258655365644366
TXN00002406,CLI000906,2023-01-30,PAGAMENTO,3345.3,10,MG-CORE-01,BR,BR-4421426659,False,Brasil,0.05,False,False,0.933761707969909
TXN00002407,CLI000573,2023-06-02,ESTORNO,3021.82,01,MG-CORE-01,BR,BR-7332554920,False,Brasil,0.05,False,False,0.9911950493459837
TXN00002408,CLI001029,2023-10-29,ESTORNO,-1488.44,02,RJ-CORE-01,BR,BR-1757305041,False,Brasil,0.05,False,False,-1.5118922297486461
TXN00002409,CLI000681,2023-06-05,AJUSTE,3353.86,00,SP-CORE-01,BR,BR-1185180108,False,Brasil,0.05,False,False,0.6337247857879629
TXN00002410,CLI000320,2023-03-11,FATURA,3265.36,00,SP-CORE-01,BR,BR-8064623490,False,Brasil,0.05,False,False,0.4742220842943303
TXN00002411,CLI000238,2023-07-10,ESTORNO,-2244.29,01,SP-CORE-01,BR,BR-2224342797,False,Brasil,0.05,False,False,-1.3685504233366668
TXN00002412,CLI001069,2023-06-12,ESTORNO,-260.96,00,RJ-CORE-01,BR,BR-7161867807,False,Brasil,0.05,False,False,-0.6867783438347034
TXN00002413,CLI000622,2023-11-21,AJUSTE,2222.86,01,SP-CORE-01,BR,BR-8552304952,False,Brasil,0.05,False,False,0.47254294889851284
TXN00002414,CLI001005,2023-09-24,ESTORNO,1846.28,10,MG-CORE-01,BR,BR-1186047172,False,Brasil,0.05,False,False,-0.4092532374644569
TXN00002415,CLI000904,2023-09-13,AJUSTE,3371.57,01,MG-CORE-01,BR,BR-4180066307,False,Brasil,0.05,False,False,1.5155794576739607
TXN00002416,CLI000344,2023-11-26,ESTORNO,1458.21,00,SP-CORE-02,BR,BR-1755431522,False,Brasil,0.05,False,False,-0.8266455715916935
TXN00002417,CLI000355,2023-05-28,ESTORNO,747.84,00,BA-CORE-01,BR,BR-4373662535,False,Brasil,0.05,False,False,-1.2733259713492855
TXN00002418,CLI000294,2023-03-10,FATURA,682.67,00,SP-CORE-02,BR,BR-1498495745,False,Brasil,0.05,False,False,-0.7071067811865474
TXN00002419,CLI000017,2023-11-17,FATURA,1080.95,00,SP-CORE-01,BR,BR-4844335785,False,Brasil,0.05,False,False,-0.04176798435785472
TXN00002420,CLI000418,2023-09-24,FATURA,871.72,02,MG-CORE-01,BR,BR-8393369940,False,Brasil,0.05,False,False,1.3413814487175313
TXN00002421,CLI001063,2023-06-26,PAGAMENTO,104.3,01,MG-CORE-01,BR,BR-6695007725,False,Brasil,0.05,False,False,0.36256032481657496
TXN00002422,CLI000951,2023-12-07,FATURA,1606.98,01,RJ-CORE-01,BR,BR-2398806247,False,Brasil,0.05,False,False,-0.329616110575733
TXN00002423,CLI000777,2023-05-14,ESTORNO,-2618.96,02,BA-CORE-01,BR,BR-4345673352,False,Brasil,0.05,False,False,0.3758131906724231
TXN00002424,CLI000185,2023-10-20,AJUSTE,3298.64,02,SP-CORE-02,BR,BR-2400727238,False,Brasil,0.05,False,False,-0.04489650272285063
TXN00002425,CLI000109,2023-07-15,PAGAMENTO,3150.79,01,SP-CORE-01,BR,BR-1421182269,False,Brasil,0.05,False,False,1.0790130476659017
TXN00002426,CLI000937,2023-08-14,AJUSTE,3362.02,10,SP-CORE-02,BR,BR-8463570248,False,Brasil,0.05,False,False,0.5766863716719489
TXN00002427,CLI000382,2023-04-12,AJUSTE,1561.29,01,BA-CORE-01,BR,BR-4736133245,False,Brasil,0.05,False,False,0.08990449463536475
TXN00002428,CLI000439,2023-06-16,FATURA,652.63,01,BA-CORE-01,BR,BR-1947739357,False,Brasil,0.05,False,False,-0.29198513080985145
TXN00002429,CLI000155,2023-03-29,PAGAMENTO,3344.59,10,RJ-CORE-01,BR,BR-3080515301,False,Brasil,0.05,False,False,1.4680556667965499
TXN00002430,CLI000745,2023-05-01,ESTORNO,-1944.91,01,SP-CORE-02,BR,BR-9119587751,False,Brasil,0.05,False,False,-1.090009677855779
TXN00002431,CLI000631,2023-10-23,AJUSTE,2997.83,01,RJ-CORE-01,BR,BR-1622518030,False,Brasil,0.05,False,False,1.391588725833037
TXN00002432,CLI000806,2023-08-02,ESTORNO,-445.1,10,MG-CORE-01,BR,BR-2954170921,False,Brasil,0.05,False,False,-1.1090311200323615
TXN00002433,CLI001021,2023-05-07,ESTORNO,3297.81,02,RJ-CORE-01,BR,BR-6958538302,False,Brasil,0.05,False,False,0.6035745975226097
TXN00002434,CLI001170,2023-04-03,FATURA,3128.59,10,SP-CORE-01,BR,BR-5880820657,False,Brasil,0.05,False,False,0.7719349069834914
TXN00002435,CLI000960,2023-08-14,AJUSTE,263.19,00,RJ-CORE-01,BR,BR-4091608595,False,Brasil,0.05,False,False,-0.7155002110621363
TXN00002436,CLI001144,2023-02-27,PAGAMENTO,765.55,02,SP-CORE-02,BR,BR-8009477336,False,Brasil,0.05,False,False,0.42510409109798125
TXN00002437,CLI000814,2023-03-08,AJUSTE,539.35,00,SP-CORE-02,BR,BR-9484947955,False,Brasil,0.05,False,False,-1.1681262538756407
TXN00002438,CLI001136,2023-10-08,FATURA,675.77,00,SP-CORE-01,BR,BR-6163456469,False,Brasil,0.05,False,False,-0.01861991749225146
TXN00002439,CLI001037,2023-11-07,PAGAMENTO,2841.7,10,BA-CORE-01,BR,BR-1546370398,False,Brasil,0.05,False,False,0.7932808281302359
TXN00002440,CLI000379,2023-06-28,PAGAMENTO,2398.92,02,BA-CORE-01,BR,BR-5551169498,False,Brasil,0.05,False,False,0.5131372485764313
TXN00002441,CLI000036,2023-11-23,AJUSTE,1881.76,00,SP-CORE-01,BR,BR-1586269483,False,Brasil,0.05,False,False,0.26933644941332807
TXN00002442,CLI001176,2023-06-04,ESTORNO,842.28,10,SP-CORE-01,BR,BR-8952782076,False,Brasil,0.05,False,False,-0.6449775411870637
TXN00002443,CLI001169,2023-02-26,ESTORNO,1621.55,02,SP-CORE-02,BR,BR-7264548783,False,Brasil,0.05,False,False,0.18534198227178453
TXN00002444,CLI000050,2023-01-12,FATURA,2730.73,01,BA-CORE-01,BR,BR-2475647712,False,Brasil,0.05,False,False,0.0
TXN00002445,CLI000117,2023-06-05,FATURA,711.96,02,BA-CORE-01,BR,BR-9102064850,False,Brasil,0.05,False,False,0.07234083813528346
TXN00002446,CLI001024,2023-01-03,AJUSTE,2026.39,10,SP-CORE-01,BR,BR-3592596823,False,Brasil,0.05,False,False,0.010355125758315875
TXN00002447,CLI000310,2023-11-08,FATURA,3386.6,01,MG-CORE-01,BR,BR-4672214312,False,Brasil,0.05,False,False,1.0156549517359366
TXN00002448,CLI000956,2023-03-01,AJUSTE,741.21,00,MG-CORE-01,BR,BR-5666371719,False,Brasil,0.05,False,False,-0.5049634566927917
TXN00002449,CLI000784,2023-01-28,AJUSTE,420.78,00,SP-CORE-01,BR,BR-5276345770,False,Brasil,0.05,False,False,-0.8930703990049196
TXN00002450,CLI000066,2023-02-23,PAGAMENTO,470.67,01,SP-CORE-01,BR,BR-7835787787,False,Brasil,0.05,False,False,0.3714644682436523
TXN00002451,CLI000439,2023-03-11,PAGAMENTO,2536.04,10,SP-CORE-02,BR,BR-8889807790,False,Brasil,0.05,False,False,1.7150649761930554
TXN00002452,CLI000427,2023-05-31,FATURA,2010.16,10,MG-CORE-01,BR,BR-2199029793,False,Brasil,0.05,False,False,0.12749710017436108
TXN00002453,CLI000307,2023-12-05,FATURA,642.36,02,BA-CORE-01,BR,BR-8430369688,False,Brasil,0.05,False,False,0.3427744170223676
TXN00002454,CLI001075,2023-04-01,ESTORNO,369.6,02,SP-CORE-01,BR,BR-2059371626,False,Brasil,0.05,False,False,-0.8608546756573373
TXN00002455,CLI000588,2023-06-22,AJUSTE,3012.26,02,SP-CORE-02,BR,BR-6700692683,False,Brasil,0.05,False,False,-0.2819635280239403
TXN00002456,CLI000780,2023-03-07,PAGAMENTO,79.56,01,RJ-CORE-01,BR,BR-3488791944,False,Brasil,0.05,False,False,-1.3683967169078415
TXN00002457,CLI000708,2023-12-02,FATURA,24.3,01,BA-CORE-01,BR,BR-5316775329,False,Brasil,0.05,False,False,-0.6519222492000042
TXN00002458,CLI000930,2023-12-22,AJUSTE,2050.44,00,SP-CORE-01,BR,BR-5209858423,False,Brasil,0.05,False,False,-0.5396569345927088
TXN00002459,CLI000669,2023-03-14,FATURA,978.61,10,RJ-CORE-01,BR,BR-5439366473,False,Brasil,0.05,False,False,-0.7716421383101632
TXN00002460,CLI000154,2023-07-18,ESTORNO,-1088.17,01,SP-CORE-02,BR,BR-7576117754,False,Brasil,0.05,False,False,-0.8690352955407086
TXN00002461,CLI000253,2023-01-14,AJUSTE,510.14,10,SP-CORE-01,BR,BR-4527419370,False,Brasil,0.05,False,False,-0.19723889781018275
TXN00002462,CLI000341,2023-11-11,ESTORNO,-583.6,01,BA-CORE-01,BR,BR-7238188172,False,Brasil,0.05,False,False,-1.3526217705754078
TXN00002463,CLI000046,2023-08-15,FATURA,2521.57,00,MG-CORE-01,BR,BR-2032989010,False,Brasil,0.05,False,False,0.7071067811865475
TXN00002464,CLI000702,2023-04-27,PAGAMENTO,472.36,02,BA-CORE-01,BR,BR-9643290928,False,Brasil,0.05,False,False,-1.2743576745372087
TXN00002465,CLI000585,2023-05-14,ESTORNO,3336.14,01,SP-CORE-01,BR,BR-8437965451,False,Brasil,0.05,False,False,0.7345612502433857
TXN00002466,CLI000831,2023-05-08,FATURA,224.09,00,BA-CORE-01,BR,BR-5079935036,False,Brasil,0.05,False,False,-1.6499327514395674
TXN00002467,CLI000632,2023-10-16,PAGAMENTO,3201.44,10,RJ-CORE-01,BR,BR-5864961001,False,Brasil,0.05,False,False,1.0243887875834339
TXN00002468,CLI000871,2023-07-09,FATURA,1560.99,02,RJ-CORE-01,BR,BR-2270410210,False,Brasil,0.05,False,False,0.9691523289544616
TXN00002469,CLI000946,2023-05-07,AJUSTE,894.46,00,SP-CORE-02,BR,BR-1389680278,False,Brasil,0.05,False,False,-0.42024741715455366
TXN00002470,CLI000252,2023-01-02,PAGAMENTO,404.75,00,SP-CORE-01,BR,BR-2309263254,False,Brasil,0.05,False,False,-0.45048490656830065
TXN00002471,CLI000206,2023-04-17,FATURA,112.73,10,BA-CORE-01,BR,BR-8315637075,False,Brasil,0.05,False,False,-1.0417760619214669
TXN00002472,CLI000868,2023-07-24,PAGAMENTO,981.07,00,MG-CORE-01,BR,BR-7248493644,False,Brasil,0.05,False,False,-0.29561284418377615
TXN00002473,CLI000220,2023-10-06,FATURA,65.69,00,RJ-CORE-01,BR,BR-4315006135,False,Brasil,0.05,False,False,0.12011200960275384
TXN00002474,CLI000950,2023-10-31,AJUSTE,126.08,00,RJ-CORE-01,BR,BR-2741009563,False,Brasil,0.05,False,False,-0.6904376432917052
TXN00002475,CLI000505,2023-04-11,FATURA,1789.1,10,MG-CORE-01,BR,BR-3720442203,False,Brasil,0.05,False,False,0.6705388034021306
TXN00002476,CLI000590,2023-08-25,FATURA,2499.92,02,SP-CORE-01,BR,BR-5598615444,False,Brasil,0.05,False,False,0.8058486304932788
TXN00002477,CLI000359,2023-09-29,ESTORNO,3339.53,10,RJ-CORE-01,BR,BR-5435473617,False,Brasil,0.05,False,False,1.2125091609147733
TXN00002478,CLI000373,2023-12-27,FATURA,704.01,00,BA-CORE-01,BR,BR-4412260278,False,Brasil,0.05,False,False,0.08101058250919374
TXN00002479,CLI000520,2023-09-30,ESTORNO,3010.73,02,MG-CORE-01,BR,BR-9937651021,False,Brasil,0.05,False,False,0.4739071286802208
TXN00002480,CLI000411,2023-01-16,PAGAMENTO,731.88,00,RJ-CORE-01,BR,BR-9078177421,False,Brasil,0.05,False,False,-0.502644853142542
TXN00002481,CLI000807,2023-03-22,PAGAMENTO,2882.6,10,RJ-CORE-01,BR,BR-9825348931,False,Brasil,0.05,False,False,0.6848336046008588
TXN00002482,CLI000284,2023-03-18,PAGAMENTO,294.69,00,BA-CORE-01,BR,BR-8192579713,False,Brasil,0.05,False,False,-1.3363535180483574
TXN00002483,CLI000872,2023-01-10,PAGAMENTO,131.65,02,MG-CORE-01,BR,BR-4813836089,False,Brasil,0.05,False,False,-0.12097602970970983
TXN00002484,CLI000104,2023-06-09,FATURA,3378.48,00,SP-CORE-01,BR,BR-5771564976,False,Brasil,0.05,False,False,1.116510776646609
TXN00002485,CLI000077,2023-10-29,PAGAMENTO,1710.07,10,SP-CORE-01,BR,BR-6865168092,False,Brasil,0.05,False,False,0.2114241757804588
TXN00002486,CLI000140,2023-12-02,FATURA,934.18,01,BA-CORE-01,BR,BR-3659157927,False,Brasil,0.05,False,False,-0.3504501249090927
TXN00002487,CLI000087,2023-10-21,ESTORNO,30.53,01,SP-CORE-01,BR,BR-6865083405,False,Brasil,0.05,False,False,-0.5144250057837823
TXN00002488,CLI001018,2023-11-09,ESTORNO,2138.8,00,BA-CORE-01,BR,BR-9877722802,False,Brasil,0.05,False,False,-0.087332775185648
TXN00002489,CLI000407,2023-11-07,PAGAMENTO,1861.57,10,SP-CORE-02,BR,BR-1879233902,False,Brasil,0.05,False,False,-0.1921165754335681
TXN00002490,CLI001140,2023-10-30,PAGAMENTO,1547.78,00,MG-CORE-01,BR,BR-9509410913,False,Brasil,0.05,False,False,0.15022678853662463
TXN00002491,CLI000588,2023-02-22,ESTORNO,-1449.89,10,SP-CORE-01,BR,BR-6263212814,False,Brasil,0.05,False,False,-0.3743350348423932
TXN00002492,CLI000357,2023-09-06,FATURA,1690.02,02,SP-CORE-02,BR,BR-8216518899,False,Brasil,0.05,False,False,-0.02340834254197487
TXN00002493,CLI000914,2023-08-12,ESTORNO,656.89,02,BA-CORE-01,BR,BR-2190330168,False,Brasil,0.05,False,False,-0.08455027232126235
TXN00002494,CLI000286,2023-02-04,FATURA,2495.97,02,SP-CORE-02,BR,BR-5567135862,False,Brasil,0.05,False,False,-0.33060702394634156
TXN00002495,CLI000217,2023-04-20,FATURA,1646.09,10,BA-CORE-01,BR,BR-6777704180,False,Brasil,0.05,False,False,-0.22298903408008583
TXN00002496,CLI000195,2023-07-30,FATURA,211.13,01,SP-CORE-01,BR,BR-5822000305,False,Brasil,0.05,False,False,-0.7071067811865475
TXN00002497,CLI000172,2023-05-01,FATURA,1305.43,10,SP-CORE-02,BR,BR-6550233140,False,Brasil,0.05,False,False,0.0
TXN00002498,CLI000145,2023-01-12,PAGAMENTO,2563.73,02,BA-CORE-01,BR,BR-7961932703,False,Brasil,0.05,False,False,0.25307885291547316
TXN00002499,CLI000925,2023-05-14,PAGAMENTO,1078.32,01,SP-CORE-02,BR,BR-1281868383,False,Brasil,0.05,False,False,-1.587031571688582
TXN00002500,CLI000766,2023-09-25,ESTORNO,1805.75,01,BA-CORE-01,BR,BR-2966554388,False,Brasil,0.05,False,False,-0.03722060379572442
TXN00002501,CLI001107,2023-01-06,PAGAMENTO,1896.07,00,SP-CORE-01,BR,BR-5639296557,False,Brasil,0.05,False,False,0.23124312566316052
TXN00002502,CLI000387,2023-08-03,FATURA,1670.59,10,SP-CORE-01,BR,BR-4856648111,False,Brasil,0.05,False,False,-0.1216752514506585
TXN00002503,CLI000324,2023-10-16,PAGAMENTO,316.25,10,SP-CORE-01,BR,BR-5108681386,False,Brasil,0.05,False,False,-1.4010325285014937
TXN00002504,CLI000868,2023-12-12,PAGAMENTO,2863.65,02,SP-CORE-02,BR,BR-1469718772,False,Brasil,0.05,False,False,0.784268766307568
TXN00002505,CLI000103,2023-08-26,AJUSTE,2547.19,10,BA-CORE-01,BR,BR-2185165025,False,Brasil,0.05,False,False,0.7799587604572311
TXN00002506,CLI000182,2023-01-23,ESTORNO,2069.17,01,SP-CORE-01,BR,BR-3993944892,False,Brasil,0.05,False,False,-1.5110489561335676
TXN00002507,CLI000509,2023-02-27,PAGAMENTO,1254.04,00,MG-CORE-01,BR,BR-3131715682,False,Brasil,0.05,False,False,-0.5068589855182942
TXN00002508,CLI000726,2023-09-07,AJUSTE,1008.73,01,RJ-CORE-01,BR,BR-4758066922,False,Brasil,0.05,False,False,-0.49764574090491703
TXN00002509,CLI000093,2023-08-24,FATURA,2042.0,10,SP-CORE-02,BR,BR-3694130765,False,Brasil,0.05,False,False,1.5190318012700337
TXN00002510,CLI000510,2023-12-26,PAGAMENTO,2246.0,10,MG-CORE-01,BR,BR-6554120470,False,Brasil,0.05,False,False,-0.7740251718834605
TXN00002511,CLI000133,2023-11-10,ESTORNO,-1513.99,02,MG-CORE-01,BR,BR-5862020519,False,Brasil,0.05,False,False,-1.8369634290729495
TXN00002512,CLI000292,2023-01-06,PAGAMENTO,552.26,02,SP-CORE-01,BR,BR-6784033506,False,Brasil,0.05,False,False,-0.7071067811865476
TXN00002513,CLI001112,2023-07-02,AJUSTE,2038.39,01,MG-CORE-01,BR,BR-3768898601,False,Brasil,0.05,False,False,0.49654772169984623
TXN00002514,CLI000820,2023-01-01,AJUSTE,1768.81,01,RJ-CORE-01,BR,BR-2252055106,False,Brasil,0.05,False,False,-1.094378332381789
TXN00002515,CLI000810,2023-11-11,AJUSTE,162.99,10,SP-CORE-02,BR,BR-1270366110,False,Brasil,0.05,False,False,-1.1197611168561135
TXN00002516,CLI000140,2023-03-19,PAGAMENTO,3467.27,10,BA-CORE-01,BR,BR-8063812593,False,Brasil,0.05,False,False,1.874057902204984
TXN00002517,CLI000152,2023-01-12,PAGAMENTO,2188.87,00,SP-CORE-01,BR,BR-6696442664,False,Brasil,0.05,False,False,-0.7071067811865476
TXN00002518,CLI000335,2023-02-27,AJUSTE,2061.01,01,RJ-CORE-01,BR,BR-7207328566,False,Brasil,0.05,False,False,0.5559941048438083
TXN00002519,CLI000001,2023-07-28,AJUSTE,395.7,01,MG-CORE-01,BR,BR-8685192265,False,Brasil,0.05,False,False,-1.1579655508307807
TXN00002520,CLI000194,2023-04-06,ESTORNO,3433.92,00,RJ-CORE-01,BR,BR-2116723521,False,Brasil,0.05,False,False,0.7071067811865474
TXN00002521,CLI000571,2023-06-20,PAGAMENTO,2733.56,00,SP-CORE-02,BR,BR-7374775639,False,Brasil,0.05,False,False,0.8215760309887047
TXN00002522,CLI000065,2023-09-11,ESTORNO,-523.36,00,BA-CORE-01,BR,BR-9464195352,False,Brasil,0.05,False,False,-0.8536210935801022
TXN00002523,CLI000824,2023-12-23,AJUSTE,1026.25,00,BA-CORE-01,BR,BR-1203233294,False,Brasil,0.05,False,False,-0.13572445999230384
TXN00002524,CLI000260,2023-08-29,FATURA,2649.51,10,SP-CORE-01,BR,BR-6811610014,False,Brasil,0.05,False,False,0.04347068186027971
TXN00002525,CLI000006,2023-11-01,ESTORNO,1893.08,00,BA-CORE-01,BR,BR-4969115197,False,Brasil,0.05,False,False,0.3509129390460804
TXN00002526,CLI000164,2023-08-25,PAGAMENTO,2919.98,01,SP-CORE-01,BR,BR-2225124755,False,Brasil,0.05,False,False,1.4131829516372203
TXN00002527,CLI000379,2023-05-19,PAGAMENTO,1459.67,00,SP-CORE-02,BR,BR-5179888323,False,Brasil,0.05,False,False,0.5036161060260782
TXN00002528,CLI001103,2023-11-17,PAGAMENTO,1330.33,02,BA-CORE-01,BR,BR-1659212199,False,Brasil,0.05,False,False,0.0
TXN00002529,CLI000902,2023-12-24,AJUSTE,3413.89,10,BA-CORE-01,BR,BR-2021795614,False,Brasil,0.05,False,False,1.020230058457217
TXN00002530,CLI000535,2023-09-17,ESTORNO,-1346.45,02,SP-CORE-01,BR,BR-5838166906,False,Brasil,0.05,False,False,-1.4994787179943103
TXN00002531,CLI000370,2023-12-04,ESTORNO,191.57,00,BA-CORE-01,BR,BR-6413407687,False,Brasil,0.05,False,False,-0.20071699502159454
TXN00002532,CLI000092,2023-12-18,FATURA,2738.04,02,SP-CORE-02,BR,BR-1792406808,False,Brasil,0.05,False,False,0.40372311104698744
TXN00002533,CLI001102,2023-02-28,ESTORNO,-264.94,00,MG-CORE-01,BR,BR-9738923086,False,Brasil,0.05,False,False,-1.2032971219837136
TXN00002534,CLI000205,2023-04-17,PAGAMENTO,1485.95,01,MG-CORE-01,BR,BR-2476811694,False,Brasil,0.05,False,False,0.013590319121029273
TXN00002535,CLI000051,2023-06-17,ESTORNO,-1315.91,00,MG-CORE-01,BR,BR-6896624762,False,Brasil,0.05,False,False,-1.5350653452284115
TXN00002536,CLI000771,2023-03-11,ESTORNO,-1059.52,02,SP-CORE-02,BR,BR-2295189353,False,Brasil,0.05,False,False,-0.627892746379948
TXN00002537,CLI000841,2023-12-16,PAGAMENTO,3030.84,10,MG-CORE-01,BR,BR-4953233832,False,Brasil,0.05,False,False,0.9508808466342689
TXN00002538,CLI000637,2023-06-17,FATURA,2766.34,02,SP-CORE-02,BR,BR-2375325559,False,Brasil,0.05,False,False,0.13143640252029745
TXN00002539,CLI000060,2023-08-05,ESTORNO,3030.82,10,MG-CORE-01,BR,BR-8324857808,False,Brasil,0.05,False,False,0.7556809300048369
TXN00002540,CLI000060,2023-06-07,PAGAMENTO,2692.66,01,SP-CORE-02,BR,BR-7193796102,False,Brasil,0.05,False,False,0.4349102279673601
TXN00002541,CLI000781,2023-03-08,PAGAMENTO,863.96,02,RJ-CORE-01,BR,BR-3959863754,False,Brasil,0.05,False,False,-0.9429580480402975
TXN00002542,CLI000111,2023-11-21,AJUSTE,661.45,10,RJ-CORE-01,BR,BR-8437339412,False,Brasil,0.05,False,False,-0.5848545887225517
TXN00002543,CLI000019,2023-07-23,FATURA,2221.53,02,SP-CORE-02,BR,BR-4866219906,False,Brasil,0.05,False,False,0.3004683802005187
TXN00002544,CLI000603,2023-03-24,PAGAMENTO,2997.4,00,SP-CORE-02,BR,BR-3366355159,False,Brasil,0.05,False,False,1.336312673354647
TXN00002545,CLI000822,2023-08-20,AJUSTE,1510.07,10,MG-CORE-01,BR,BR-2323202998,False,Brasil,0.05,False,False,0.008982189454219658
TXN00002546,CLI000162,2023-06-11,AJUSTE,2154.19,10,SP-CORE-01,BR,BR-4611538856,False,Brasil,0.05,False,False,0.5057046940199118
TXN00002547,CLI001031,2023-05-24,AJUSTE,2487.81,00,SP-CORE-01,BR,BR-7210405433,False,Brasil,0.05,False,False,0.6254452295307078
TXN00002548,CLI001100,2023-10-01,ESTORNO,2793.15,10,SP-CORE-01,BR,BR-5692170729,False,Brasil,0.05,False,False,0.437495294150788
TXN00002549,CLI001145,2023-02-25,FATURA,1671.56,10,MG-CORE-01,BR,BR-9826302271,False,Brasil,0.05,False,False,1.026938454290153
TXN00002550,CLI000734,2023-04-11,AJUSTE,3063.67,01,BA-CORE-01,BR,BR-3754416885,False,Brasil,0.05,False,False,0.9861596571415934
TXN00002551,CLI000837,2023-01-07,PAGAMENTO,3259.83,02,MG-CORE-01,BR,BR-2193688100,False,Brasil,0.05,False,False,0.9799198550077879
TXN00002552,CLI000338,2023-03-26,ESTORNO,2242.31,10,SP-CORE-01,BR,BR-1096845709,False,Brasil,0.05,False,False,-0.24526093269784657
TXN00002553,CLI000467,2023-04-15,FATURA,1860.09,01,MG-CORE-01,BR,BR-7493077954,False,Brasil,0.05,False,False,0.35429240662058314
TXN00002554,CLI000945,2023-06-27,PAGAMENTO,2443.59,10,BA-CORE-01,BR,BR-6130123844,False,Brasil,0.05,False,False,0.3179644812480452
TXN00002555,CLI000253,2023-11-22,ESTORNO,-607.44,02,BA-CORE-01,BR,BR-5051881463,False,Brasil,0.05,False,False,-0.9842705369060917
TXN00002556,CLI000097,2023-09-15,AJUSTE,1148.56,02,RJ-CORE-01,BR,BR-6845729114,False,Brasil,0.05,False,False,-0.31499872040543553
TXN00002557,CLI000585,2023-12-13,FATURA,3307.11,02,RJ-CORE-01,BR,BR-8962027840,False,Brasil,0.05,False,False,0.7111505352069114
TXN00002558,CLI000287,2023-06-23,PAGAMENTO,2594.39,01,SP-CORE-01,BR,BR-6882515917,False,Brasil,0.05,False,False,0.7071067811865485
TXN00002559,CLI001007,2023-03-20,AJUSTE,3272.6,10,RJ-CORE-01,BR,BR-2601297604,False,Brasil,0.05,False,False,0.7679926169454073
TXN00002560,CLI000602,2023-08-19,FATURA,1545.59,10,SP-CORE-02,BR,BR-6517531326,False,Brasil,0.05,False,False,-0.7071067811865475
TXN00002561,CLI000778,2023-09-08,AJUSTE,610.63,01,BA-CORE-01,BR,BR-6804025676,False,Brasil,0.05,False,False,-0.3360991355413313
TXN00002562,CLI000125,2023-02-07,AJUSTE,3144.13,02,SP-CORE-01,BR,BR-9493399299,False,Brasil,0.05,False,False,0.0
TXN00002563,CLI000674,2023-11-07,FATURA,2748.45,01,SP-CORE-01,BR,BR-1376233267,False,Brasil,0.05,False,False,0.7432207559326095
TXN00002564,CLI001031,2023-01-17,AJUSTE,1365.41,01,RJ-CORE-01,BR,BR-9558139653,False,Brasil,0.05,False,False,-0.34568672151878127
TXN00002565,CLI000626,2023-05-17,AJUSTE,2191.97,01,RJ-CORE-01,BR,BR-8746770248,False,Brasil,0.05,False,False,0.22284278113425476
TXN00002566,CLI000812,2023-01-19,FATURA,3005.28,00,BA-CORE-01,BR,BR-2239673672,False,Brasil,0.05,False,False,1.5200562856089375
TXN00002567,CLI000353,2023-08-31,PAGAMENTO,1777.94,00,MG-CORE-01,BR,BR-9145099778,False,Brasil,0.05,False,False,0.5108557262684709
TXN00002568,CLI001089,2023-05-11,ESTORNO,-905.29,02,RJ-CORE-01,BR,BR-1369702097,False,Brasil,0.05,False,False,-1.1878742920983998
TXN00002569,CLI000446,2023-10-01,AJUSTE,3078.95,00,MG-CORE-01,BR,BR-6187391882,False,Brasil,0.05,False,False,0.6483197879091026
TXN00002570,CLI000494,2023-12-27,PAGAMENTO,2749.29,00,SP-CORE-01,BR,BR-9532546734,False,Brasil,0.05,False,False,1.437132954392387
TXN00002571,CLI001164,2023-03-17,FATURA,1887.48,02,BA-CORE-01,BR,BR-8542452431,False,Brasil,0.05,False,False,-0.1379786473708263
TXN00002572,CLI000627,2023-10-28,PAGAMENTO,1856.37,01,BA-CORE-01,BR,BR-1379882490,False,Brasil,0.05,False,False,0.1485805928976499
TXN00002573,CLI000921,2023-09-04,ESTORNO,-2034.14,01,MG-CORE-01,BR,BR-9222330478,False,Brasil,0.05,False,False,-0.5223795184230092
TXN00002574,CLI001107,2023-05-10,AJUSTE,1331.41,00,SP-CORE-01,BR,BR-2780324145,False,Brasil,0.05,False,False,-0.23819330553209472
TXN00002575,CLI001141,2023-12-30,PAGAMENTO,899.16,02,SP-CORE-02,BR,BR-7682169593,False,Brasil,0.05,False,False,-0.019761718850420565
TXN00002576,CLI000212,2023-10-31,AJUSTE,1584.37,01,SP-CORE-02,BR,BR-1588097152,False,Brasil,0.05,False,False,-0.8773277811813349
TXN00002577,CLI000322,2023-02-27,AJUSTE,3448.95,10,SP-CORE-01,BR,BR-6934654971,False,Brasil,0.05,False,False,1.4316183234641486
TXN00002578,CLI000435,2023-03-30,AJUSTE,271320.01,9A,SANTOS-PORT-07,PA,OFFSHORE-273014RP,True,Panamá,0.9,True,True,1.7887457985717483
TXN00002579,CLI000472,2023-03-16,AJUSTE,441.52,00,SP-CORE-01,BR,BR-5168804062,False,Brasil,0.05,False,False,-0.011240692536578802
TXN00002580,CLI000778,2023-01-02,AJUSTE,76.65,10,MG-CORE-01,BR,BR-8240940498,False,Brasil,0.05,False,False,-0.8335772827759476
TXN00002581,CLI000023,2023-01-24,FATURA,3186.94,10,MG-CORE-01,BR,BR-4514489277,False,Brasil,0.05,False,False,1.1483731583662924
TXN00002582,CLI000127,2023-06-01,FATURA,678.94,10,SP-CORE-01,BR,BR-2114703737,False,Brasil,0.05,False,False,-0.7071067811865475
TXN00002583,CLI001046,2023-10-11,AJUSTE,1026.98,02,SP-CORE-02,BR,BR-3498187046,False,Brasil,0.05,False,False,0.4854643538959749
TXN00002584,CLI000634,2023-09-05,FATURA,981.75,01,SP-CORE-02,BR,BR-5922621459,False,Brasil,0.05,False,False,-0.4750565010030864
TXN00002585,CLI000035,2023-10-29,PAGAMENTO,-197065.12,9A,SANTOS-PORT-07,KY,OFFSHORE-928554OW,True,Ilhas Cayman,0.95,True,True,-1.7887665433390336
TXN00002586,CLI000675,2023-07-26,PAGAMENTO,3207.68,00,RJ-CORE-01,BR,BR-2557023069,False,Brasil,0.05,False,False,1.101502818557993
TXN00002587,CLI000893,2023-08-13,PAGAMENTO,2922.64,02,SP-CORE-01,BR,BR-1617262027,False,Brasil,0.05,False,False,1.082133546376867
TXN00002588,CLI000027,2023-12-09,PAGAMENTO,1376.97,02,SP-CORE-01,BR,BR-6503647391,False,Brasil,0.05,False,False,-1.0554745127596843
TXN00002589,CLI000578,2023-07-09,PAGAMENTO,1060.84,00,SP-CORE-01,BR,BR-8639921512,False,Brasil,0.05,False,False,-0.09831192206987215
TXN00002590,CLI000551,2023-08-17,FATURA,1904.96,00,MG-CORE-01,BR,BR-7064470209,False,Brasil,0.05,False,False,0.020736242714825822
TXN00002591,CLI000399,2023-01-22,PAGAMENTO,1839.32,00,RJ-CORE-01,BR,BR-1700204852,False,Brasil,0.05,False,False,0.5844879458961585
TXN00002592,CLI000774,2023-08-03,PAGAMENTO,1927.86,02,BA-CORE-01,BR,BR-1935771229,False,Brasil,0.05,False,False,0.41803937506306293
TXN00002593,CLI000480,2023-03-23,PAGAMENTO,1371.68,10,SP-CORE-01,BR,BR-3162013062,False,Brasil,0.05,False,False,-0.7071067811865474
TXN00002594,CLI000994,2023-10-13,PAGAMENTO,1952.86,00,MG-CORE-01,BR,BR-4571581236,False,Brasil,0.05,False,False,-0.7071067811865477
TXN00002595,CLI000929,2023-07-06,FATURA,126.61,10,SP-CORE-02,BR,BR-4447056094,False,Brasil,0.05,False,False,0.57038260536995
TXN00002596,CLI000485,2023-10-19,FATURA,1601.56,10,SP-CORE-01,BR,BR-7087455827,False,Brasil,0.05,False,False,-0.8657227871126809
TXN00002597,CLI000931,2023-01-12,AJUSTE,3302.57,01,MG-CORE-01,BR,BR-4934323885,False,Brasil,0.05,False,False,0.924650345072269
TXN00002598,CLI001171,2023-07-14,AJUSTE,71.13,00,BA-CORE-01,BR,BR-5369611254,False,Brasil,0.05,False,False,-0.3946151015683974
TXN00002599,CLI000242,2023-03-13,ESTORNO,3293.79,10,RJ-CORE-01,BR,BR-6790517486,False,Brasil,0.05,False,False,1.4821166658073546
TXN00002600,CLI000608,2023-09-07,PAGAMENTO,1610.08,00,SP-CORE-02,BR,BR-8263007482,False,Brasil,0.05,False,False,0.6711807629788366
TXN00002601,CLI001130,2023-11-05,PAGAMENTO,663.38,00,SP-CORE-01,BR,BR-9461564269,False,Brasil,0.05,False,False,0.46534730085648807
TXN00002602,CLI000546,2023-05-24,AJUSTE,339.82,10,SP-CORE-02,BR,BR-2308608938,False,Brasil,0.05,False,False,-1.6012895748554754
TXN00002603,CLI000153,2023-03-25,AJUSTE,510.38,10,RJ-CORE-01,BR,BR-1509369768,False,Brasil,0.05,False,False,0.38695970687452974
TXN00002604,CLI000271,2023-01-28,PAGAMENTO,2842.85,02,RJ-CORE-01,BR,BR-3981756317,False,Brasil,0.05,False,False,0.9518733844706606
TXN00002605,CLI000093,2023-10-11,FATURA,1226.21,02,RJ-CORE-01,BR,BR-3955140035,False,Brasil,0.05,False,False,-0.41224417169683125
TXN00002606,CLI000752,2023-08-11,ESTORNO,-2732.67,01,SP-CORE-01,BR,BR-2320394595,False,Brasil,0.05,False,False,-1.4585771237852538
TXN00002607,CLI000818,2023-01-01,PAGAMENTO,2491.87,00,SP-CORE-01,BR,BR-1901260260,False,Brasil,0.05,False,False,0.5016651467346218
TXN00002608,CLI000941,2023-12-27,AJUSTE,3146.7,10,RJ-CORE-01,BR,BR-5213833526,False,Brasil,0.05,False,False,0.0
TXN00002609,CLI001031,2023-04-19,AJUSTE,2898.94,02,MG-CORE-01,BR,BR-1479843174,False,Brasil,0.05,False,False,0.9811664332325758
TXN00002610,CLI000183,2023-10-14,AJUSTE,2146.37,02,SP-CORE-01,BR,BR-2852193802,False,Brasil,0.05,False,False,0.7071067811865476
TXN00002611,CLI000927,2023-09-24,PAGAMENTO,2288.78,01,SP-CORE-02,BR,BR-1843321095,False,Brasil,0.05,False,False,0.5855061399552469
TXN00002612,CLI001111,2023-02-16,AJUSTE,494.15,10,SP-CORE-01,BR,BR-3547672267,False,Brasil,0.05,False,False,-0.12254826176224673
TXN00002613,CLI000121,2023-01-04,ESTORNO,1695.52,00,RJ-CORE-01,BR,BR-3014693343,False,Brasil,0.05,False,False,-0.03323364351954028
TXN00002614,CLI000950,2023-03-01,FATURA,2018.78,00,BA-CORE-01,BR,BR-9197070913,False,Brasil,0.05,False,False,0.48997968095437505
TXN00002615,CLI000090,2023-12-03,FATURA,319.88,01,MG-CORE-01,BR,BR-1185892639,False,Brasil,0.05,False,False,0.12162561769692679
TXN00002616,CLI000090,2023-04-27,ESTORNO,-3315.57,10,SP-CORE-01,BR,BR-3584676841,False,Brasil,0.05,False,False,-2.180523172891151
TXN00002617,CLI000031,2023-08-25,FATURA,266.66,10,BA-CORE-01,BR,BR-1859098375,False,Brasil,0.05,False,False,-1.1320966418442975
TXN00002618,CLI000640,2023-09-05,FATURA,912.36,00,BA-CORE-01,BR,BR-8175175160,False,Brasil,0.05,False,False,-0.7004012524697647
TXN00002619,CLI001138,2023-12-24,ESTORNO,-1039.76,01,BA-CORE-01,BR,BR-1125666952,False,Brasil,0.05,False,False,-1.2085309807876348
TXN00002620,CLI000237,2023-07-31,AJUSTE,1219.26,02,RJ-CORE-01,BR,BR-7784980390,False,Brasil,0.05,False,False,-0.7071067811865474
TXN00002621,CLI000637,2023-02-15,PAGAMENTO,3358.49,01,MG-CORE-01,BR,BR-2512701547,False,Brasil,0.05,False,False,1.2145155251531103
TXN00002622,CLI000681,2023-04-20,FATURA,3157.9,00,SP-CORE-01,BR,BR-3632627835,False,Brasil,0.05,False,False,0.539134169827442
TXN00002623,CLI000141,2023-03-20,FATURA,1244.25,10,SP-CORE-02,BR,BR-1293505358,False,Brasil,0.05,False,False,-0.015265029585219726
TXN00002624,CLI001074,2023-06-01,PAGAMENTO,762.41,02,MG-CORE-01,BR,BR-4278108191,False,Brasil,0.05,False,False,-0.17333012468828948
TXN00002625,CLI000124,2023-06-22,AJUSTE,3052.32,01,MG-CORE-01,BR,BR-3271345114,False,Brasil,0.05,False,False,0.9348047540012429
TXN00002626,CLI000918,2023-05-20,PAGAMENTO,3426.97,10,SP-CORE-01,BR,BR-4074387556,False,Brasil,0.05,False,False,1.1448770698801163
TXN00002627,CLI001031,2023-10-29,AJUSTE,1926.88,02,RJ-CORE-01,BR,BR-9436448791,False,Brasil,0.05,False,False,0.14011286557651165
TXN00002628,CLI000784,2023-10-08,AJUSTE,1076.67,01,RJ-CORE-01,BR,BR-4115351748,False,Brasil,0.05,False,False,-0.1654895442546233
TXN00002629,CLI000910,2023-07-27,ESTORNO,-3204.22,00,RJ-CORE-01,BR,BR-4969546654,False,Brasil,0.05,False,False,-0.7071067811865476
TXN00002630,CLI000164,2023-12-27,ESTORNO,-194.42,02,MG-CORE-01,BR,BR-7333854872,False,Brasil,0.05,False,False,-1.1103464580310496
TXN00002631,CLI000683,2023-07-23,ESTORNO,-574.91,01,SP-CORE-01,BR,BR-6090076463,False,Brasil,0.05,False,False,-1.1393968273383042
TXN00002632,CLI000479,2023-02-24,ESTORNO,-167.92,02,SP-CORE-01,BR,BR-1460955243,False,Brasil,0.05,False,False,-1.1967799324158377
TXN00002633,CLI000195,2023-02-12,FATURA,3488.8,10,BA-CORE-01,BR,BR-8880157546,False,Brasil,0.05,False,False,0.7071067811865475
TXN00002634,CLI000111,2023-03-14,FATURA,1163.3,02,MG-CORE-01,BR,BR-9509623540,False,Brasil,0.05,False,False,-0.140017191203692
TXN00002635,CLI000479,2023-03-28,AJUSTE,2225.78,10,BA-CORE-01,BR,BR-2821460610,False,Brasil,0.05,False,False,0.6222800902555101
TXN00002636,CLI000277,2023-05-18,ESTORNO,2451.24,00,SP-CORE-02,BR,BR-3208691233,False,Brasil,0.05,False,False,1.1546938124710895
TXN00002637,CLI000324,2023-08-13,AJUSTE,3155.89,02,SP-CORE-01,BR,BR-2750534060,False,Brasil,0.05,False,False,1.2979414623984076
TXN00002638,CLI000691,2023-12-25,PAGAMENTO,3218.03,00,RJ-CORE-01,BR,BR-2349823507,False,Brasil,0.05,False,False,0.8599548709396795
TXN00002639,CLI000902,2023-04-04,AJUSTE,3174.64,02,BA-CORE-01,BR,BR-3001032544,False,Brasil,0.05,False,False,0.8423428259135135
TXN00002640,CLI000392,2023-01-17,ESTORNO,1544.45,00,MG-CORE-01,BR,BR-3232212989,False,Brasil,0.05,False,False,0.1346081942555459
TXN00002641,CLI000750,2023-08-26,AJUSTE,2090.46,00,RJ-CORE-01,BR,BR-4101552989,False,Brasil,0.05,False,False,0.391332612377824
TXN00002642,CLI000805,2023-04-29,FATURA,2339.17,00,SP-CORE-01,BR,BR-5648219528,False,Brasil,0.05,False,False,0.7388125107556381
TXN00002643,CLI001186,2023-12-13,ESTORNO,2184.7,02,SP-CORE-01,BR,BR-3120480340,False,Brasil,0.05,False,False,0.7071067811865476
TXN00002644,CLI000878,2023-01-02,FATURA,985.47,01,SP-CORE-01,BR,BR-6947589616,False,Brasil,0.05,False,False,-0.4036928864000006
TXN00002645,CLI001112,2023-09-17,FATURA,2148.28,02,SP-CORE-01,BR,BR-8456812371,False,Brasil,0.05,False,False,0.6545440997911022
TXN00002646,CLI000357,2023-11-17,ESTORNO,2154.74,00,SP-CORE-02,BR,BR-8907422108,False,Brasil,0.05,False,False,0.49496368326921436
TXN00002647,CLI000094,2023-06-27,ESTORNO,-2664.68,01,RJ-CORE-01,BR,BR-7044231107,False,Brasil,0.05,False,False,-1.1260405172276569
TXN00002648,CLI001183,2023-07-18,ESTORNO,265.9,00,MG-CORE-01,BR,BR-2838081369,False,Brasil,0.05,False,False,-0.707106781186548
TXN00002649,CLI000151,2023-11-26,FATURA,86.89,10,BA-CORE-01,BR,BR-4679815234,False,Brasil,0.05,False,False,-0.7071067811865475
TXN00002650,CLI001026,2023-08-13,PAGAMENTO,1681.7,00,SP-CORE-02,BR,BR-8741405405,False,Brasil,0.05,False,False,0.4433476876163741
TXN00002651,CLI000629,2023-12-22,ESTORNO,2387.16,01,SP-CORE-02,BR,BR-2578148768,False,Brasil,0.05,False,False,0.6642935199876113
TXN00002652,CLI000322,2023-04-26,ESTORNO,-91.38,10,MG-CORE-01,BR,BR-8190457777,False,Brasil,0.05,False,False,-0.5159262549435544
TXN00002653,CLI000436,2023-06-17,ESTORNO,-48.01,01,RJ-CORE-01,BR,BR-3886628103,False,Brasil,0.05,False,False,0.38812264229836085
TXN00002654,CLI000217,2023-06-10,PAGAMENTO,907.76,10,SP-CORE-02,BR,BR-6997362444,False,Brasil,0.05,False,False,-1.3142924744562483
TXN00002655,CLI000307,2023-10-03,PAGAMENTO,906.6,00,SP-CORE-02,BR,BR-3905625550,False,Brasil,0.05,False,False,0.34586891981512435
TXN00002656,CLI000066,2023-04-24,AJUSTE,1090.85,00,SP-CORE-01,BR,BR-1512036736,False,Brasil,0.05,False,False,0.37564651687053624
TXN00002657,CLI000501,2023-11-26,FATURA,-411161.18,4F,SANTOS-PORT-07,PA,OFFSHORE-465796MM,True,Panamá,0.9,True,True,-2.267674368942406
TXN00002658,CLI000498,2023-11-23,FATURA,2679.78,10,BA-CORE-01,BR,BR-9536347155,False,Brasil,0.05,False,False,0.759681504262621
TXN00002659,CLI000805,2023-03-19,FATURA,3104.67,00,SP-CORE-01,BR,BR-7491475907,False,Brasil,0.05,False,False,1.0860555429953755
TXN00002660,CLI000935,2023-04-23,PAGAMENTO,2785.13,00,RJ-CORE-01,BR,BR-2952641348,False,Brasil,0.05,False,False,0.0
TXN00002661,CLI000180,2023-10-16,ESTORNO,1956.56,10,RJ-CORE-01,BR,BR-5819769602,False,Brasil,0.05,False,False,-1.0599357099736415
TXN00002662,CLI000810,2023-10-31,AJUSTE,2584.57,10,RJ-CORE-01,BR,BR-7396672521,False,Brasil,0.05,False,False,0.8281160631495812
TXN00002663,CLI000018,2023-04-29,FATURA,3337.31,01,MG-CORE-01,BR,BR-5047590087,False,Brasil,0.05,False,False,1.4419384821770584
TXN00002664,CLI000947,2023-08-23,AJUSTE,1307.75,01,SP-CORE-01,BR,BR-1127661542,False,Brasil,0.05,False,False,0.7071067811865475
TXN00002665,CLI000235,2023-01-13,PAGAMENTO,2438.26,01,SP-CORE-01,BR,BR-4168819811,False,Brasil,0.05,False,False,0.5077576582307337
TXN00002666,CLI000371,2023-06-26,FATURA,2949.65,01,BA-CORE-01,BR,BR-4566164899,False,Brasil,0.05,False,False,0.6705247006422244
TXN00002667,CLI000351,2023-08-09,AJUSTE,2457.48,01,SP-CORE-01,BR,BR-6064177433,False,Brasil,0.05,False,False,-0.41750291842245557
TXN00002668,CLI001002,2023-06-30,FATURA,3176.03,00,BA-CORE-01,BR,BR-2404264843,False,Brasil,0.05,False,False,0.5825951095266555
TXN00002669,CLI000230,2023-12-18,FATURA,1293.83,00,MG-CORE-01,BR,BR-3676763729,False,Brasil,0.05,False,False,-0.43887459008451196
TXN00002670,CLI000168,2023-04-19,PAGAMENTO,1883.65,02,BA-CORE-01,BR,BR-4264911503,False,Brasil,0.05,False,False,-0.021080238965496025
TXN00002671,CLI001059,2023-10-19,ESTORNO,-2628.69,10,SP-CORE-02,BR,BR-3001548533,False,Brasil,0.05,False,False,-1.2887604684359812
TXN00002672,CLI001096,2023-12-29,FATURA,195.2,02,SP-CORE-02,BR,BR-7433427406,False,Brasil,0.05,False,False,-0.7879063144464441
TXN00002673,CLI001042,2023-02-04,AJUSTE,1925.26,10,BA-CORE-01,BR,BR-7463044261,False,Brasil,0.05,False,False,-0.5906942263893218
TXN00002674,CLI000110,2023-03-30,PAGAMENTO,2816.9,02,RJ-CORE-01,BR,BR-7624721270,False,Brasil,0.05,False,False,0.8727203031522466
TXN00002675,CLI000111,2023-09-21,FATURA,500.6,10,SP-CORE-02,BR,BR-4281204295,False,Brasil,0.05,False,False,-0.7274312458729125
TXN00002676,CLI000469,2023-10-10,AJUSTE,763.86,02,BA-CORE-01,BR,BR-9550041076,False,Brasil,0.05,False,False,-0.6349812780465236
TXN00002677,CLI000569,2023-12-06,AJUSTE,3310.39,00,RJ-CORE-01,BR,BR-5806644397,False,Brasil,0.05,False,False,0.6956835711614869
TXN00002678,CLI000136,2023-09-07,ESTORNO,3456.16,01,SP-CORE-02,BR,BR-7228198735,False,Brasil,0.05,False,False,-0.3167832213878089
TXN00002679,CLI000027,2023-07-04,PAGAMENTO,2028.91,01,SP-CORE-01,BR,BR-8958034469,False,Brasil,0.05,False,False,-0.08483801321488393
TXN00002680,CLI000449,2023-01-19,AJUSTE,2226.47,00,RJ-CORE-01,BR,BR-7195731459,False,Brasil,0.05,False,False,-0.2717324270374647
TXN00002681,CLI000212,2023-03-08,AJUSTE,2514.95,10,RJ-CORE-01,BR,BR-1154537730,False,Brasil,0.05,False,False,0.32785370911981404
TXN00002682,CLI000192,2023-07-10,AJUSTE,2518.13,00,SP-CORE-02,BR,BR-8642389509,False,Brasil,0.05,False,False,1.037087756503388
TXN00002683,CLI000404,2023-06-21,PAGAMENTO,3104.45,10,RJ-CORE-01,BR,BR-5999961449,False,Brasil,0.05,False,False,0.9489890245622327
TXN00002684,CLI000473,2023-12-16,FATURA,3445.58,00,RJ-CORE-01,BR,BR-2849761315,False,Brasil,0.05,False,False,0.9593453612170497
TXN00002685,CLI001101,2023-08-22,PAGAMENTO,1619.4,10,BA-CORE-01,BR,BR-6966055281,False,Brasil,0.05,False,False,-0.2613325426145524
TXN00002686,CLI000184,2023-03-09,AJUSTE,2692.31,00,SP-CORE-02,BR,BR-4281402873,False,Brasil,0.05,False,False,1.4084454433916582
TXN00002687,CLI000775,2023-12-16,PAGAMENTO,3094.44,00,MG-CORE-01,BR,BR-7312821876,False,Brasil,0.05,False,False,-0.5095173820120813
TXN00002688,CLI000540,2023-03-23,FATURA,2045.5,01,SP-CORE-01,BR,BR-5534356444,False,Brasil,0.05,False,False,0.30179451893189907
TXN00002689,CLI000803,2023-10-05,AJUSTE,2877.7,00,BA-CORE-01,BR,BR-6426222971,False,Brasil,0.05,False,False,-0.5755354448520363
TXN00002690,CLI000998,2023-03-19,AJUSTE,1994.86,01,SP-CORE-01,BR,BR-8200460216,False,Brasil,0.05,False,False,0.2761688303162133
TXN00002691,CLI000856,2023-09-14,FATURA,214.45,10,BA-CORE-01,BR,BR-6516617218,False,Brasil,0.05,False,False,-1.1544609154156678
TXN00002692,CLI000807,2023-08-24,PAGAMENTO,3340.08,00,MG-CORE-01,BR,BR-1263813981,False,Brasil,0.05,False,False,0.9951683609474408
TXN00002693,CLI000124,2023-02-13,AJUSTE,2004.74,10,RJ-CORE-01,BR,BR-3536021086,False,Brasil,0.05,False,False,0.42420812138862973
TXN00002694,CLI000884,2023-10-25,ESTORNO,-1018.55,02,RJ-CORE-01,BR,BR-6868686656,False,Brasil,0.05,False,False,-1.4163531836664562
TXN00002695,CLI000854,2023-04-11,PAGAMENTO,2403.31,01,SP-CORE-02,BR,BR-3508119100,False,Brasil,0.05,False,False,0.09262972168288461
TXN00002696,CLI000346,2023-01-05,ESTORNO,-1072.01,10,SP-CORE-02,BR,BR-7979978982,False,Brasil,0.05,False,False,-1.1431700522717818
TXN00002697,CLI000301,2023-03-10,PAGAMENTO,1529.76,00,SP-CORE-01,BR,BR-2634550216,False,Brasil,0.05,False,False,0.03969207019430599
TXN00002698,CLI000546,2023-04-21,ESTORNO,2754.69,01,RJ-CORE-01,BR,BR-7133849777,False,Brasil,0.05,False,False,0.3666867272396492
TXN00002699,CLI000201,2023-02-21,AJUSTE,2383.54,00,BA-CORE-01,BR,BR-9555340880,False,Brasil,0.05,False,False,1.4519589405497697
TXN00002700,CLI001170,2023-03-17,PAGAMENTO,2245.36,02,SP-CORE-01,BR,BR-7064191466,False,Brasil,0.05,False,False,0.17454940983547673
TXN00002701,CLI000577,2023-05-15,PAGAMENTO,787.7,02,SP-CORE-02,BR,BR-9832382243,False,Brasil,0.05,False,False,0.7726965475091259
TXN00002702,CLI000484,2023-04-06,PAGAMENTO,3113.59,00,RJ-CORE-01,BR,BR-2048955076,False,Brasil,0.05,False,False,1.1882032698546425
TXN00002703,CLI000159,2023-05-06,AJUSTE,927.38,01,SP-CORE-01,BR,BR-3954899995,False,Brasil,0.05,False,False,-0.35815082306335777
TXN00002704,CLI000766,2023-12-28,FATURA,2923.9,10,MG-CORE-01,BR,BR-9027036016,False,Brasil,0.05,False,False,0.6417364897663238
TXN00002705,CLI000929,2023-07-09,ESTORNO,-3025.21,10,BA-CORE-01,BR,BR-5786617777,False,Brasil,0.05,False,False,-1.1546726208388158
TXN00002706,CLI000739,2023-10-28,PAGAMENTO,2498.13,02,RJ-CORE-01,BR,BR-1729196312,False,Brasil,0.05,False,False,0.7071067811865475
TXN00002707,CLI000792,2023-08-12,AJUSTE,1310.1,10,RJ-CORE-01,BR,BR-7607449891,False,Brasil,0.05,False,False,-0.38545581880725666
TXN00002708,CLI000363,2023-02-02,PAGAMENTO,1519.56,02,SP-CORE-02,BR,BR-5455502957,False,Brasil,0.05,False,False,-0.7071067811865475
TXN00002709,CLI000628,2023-05-27,ESTORNO,1307.39,00,BA-CORE-01,BR,BR-7103889958,False,Brasil,0.05,False,False,-0.041963938290198885
TXN00002710,CLI000662,2023-06-24,FATURA,665.07,10,BA-CORE-01,BR,BR-9677561687,False,Brasil,0.05,False,False,-0.7535593040969994
TXN00002711,CLI000491,2023-10-22,ESTORNO,-1346.88,02,MG-CORE-01,BR,BR-6654385989,False,Brasil,0.05,False,False,-1.1902414264327343
TXN00002712,CLI000754,2023-08-21,FATURA,3048.0,02,SP-CORE-02,BR,BR-7744617116,False,Brasil,0.05,False,False,1.0241760663684638
TXN00002713,CLI000543,2023-05-17,FATURA,651.94,00,RJ-CORE-01,BR,BR-3097484316,False,Brasil,0.05,False,False,-0.7071067811865475
TXN00002714,CLI000617,2023-05-07,AJUSTE,2778.38,01,MG-CORE-01,BR,BR-6179336797,False,Brasil,0.05,False,False,1.0424036381501236
TXN00002715,CLI000938,2023-06-08,ESTORNO,-762.95,00,MG-CORE-01,BR,BR-8161375037,False,Brasil,0.05,False,False,-0.9286487256815495
TXN00002716,CLI000250,2023-02-23,AJUSTE,3364.46,00,SP-CORE-01,BR,BR-6581399749,False,Brasil,0.05,False,False,1.2020945192930135
TXN00002717,CLI000163,2023-09-29,PAGAMENTO,2880.39,01,SP-CORE-02,BR,BR-9458627800,False,Brasil,0.05,False,False,-0.4436537712930083
TXN00002718,CLI000573,2023-10-09,ESTORNO,-1574.29,02,RJ-CORE-01,BR,BR-6161513987,False,Brasil,0.05,False,False,-1.3030478806718686
TXN00002719,CLI001021,2023-08-10,AJUSTE,3114.35,10,RJ-CORE-01,BR,BR-6214434351,False,Brasil,0.05,False,False,0.5507226888160048
TXN00002720,CLI000842,2023-02-27,FATURA,1750.33,01,SP-CORE-01,BR,BR-2138832493,False,Brasil,0.05,False,False,-0.49587747941337423
TXN00002721,CLI000881,2023-03-17,ESTORNO,-794.52,10,MG-CORE-01,BR,BR-7758219918,False,Brasil,0.05,False,False,-1.4999742896127957
TXN00002722,CLI000007,2023-12-16,PAGAMENTO,1147.22,01,SP-CORE-02,BR,BR-4455743663,False,Brasil,0.05,False,False,-0.39901454147406556
TXN00002723,CLI000900,2023-05-23,FATURA,3190.37,00,RJ-CORE-01,BR,BR-5114325536,False,Brasil,0.05,False,False,1.1293206940104388
TXN00002724,CLI000094,2023-01-13,FATURA,3247.95,02,RJ-CORE-01,BR,BR-3483321097,False,Brasil,0.05,False,False,1.0821027011223239
TXN00002725,CLI000135,2023-01-13,FATURA,3224.3,10,SP-CORE-02,BR,BR-7837006653,False,Brasil,0.05,False,False,-0.7071067811865476
TXN00002726,CLI000617,2023-04-06,ESTORNO,-1132.86,01,SP-CORE-01,BR,BR-2174093450,False,Brasil,0.05,False,False,-0.9513715429963763
TXN00002727,CLI001084,2023-10-21,AJUSTE,2429.2,00,SP-CORE-02,BR,BR-7575868324,False,Brasil,0.05,False,False,-0.18961404932007958
TXN00002728,CLI000406,2023-09-11,FATURA,3477.22,00,SP-CORE-02,BR,BR-2834405845,False,Brasil,0.05,False,False,1.155150135482228
TXN00002729,CLI000361,2023-11-15,PAGAMENTO,1223.6,01,BA-CORE-01,BR,BR-9919193627,False,Brasil,0.05,False,False,-1.2639037240542497
TXN00002730,CLI000262,2023-11-04,FATURA,2264.17,10,SP-CORE-02,BR,BR-8832899159,False,Brasil,0.05,False,False,0.40859359363931147
TXN00002731,CLI000907,2023-11-12,ESTORNO,-1245.83,01,SP-CORE-02,BR,BR-6583066750,False,Brasil,0.05,False,False,-1.9226492087621647
TXN00002732,CLI000745,2023-12-25,AJUSTE,2163.5,01,SP-CORE-01,BR,BR-2345840745,False,Brasil,0.05,False,False,0.7229633962425175
TXN00002733,CLI000265,2023-12-20,PAGAMENTO,2433.35,01,RJ-CORE-01,BR,BR-7074433463,False,Brasil,0.05,False,False,0.5266374275638301
TXN00002734,CLI000814,2023-08-05,AJUSTE,1505.34,02,SP-CORE-01,BR,BR-7508461289,False,Brasil,0.05,False,False,-0.08419724539618863
TXN00002735,CLI000384,2023-01-26,FATURA,1938.27,10,SP-CORE-01,BR,BR-3351762983,False,Brasil,0.05,False,False,0.0916210067479236
TXN00002736,CLI000410,2023-11-07,PAGAMENTO,1752.46,00,BA-CORE-01,BR,BR-4783421979,False,Brasil,0.05,False,False,-0.15100599350096827
TXN00002737,CLI000812,2023-01-20,PAGAMENTO,363.37,10,SP-CORE-01,BR,BR-3144063281,False,Brasil,0.05,False,False,-1.240723183164167
TXN00002738,CLI000375,2023-07-01,FATURA,2263.93,01,BA-CORE-01,BR,BR-9324088968,False,Brasil,0.05,False,False,-0.2564263129126389
TXN00002739,CLI000529,2023-09-10,FATURA,2338.45,10,RJ-CORE-01,BR,BR-9189797508,False,Brasil,0.05,False,False,0.766238722039914
TXN00002740,CLI000298,2023-09-02,PAGAMENTO,717.06,10,RJ-CORE-01,BR,BR-9847124353,False,Brasil,0.05,False,False,0.39336268863828255
TXN00002741,CLI001042,2023-04-21,AJUSTE,3437.89,01,SP-CORE-02,BR,BR-6156744006,False,Brasil,0.05,False,False,1.154596930292541
TXN00002742,CLI000709,2023-11-21,FATURA,389.33,02,RJ-CORE-01,BR,BR-2986365191,False,Brasil,0.05,False,False,0.10504545522651458
TXN00002743,CLI000830,2023-12-07,AJUSTE,3468.03,01,SP-CORE-02,BR,BR-2032398249,False,Brasil,0.05,False,False,1.1537816151616131
TXN00002744,CLI000101,2023-07-13,FATURA,656.98,02,SP-CORE-02,BR,BR-8582893964,False,Brasil,0.05,False,False,-0.4870748579748004
TXN00002745,CLI000235,2023-05-05,PAGAMENTO,2919.24,10,SP-CORE-02,BR,BR-8920443666,False,Brasil,0.05,False,False,0.8977340907535919
TXN00002746,CLI000484,2023-05-20,FATURA,1400.93,10,RJ-CORE-01,BR,BR-7057021720,False,Brasil,0.05,False,False,-0.37077020774829605
TXN00002747,CLI000250,2023-09-06,FATURA,2348.13,01,BA-CORE-01,BR,BR-4913307055,False,Brasil,0.05,False,False,0.4444451736767927
TXN00002748,CLI000118,2023-03-18,ESTORNO,-67.16,00,SP-CORE-02,BR,BR-3722697824,False,Brasil,0.05,False,False,-0.05797040595363786
TXN00002749,CLI000567,2023-12-06,ESTORNO,-1409.55,10,RJ-CORE-01,BR,BR-8928367839,False,Brasil,0.05,False,False,-0.7071067811865475
TXN00002750,CLI000357,2023-01-24,PAGAMENTO,1278.13,02,BA-CORE-01,BR,BR-5984671649,False,Brasil,0.05,False,False,-0.48285113327913004
TXN00002751,CLI001160,2023-07-08,FATURA,320.94,02,SP-CORE-01,BR,BR-6309137211,False,Brasil,0.05,False,False,-1.402981772379599
TXN00002752,CLI000770,2023-06-18,ESTORNO,1510.36,00,BA-CORE-01,BR,BR-2024278525,False,Brasil,0.05,False,False,0.012110049087763412
TXN00002753,CLI000124,2023-10-30,AJUSTE,1137.22,10,RJ-CORE-01,BR,BR-1644082961,False,Brasil,0.05,False,False,0.0013737882359406393
TXN00002754,CLI000891,2023-01-01,PAGAMENTO,2842.99,00,RJ-CORE-01,BR,BR-1118988531,False,Brasil,0.05,False,False,0.902452248491666
TXN00002755,CLI000184,2023-12-08,AJUSTE,71.88,10,SP-CORE-01,BR,BR-6628728894,False,Brasil,0.05,False,False,-1.2604930457347356
TXN00002756,CLI000881,2023-06-07,AJUSTE,275.05,01,BA-CORE-01,BR,BR-9552538757,False,Brasil,0.05,False,False,-0.6156737581075733
TXN00002757,CLI001160,2023-08-25,PAGAMENTO,1871.29,10,MG-CORE-01,BR,BR-4889761307,False,Brasil,0.05,False,False,0.5552385369659943
TXN00002758,CLI000474,2023-04-21,PAGAMENTO,107451.54,4F,SANTOS-PORT-07,LU,OFFSHORE-516231GF,True,Luxemburgo,0.8,True,True,1.1545874644827727
TXN00002759,CLI000798,2023-11-05,FATURA,3448.11,01,SP-CORE-02,BR,BR-7550942419,False,Brasil,0.05,False,False,1.4392010859117519
TXN00002760,CLI000722,2023-08-24,FATURA,3357.82,10,BA-CORE-01,BR,BR-1387615589,False,Brasil,0.05,False,False,0.6964613252206412
TXN00002761,CLI000188,2023-11-23,AJUSTE,3277.17,02,SP-CORE-02,BR,BR-3576212952,False,Brasil,0.05,False,False,0.8276568535487808
TXN00002762,CLI000686,2023-06-18,PAGAMENTO,1094.51,00,BA-CORE-01,BR,BR-6641054403,False,Brasil,0.05,False,False,0.034216485874865726
TXN00002763,CLI000142,2023-04-30,AJUSTE,453.92,00,SP-CORE-02,BR,BR-8461373338,False,Brasil,0.05,False,False,0.21605093525481078
TXN00002764,CLI001154,2023-01-13,ESTORNO,2715.59,10,MG-CORE-01,BR,BR-4195279456,False,Brasil,0.05,False,False,0.9825472658638696
TXN00002765,CLI000862,2023-05-26,PAGAMENTO,1690.18,00,SP-CORE-01,BR,BR-9312909606,False,Brasil,0.05,False,False,0.7071067811865479
TXN00002766,CLI000610,2023-07-22,PAGAMENTO,1085.47,10,MG-CORE-01,BR,BR-1936338890,False,Brasil,0.05,False,False,0.5686779612047058
TXN00002767,CLI000413,2023-10-31,PAGAMENTO,1586.48,02,SP-CORE-01,BR,BR-1458762697,False,Brasil,0.05,False,False,0.7071067811865477
TXN00002768,CLI000068,2023-06-27,PAGAMENTO,1504.67,00,RJ-CORE-01,BR,BR-6474139112,False,Brasil,0.05,False,False,-0.7722184354922336
TXN00002769,CLI000408,2023-07-28,FATURA,870.04,02,SP-CORE-02,BR,BR-7048926971,False,Brasil,0.05,False,False,-0.8315900986110105
TXN00002770,CLI000382,2023-10-29,FATURA,2592.12,02,BA-CORE-01,BR,BR-5535165059,False,Brasil,0.05,False,False,0.8001036123806368
TXN00002771,CLI000779,2023-08-14,PAGAMENTO,295.19,02,SP-CORE-02,BR,BR-7586203381,False,Brasil,0.05,False,False,0.09273146897506973
TXN00002772,CLI000017,2023-06-14,AJUSTE,736.49,02,BA-CORE-01,BR,BR-5780132606,False,Brasil,0.05,False,False,-0.4268568101307254
TXN00002773,CLI000948,2023-07-08,AJUSTE,1237.18,01,BA-CORE-01,BR,BR-7638924354,False,Brasil,0.05,False,False,-0.89216480276594
TXN00002774,CLI000644,2023-12-12,PAGAMENTO,738.17,02,SP-CORE-02,BR,BR-5917357577,False,Brasil,0.05,False,False,-0.4183528447557408
TXN00002775,CLI000577,2023-09-26,ESTORNO,-2180.26,02,BA-CORE-01,BR,BR-2323586087,False,Brasil,0.05,False,False,-1.1534085516420873
TXN00002776,CLI000599,2023-12-03,PAGAMENTO,1532.49,02,RJ-CORE-01,BR,BR-9824750522,False,Brasil,0.05,False,False,0.13091022498790397
TXN00002777,CLI000249,2023-06-07,AJUSTE,2487.45,00,RJ-CORE-01,BR,BR-3884494006,False,Brasil,0.05,False,False,-0.44068026998366344
TXN00002778,CLI000530,2023-10-19,PAGAMENTO,3249.45,01,BA-CORE-01,BR,BR-6947199197,False,Brasil,0.05,False,False,0.7483895228566957
TXN00002779,CLI000541,2023-10-24,ESTORNO,1589.1,01,BA-CORE-01,BR,BR-8304093560,False,Brasil,0.05,False,False,-1.119514721452533
TXN00002780,CLI000098,2023-09-27,FATURA,2661.57,01,SP-CORE-02,BR,BR-3943119201,False,Brasil,0.05,False,False,0.9237326375423256
TXN00002781,CLI001092,2023-09-14,ESTORNO,1482.05,10,SP-CORE-02,BR,BR-7195072856,False,Brasil,0.05,False,False,-1.2284747336311557
TXN00002782,CLI000126,2023-02-21,ESTORNO,-887.14,00,SP-CORE-01,BR,BR-9421348410,False,Brasil,0.05,False,False,-1.289251883150535
TXN00002783,CLI000618,2023-02-28,AJUSTE,3014.27,00,MG-CORE-01,BR,BR-9237432443,False,Brasil,0.05,False,False,0.8743121804453389
TXN00002784,CLI001200,2023-04-09,ESTORNO,-1018.99,10,RJ-CORE-01,BR,BR-2292304779,False,Brasil,0.05,False,False,-1.192165034620228
TXN00002785,CLI000570,2023-03-06,AJUSTE,149.78,00,SP-CORE-01,BR,BR-4249864004,False,Brasil,0.05,False,False,-0.11094422020466607
TXN00002786,CLI000458,2023-06-05,PAGAMENTO,1347.63,00,SP-CORE-02,BR,BR-2277421636,False,Brasil,0.05,False,False,-0.609459974284112
TXN00002787,CLI000236,2023-01-15,FATURA,512.19,02,SP-CORE-01,BR,BR-8062770940,False,Brasil,0.05,False,False,-1.3669875924836767
TXN00002788,CLI000803,2023-08-25,AJUSTE,203327.83,4F,SANTOS-PORT-07,LU,OFFSHORE-700272ZB,True,Luxemburgo,0.8,True,True,1.154698638813954
TXN00002789,CLI000882,2023-06-19,AJUSTE,2046.58,10,SP-CORE-01,BR,BR-5308177776,False,Brasil,0.05,False,False,-0.523158633390975
TXN00002790,CLI001132,2023-10-21,FATURA,2141.0,00,RJ-CORE-01,BR,BR-6607283971,False,Brasil,0.05,False,False,-0.1072827371157871
TXN00002791,CLI000149,2023-04-07,ESTORNO,-922.62,02,MG-CORE-01,BR,BR-3473082326,False,Brasil,0.05,False,False,-1.2819094777950244
TXN00002792,CLI000376,2023-10-05,AJUSTE,1936.54,00,SP-CORE-02,BR,BR-1476003514,False,Brasil,0.05,False,False,0.3429998404495155
TXN00002793,CLI000400,2023-07-28,AJUSTE,568.35,01,SP-CORE-01,BR,BR-9329737841,False,Brasil,0.05,False,False,-0.6096081252543414
TXN00002794,CLI000039,2023-08-23,ESTORNO,1038.79,02,MG-CORE-01,BR,BR-7234101654,False,Brasil,0.05,False,False,-0.7462342045759268
TXN00002795,CLI001107,2023-04-29,ESTORNO,2328.23,10,BA-CORE-01,BR,BR-5868387535,False,Brasil,0.05,False,False,0.5905241941031804
TXN00002796,CLI000575,2023-01-17,FATURA,1941.55,02,SP-CORE-02,BR,BR-2210310334,False,Brasil,0.05,False,False,-0.7071067811865475
TXN00002797,CLI000898,2023-10-26,PAGAMENTO,3358.24,01,SP-CORE-01,BR,BR-5657458027,False,Brasil,0.05,False,False,0.9826855672640393
TXN00002798,CLI000653,2023-02-02,ESTORNO,-1641.04,01,SP-CORE-01,BR,BR-2578828127,False,Brasil,0.05,False,False,-0.9557735519460805
TXN00002799,CLI000332,2023-03-21,FATURA,814.77,02,SP-CORE-01,BR,BR-3449808800,False,Brasil,0.05,False,False,0.01277139033971607
TXN00002800,CLI000327,2023-08-05,ESTORNO,1380.14,01,MG-CORE-01,BR,BR-2986099771,False,Brasil,0.05,False,False,0.014211207481317656
TXN00002801,CLI000020,2023-04-13,AJUSTE,484.5,01,BA-CORE-01,BR,BR-4658585732,False,Brasil,0.05,False,False,-0.37844777563236903
TXN00002802,CLI000442,2023-01-09,AJUSTE,487.86,10,BA-CORE-01,BR,BR-5508783501,False,Brasil,0.05,False,False,0.12201030809059578
TXN00002803,CLI000837,2023-01-06,AJUSTE,819.43,01,SP-CORE-02,BR,BR-7949274479,False,Brasil,0.05,False,False,-0.6550530668909313
TXN00002804,CLI000748,2023-08-14,PAGAMENTO,255.67,00,MG-CORE-01,BR,BR-7873634445,False,Brasil,0.05,False,False,-0.6822598673212313
TXN00002805,CLI000712,2023-08-13,FATURA,2998.54,01,MG-CORE-01,BR,BR-1641029050,False,Brasil,0.05,False,False,0.8250277840472079
TXN00002806,CLI000432,2023-05-08,ESTORNO,3147.28,00,SP-CORE-02,BR,BR-9409687118,False,Brasil,0.05,False,False,0.0
TXN00002807,CLI001139,2023-02-10,FATURA,3296.64,01,SP-CORE-02,BR,BR-3436289709,False,Brasil,0.05,False,False,0.8364509394983095
TXN00002808,CLI000270,2023-09-07,ESTORNO,613.78,00,SP-CORE-02,BR,BR-9650557648,False,Brasil,0.05,False,False,-1.14138991673314
TXN00002809,CLI000034,2023-03-07,FATURA,1899.84,10,SP-CORE-01,BR,BR-7553423031,False,Brasil,0.05,False,False,-0.37270900606568685
TXN00002810,CLI000107,2023-08-21,FATURA,2517.59,01,SP-CORE-02,BR,BR-9281920454,False,Brasil,0.05,False,False,0.5780100400434707
TXN00002811,CLI000209,2023-01-30,ESTORNO,-1548.93,10,RJ-CORE-01,BR,BR-3122353925,False,Brasil,0.05,False,False,-1.1539526728349343
TXN00002812,CLI000848,2023-11-25,PAGAMENTO,2233.5,10,RJ-CORE-01,BR,BR-1872502717,False,Brasil,0.05,False,False,0.855515408304184
TXN00002813,CLI000792,2023-11-15,FATURA,2757.58,01,RJ-CORE-01,BR,BR-6438299815,False,Brasil,0.05,False,False,0.8808092146656913
TXN00002814,CLI000696,2023-11-24,ESTORNO,1904.85,10,SP-CORE-02,BR,BR-8500915689,False,Brasil,0.05,False,False,-0.44610054053399567
TXN00002815,CLI000790,2023-04-03,FATURA,561.32,00,BA-CORE-01,BR,BR-2640993275,False,Brasil,0.05,False,False,-0.6476416024765639
TXN00002816,CLI000507,2023-10-01,PAGAMENTO,1000.48,02,BA-CORE-01,BR,BR-8834402141,False,Brasil,0.05,False,False,-0.35429301023268
TXN00002817,CLI000382,2023-05-08,PAGAMENTO,2202.66,10,BA-CORE-01,BR,BR-6108275915,False,Brasil,0.05,False,False,0.5317818246978242
TXN00002818,CLI001052,2023-03-08,FATURA,111278.44,9A,SANTOS-PORT-07,KY,OFFSHORE-366941FN,True,Ilhas Cayman,0.95,True,True,2.267365822718245
TXN00002819,CLI000152,2023-05-01,FATURA,2445.17,10,BA-CORE-01,BR,BR-9999156586,False,Brasil,0.05,False,False,0.7071067811865476
TXN00002820,CLI000462,2023-01-26,PAGAMENTO,3023.08,10,RJ-CORE-01,BR,BR-1252339280,False,Brasil,0.05,False,False,1.2875998747681254
TXN00002821,CLI000652,2023-06-30,AJUSTE,380.42,02,RJ-CORE-01,BR,BR-6303603611,False,Brasil,0.05,False,False,-0.5066020740493067
TXN00002822,CLI000795,2023-09-10,FATURA,375.04,01,SP-CORE-02,BR,BR-9195770563,False,Brasil,0.05,False,False,-0.4718836958352756
TXN00002823,CLI000593,2023-05-08,ESTORNO,-786.69,10,SP-CORE-02,BR,BR-1195472006,False,Brasil,0.05,False,False,-1.1336759978340758
TXN00002824,CLI000534,2023-03-15,AJUSTE,413.19,01,MG-CORE-01,BR,BR-7956377623,False,Brasil,0.05,False,False,-0.09586409116521453
TXN00002825,CLI000415,2023-04-09,PAGAMENTO,3182.53,00,BA-CORE-01,BR,BR-2593008578,False,Brasil,0.05,False,False,1.3124737322540836
TXN00002826,CLI001023,2023-05-31,ESTORNO,1071.11,00,RJ-CORE-01,BR,BR-3403293589,False,Brasil,0.05,False,False,-0.7071067811865476
TXN00002827,CLI000774,2023-01-07,ESTORNO,962.95,00,SP-CORE-02,BR,BR-3493172294,False,Brasil,0.05,False,False,0.4112553811937934
TXN00002828,CLI000373,2023-02-06,ESTORNO,-2150.03,02,SP-CORE-02,BR,BR-2117944144,False,Brasil,0.05,False,False,-1.3351810315085644
TXN00002829,CLI000649,2023-08-07,PAGAMENTO,2228.62,01,SP-CORE-02,BR,BR-7458542977,False,Brasil,0.05,False,False,0.2455170367914718
TXN00002830,CLI000654,2023-04-30,PAGAMENTO,952.67,10,MG-CORE-01,BR,BR-9290691086,False,Brasil,0.05,False,False,-0.9584640693029395
TXN00002831,CLI000165,2023-03-23,AJUSTE,3193.93,01,SP-CORE-01,BR,BR-9065505125,False,Brasil,0.05,False,False,1.2208564528982995
TXN00002832,CLI000057,2023-06-28,PAGAMENTO,1908.72,01,BA-CORE-01,BR,BR-1566590088,False,Brasil,0.05,False,False,-0.4997167216148582
TXN00002833,CLI000147,2023-10-21,ESTORNO,-2543.44,01,SP-CORE-02,BR,BR-7573120172,False,Brasil,0.05,False,False,-1.136241934714923
TXN00002834,CLI001192,2023-07-30,ESTORNO,-779.91,01,BA-CORE-01,BR,BR-5903975336,False,Brasil,0.05,False,False,-0.8572437532827021
TXN00002835,CLI000353,2023-04-30,PAGAMENTO,1536.9,10,SP-CORE-02,BR,BR-5796800114,False,Brasil,0.05,False,False,0.18422027854574405
TXN00002836,CLI000687,2023-12-07,ESTORNO,-2678.53,01,SP-CORE-01,BR,BR-5844171168,False,Brasil,0.05,False,False,-1.090407271003121
TXN00002837,CLI000220,2023-11-16,ESTORNO,-1810.01,02,SP-CORE-01,BR,BR-8880423344,False,Brasil,0.05,False,False,-0.7141428359220601
TXN00002838,CLI001176,2023-12-02,AJUSTE,1893.32,00,SP-CORE-01,BR,BR-8506844200,False,Brasil,0.05,False,False,0.8550992329874587
TXN00002839,CLI000311,2023-12-27,AJUSTE,2997.28,00,SP-CORE-01,BR,BR-9273125114,False,Brasil,0.05,False,False,0.8043662691169955
TXN00002840,CLI000231,2023-03-30,FATURA,2741.75,02,RJ-CORE-01,BR,BR-9061380385,False,Brasil,0.05,False,False,0.7663734886577083
TXN00002841,CLI000823,2023-10-03,ESTORNO,554.71,10,BA-CORE-01,BR,BR-6639336381,False,Brasil,0.05,False,False,0.25004062155820145
TXN00002842,CLI001101,2023-01-05,ESTORNO,-381.85,00,BA-CORE-01,BR,BR-4833996253,False,Brasil,0.05,False,False,-1.8151887742033133
TXN00002843,CLI000088,2023-07-19,FATURA,1096.38,02,SP-CORE-02,BR,BR-9566591713,False,Brasil,0.05,False,False,-0.20544671948097948
TXN00002844,CLI000984,2023-04-01,PAGAMENTO,2003.66,10,MG-CORE-01,BR,BR-8723296882,False,Brasil,0.05,False,False,0.13510876385232243
TXN00002845,CLI000818,2023-06-10,AJUSTE,1832.32,10,MG-CORE-01,BR,BR-1228587581,False,Brasil,0.05,False,False,0.047915975393533275
TXN00002846,CLI000229,2023-03-02,ESTORNO,2093.36,01,SP-CORE-02,BR,BR-1638321534,False,Brasil,0.05,False,False,-0.8464906328275728
TXN00002847,CLI000375,2023-08-12,AJUSTE,2834.15,01,SP-CORE-01,BR,BR-1987243526,False,Brasil,0.05,False,False,0.4553807757303606
TXN00002848,CLI000519,2023-06-06,FATURA,2421.82,00,RJ-CORE-01,BR,BR-5448994487,False,Brasil,0.05,False,False,0.6058074724902197
TXN00002849,CLI000230,2023-02-27,AJUSTE,999.29,10,BA-CORE-01,BR,BR-2117653437,False,Brasil,0.05,False,False,-0.9979538862449362
TXN00002850,CLI000569,2023-08-30,FATURA,3022.2,10,SP-CORE-02,BR,BR-8327054707,False,Brasil,0.05,False,False,0.4205421096783811
TXN00002851,CLI000041,2023-11-30,FATURA,579.88,01,SP-CORE-01,BR,BR-2874452023,False,Brasil,0.05,False,False,-0.7847347123546106
TXN00002852,CLI000345,2023-04-23,FATURA,3065.64,10,MG-CORE-01,BR,BR-9277288208,False,Brasil,0.05,False,False,0.827504456499691
TXN00002853,CLI000690,2023-02-01,FATURA,38.73,01,SP-CORE-02,BR,BR-5470166352,False,Brasil,0.05,False,False,-1.071074663471669
TXN00002854,CLI000096,2023-10-06,AJUSTE,1398.18,00,SP-CORE-01,BR,BR-7378883336,False,Brasil,0.05,False,False,-1.150931034706456
TXN00002855,CLI001133,2023-04-02,ESTORNO,960.13,01,BA-CORE-01,BR,BR-3117369705,False,Brasil,0.05,False,False,-0.3914040339485695
TXN00002856,CLI000128,2023-08-02,AJUSTE,2951.73,01,BA-CORE-01,BR,BR-4723218268,False,Brasil,0.05,False,False,0.48190559004292793
TXN00002857,CLI000894,2023-08-19,FATURA,1405.41,10,SP-CORE-02,BR,BR-5826058207,False,Brasil,0.05,False,False,-1.4102044545235666
TXN00002858,CLI000790,2023-04-27,AJUSTE,637.04,01,BA-CORE-01,BR,BR-1401913949,False,Brasil,0.05,False,False,-0.5771589369289087
TXN00002859,CLI000689,2023-04-20,AJUSTE,2854.66,10,SP-CORE-01,BR,BR-9023742403,False,Brasil,0.05,False,False,1.6885590291920924
TXN00002860,CLI000932,2023-11-20,FATURA,3372.89,10,SP-CORE-02,BR,BR-3515465308,False,Brasil,0.05,False,False,1.323596609534352
TXN00002861,CLI000153,2023-05-07,FATURA,1530.51,02,SP-CORE-01,BR,BR-5173107724,False,Brasil,0.05,False,False,0.9948097354946057
TXN00002862,CLI000313,2023-03-21,AJUSTE,2330.11,01,SP-CORE-02,BR,BR-3451514991,False,Brasil,0.05,False,False,0.6693181739811067
TXN00002863,CLI000945,2023-12-11,FATURA,1901.16,01,RJ-CORE-01,BR,BR-1330005804,False,Brasil,0.05,False,False,-0.3033952139396726
TXN00002864,CLI001010,2023-09-28,FATURA,1679.51,00,MG-CORE-01,BR,BR-8594590645,False,Brasil,0.05,False,False,-0.17010827174982876
TXN00002865,CLI000343,2023-02-18,PAGAMENTO,2284.24,10,RJ-CORE-01,BR,BR-3907299954,False,Brasil,0.05,False,False,0.10707932178539181
TXN00002866,CLI000154,2023-11-22,FATURA,3148.01,00,RJ-CORE-01,BR,BR-9106182535,False,Brasil,0.05,False,False,1.1534104364725397
TXN00002867,CLI001031,2023-08-28,AJUSTE,2131.31,10,SP-CORE-01,BR,BR-5406473964,False,Brasil,0.05,False,False,0.31699143360310367
TXN00002868,CLI000506,2023-06-30,FATURA,3395.38,10,BA-CORE-01,BR,BR-3923324008,False,Brasil,0.05,False,False,0.9642961475152907
TXN00002869,CLI000772,2023-06-29,ESTORNO,2319.38,01,SP-CORE-01,BR,BR-6987913724,False,Brasil,0.05,False,False,-0.32710664054860766
TXN00002870,CLI000725,2023-12-23,ESTORNO,3337.63,10,BA-CORE-01,BR,BR-5085458167,False,Brasil,0.05,False,False,0.9581076806807275
TXN00002871,CLI001039,2023-03-12,FATURA,1146.38,01,RJ-CORE-01,BR,BR-8889757029,False,Brasil,0.05,False,False,-1.323659994312807
TXN00002872,CLI000911,2023-06-25,AJUSTE,1155.0,02,MG-CORE-01,BR,BR-1660460633,False,Brasil,0.05,False,False,-0.9959970437445175
TXN00002873,CLI000293,2023-03-11,ESTORNO,2036.07,00,MG-CORE-01,BR,BR-5643131245,False,Brasil,0.05,False,False,0.005168600275021384
TXN00002874,CLI001176,2023-08-05,PAGAMENTO,2074.12,02,SP-CORE-01,BR,BR-8127667126,False,Brasil,0.05,False,False,1.1131425812622662
TXN00002875,CLI000937,2023-09-06,PAGAMENTO,95.15,00,BA-CORE-01,BR,BR-9397526641,False,Brasil,0.05,False,False,-1.4915475030006318
TXN00002876,CLI001170,2023-12-18,ESTORNO,2385.41,02,BA-CORE-01,BR,BR-5319901125,False,Brasil,0.05,False,False,0.2692742707160846
TXN00002877,CLI000231,2023-07-27,ESTORNO,979.78,01,BA-CORE-01,BR,BR-5165132643,False,Brasil,0.05,False,False,-0.7810665147919285
TXN00002878,CLI000423,2023-08-25,PAGAMENTO,864.01,10,BA-CORE-01,BR,BR-9379034387,False,Brasil,0.05,False,False,-0.7071067811865477
TXN00002879,CLI001197,2023-10-25,PAGAMENTO,1886.79,00,MG-CORE-01,BR,BR-3444516870,False,Brasil,0.05,False,False,0.6625958011162847
TXN00002880,CLI001055,2023-05-16,FATURA,1029.25,00,BA-CORE-01,BR,BR-8059397349,False,Brasil,0.05,False,False,-0.7042793546255004
TXN00002881,CLI000336,2023-01-06,PAGAMENTO,1156.8,01,SP-CORE-01,BR,BR-9828455687,False,Brasil,0.05,False,False,-1.2654330940767418
TXN00002882,CLI000594,2023-03-13,PAGAMENTO,3364.9,00,MG-CORE-01,BR,BR-9893692242,False,Brasil,0.05,False,False,0.8124768623453226
TXN00002883,CLI000518,2023-01-10,FATURA,2942.74,01,RJ-CORE-01,BR,BR-2638061586,False,Brasil,0.05,False,False,1.9003814750862573
TXN00002884,CLI001174,2023-09-24,ESTORNO,383.22,01,SP-CORE-01,BR,BR-7008051512,False,Brasil,0.05,False,False,-0.8767691461531052
TXN00002885,CLI001108,2023-12-07,AJUSTE,2819.65,02,MG-CORE-01,BR,BR-1764550571,False,Brasil,0.05,False,False,1.3349470620082506
TXN00002886,CLI001134,2023-11-13,AJUSTE,2090.62,10,RJ-CORE-01,BR,BR-9012328127,False,Brasil,0.05,False,False,0.5459603793780236
TXN00002887,CLI000916,2023-08-01,ESTORNO,3445.18,01,SP-CORE-01,BR,BR-1383060868,False,Brasil,0.05,False,False,1.7675646438370916
TXN00002888,CLI000826,2023-01-07,ESTORNO,184.41,01,SP-CORE-01,BR,BR-4660797484,False,Brasil,0.05,False,False,0.03667877903637226
TXN00002889,CLI000733,2023-10-31,FATURA,3112.34,02,SP-CORE-02,BR,BR-5994792212,False,Brasil,0.05,False,False,1.1538899807273308
TXN00002890,CLI000898,2023-05-30,PAGAMENTO,357.88,02,BA-CORE-01,BR,BR-8642862275,False,Brasil,0.05,False,False,-0.07493582205049758
TXN00002891,CLI000040,2023-08-10,ESTORNO,1581.91,00,BA-CORE-01,BR,BR-3809184791,False,Brasil,0.05,False,False,-0.7716192018151975
TXN00002892,CLI000232,2023-09-29,FATURA,1662.92,10,SP-CORE-01,BR,BR-5812948894,False,Brasil,0.05,False,False,-1.0932117201068483
TXN00002893,CLI000556,2023-08-07,AJUSTE,1315.82,00,SP-CORE-01,BR,BR-5858839243,False,Brasil,0.05,False,False,-0.18575223013886602
TXN00002894,CLI000089,2023-06-05,ESTORNO,3324.93,02,SP-CORE-02,BR,BR-3858387914,False,Brasil,0.05,False,False,0.7278024537280823
TXN00002895,CLI000821,2023-09-05,PAGAMENTO,974.42,02,MG-CORE-01,BR,BR-8868607194,False,Brasil,0.05,False,False,-0.053900065877673146
TXN00002896,CLI000259,2023-03-26,ESTORNO,1067.07,00,MG-CORE-01,BR,BR-3201828849,False,Brasil,0.05,False,False,-0.6118888981279369
TXN00002897,CLI000646,2023-06-15,FATURA,3187.36,10,MG-CORE-01,BR,BR-7397882217,False,Brasil,0.05,False,False,1.2461513363483616
TXN00002898,CLI000017,2023-04-02,PAGAMENTO,661.14,01,SP-CORE-01,BR,BR-9097787335,False,Brasil,0.05,False,False,-0.5110942920502104
TXN00002899,CLI000630,2023-05-01,ESTORNO,-769.78,02,MG-CORE-01,BR,BR-7341260172,False,Brasil,0.05,False,False,-1.6702152862386543
TXN00002900,CLI000457,2023-07-19,PAGAMENTO,1076.44,02,RJ-CORE-01,BR,BR-2817074316,False,Brasil,0.05,False,False,-0.6374257100785817
TXN00002901,CLI000641,2023-06-17,PAGAMENTO,614.11,01,BA-CORE-01,BR,BR-8544069858,False,Brasil,0.05,False,False,-1.6765799460072106
TXN00002902,CLI000713,2023-09-08,FATURA,2909.92,01,RJ-CORE-01,BR,BR-8778161564,False,Brasil,0.05,False,False,0.7506079507909741
TXN00002903,CLI000808,2023-02-22,AJUSTE,598.46,00,SP-CORE-01,BR,BR-3636542070,False,Brasil,0.05,False,False,1.0218121986254531
TXN00002904,CLI000486,2023-12-04,AJUSTE,663.23,00,SP-CORE-01,BR,BR-2829729510,False,Brasil,0.05,False,False,-0.4223748933713817
TXN00002905,CLI000555,2023-11-21,AJUSTE,3395.29,10,SP-CORE-02,BR,BR-9763614872,False,Brasil,0.05,False,False,0.5787718088045283
TXN00002906,CLI000666,2023-11-13,AJUSTE,1225.84,02,RJ-CORE-01,BR,BR-3253473926,False,Brasil,0.05,False,False,-0.4348837653358394
TXN00002907,CLI000287,2023-04-03,AJUSTE,2053.91,02,SP-CORE-02,BR,BR-6543527275,False,Brasil,0.05,False,False,-0.7071067811865472
TXN00002908,CLI000919,2023-02-21,ESTORNO,1433.16,02,MG-CORE-01,BR,BR-2878427679,False,Brasil,0.05,False,False,0.0014480710772049356
TXN00002909,CLI000744,2023-01-29,FATURA,1189.24,00,BA-CORE-01,BR,BR-7346292485,False,Brasil,0.05,False,False,-1.2963110435417151
TXN00002910,CLI000472,2023-11-03,ESTORNO,-342.76,10,MG-CORE-01,BR,BR-9172908825,False,Brasil,0.05,False,False,-0.4093822909373017
TXN00002911,CLI001084,2023-11-23,ESTORNO,-159484.86,9A,SANTOS-PORT-07,LU,OFFSHORE-491801HQ,True,Luxemburgo,0.8,True,True,-1.1160531071664095
TXN00002912,CLI001170,2023-02-27,ESTORNO,2919.77,10,SP-CORE-01,BR,BR-2988049941,False,Brasil,0.05,False,False,0.6306964532234872
TXN00002913,CLI000474,2023-04-13,PAGAMENTO,924.65,01,SP-CORE-01,BR,BR-4376604904,False,Brasil,0.05,False,False,-0.5912880219494093
TXN00002914,CLI001086,2023-09-19,PAGAMENTO,1879.42,01,SP-CORE-02,BR,BR-8915237420,False,Brasil,0.05,False,False,0.7071067811865476
TXN00002915,CLI001068,2023-08-04,AJUSTE,309.35,00,SP-CORE-02,BR,BR-1194384710,False,Brasil,0.05,False,False,-0.264302449109207
TXN00002916,CLI000359,2023-08-07,AJUSTE,3278.46,10,BA-CORE-01,BR,BR-8320250168,False,Brasil,0.05,False,False,1.1852638493337522
TXN00002917,CLI000403,2023-06-30,FATURA,2784.53,10,BA-CORE-01,BR,BR-8404930275,False,Brasil,0.05,False,False,0.6979092505936569
TXN00002918,CLI000129,2023-05-27,FATURA,2898.69,10,SP-CORE-02,BR,BR-8764588206,False,Brasil,0.05,False,False,0.7071067811865476
TXN00002919,CLI000436,2023-04-03,ESTORNO,445.35,02,MG-CORE-01,BR,BR-4478949331,False,Brasil,0.05,False,False,0.39903884710200077
TXN00002920,CLI000220,2023-04-26,ESTORNO,1699.56,00,SP-CORE-01,BR,BR-1906531762,False,Brasil,0.05,False,False,0.8468081574183041
TXN00002921,CLI001017,2023-08-06,ESTORNO,2405.75,01,RJ-CORE-01,BR,BR-9925889192,False,Brasil,0.05,False,False,0.9299821246294219
TXN00002922,CLI000815,2023-09-03,FATURA,1560.57,10,SP-CORE-02,BR,BR-3892268633,False,Brasil,0.05,False,False,-0.04083825808589988
TXN00002923,CLI001179,2023-06-08,FATURA,801.2,10,SP-CORE-02,BR,BR-1076945301,False,Brasil,0.05,False,False,-1.382934690105242
TXN00002924,CLI001178,2023-07-12,ESTORNO,-2209.29,10,RJ-CORE-01,BR,BR-2696227959,False,Brasil,0.05,False,False,-1.2826807186430484
TXN00002925,CLI001135,2023-12-20,FATURA,148.52,00,BA-CORE-01,BR,BR-1057142828,False,Brasil,0.05,False,False,-0.7575114746025541
TXN00002926,CLI000698,2023-09-03,ESTORNO,813.01,00,BA-CORE-01,BR,BR-8111611033,False,Brasil,0.05,False,False,0.9883825815214902
TXN00002927,CLI000589,2023-02-18,AJUSTE,2470.87,10,BA-CORE-01,BR,BR-8412733036,False,Brasil,0.05,False,False,0.9546825431262075
TXN00002928,CLI000610,2023-11-30,AJUSTE,1045.94,02,BA-CORE-01,BR,BR-7943866175,False,Brasil,0.05,False,False,0.5373230514951843
TXN00002929,CLI001005,2023-10-26,PAGAMENTO,1310.08,01,BA-CORE-01,BR,BR-8194509551,False,Brasil,0.05,False,False,-0.41355464676684284
TXN00002930,CLI000228,2023-11-22,ESTORNO,2490.73,02,BA-CORE-01,BR,BR-8750872949,False,Brasil,0.05,False,False,-0.7967383728550367
TXN00002931,CLI001104,2023-04-02,FATURA,519.24,10,BA-CORE-01,BR,BR-1376390042,False,Brasil,0.05,False,False,0.36967143510107786
TXN00002932,CLI000168,2023-03-12,FATURA,1061.35,01,BA-CORE-01,BR,BR-1580310006,False,Brasil,0.05,False,False,-0.02547606497671171
TXN00002933,CLI000203,2023-01-08,PAGAMENTO,3243.28,02,RJ-CORE-01,BR,BR-1819488717,False,Brasil,0.05,False,False,1.230091940534096
TXN00002934,CLI000215,2023-04-16,ESTORNO,1500.58,01,BA-CORE-01,BR,BR-4504556843,False,Brasil,0.05,False,False,-1.1142515530379515
TXN00002935,CLI001030,2023-04-04,FATURA,2546.9,00,SP-CORE-02,BR,BR-1115170841,False,Brasil,0.05,False,False,0.8996209338617638
TXN00002936,CLI001007,2023-08-11,ESTORNO,-2974.25,00,SP-CORE-01,BR,BR-6333405410,False,Brasil,0.05,False,False,-1.470757275628235
TXN00002937,CLI000047,2023-05-21,FATURA,3309.5,02,BA-CORE-01,BR,BR-3313194377,False,Brasil,0.05,False,False,1.079400497418225
TXN00002938,CLI000303,2023-02-23,AJUSTE,1569.63,00,RJ-CORE-01,BR,BR-5664736275,False,Brasil,0.05,False,False,-0.3762385130947968
TXN00002939,CLI000642,2023-08-05,PAGAMENTO,2056.5,01,RJ-CORE-01,BR,BR-8600894452,False,Brasil,0.05,False,False,0.4740769800502349
TXN00002940,CLI000260,2023-08-26,FATURA,3364.92,00,RJ-CORE-01,BR,BR-5931333903,False,Brasil,0.05,False,False,0.5719220074280369
TXN00002941,CLI001198,2023-01-11,PAGAMENTO,356067.66,9A,SANTOS-PORT-07,KY,OFFSHORE-166799NA,True,Ilhas Cayman,0.95,True,True,0.0
TXN00002942,CLI000630,2023-01-06,FATURA,885.2,01,BA-CORE-01,BR,BR-9585752886,False,Brasil,0.05,False,False,-0.002753947274188348
TXN00002943,CLI000874,2023-11-27,AJUSTE,3034.17,02,SP-CORE-01,BR,BR-5453955027,False,Brasil,0.05,False,False,-0.49347772658490063
TXN00002944,CLI001029,2023-10-21,FATURA,225.57,02,BA-CORE-01,BR,BR-7011581434,False,Brasil,0.05,False,False,-0.26099395123777447
TXN00002945,CLI000435,2023-01-22,FATURA,1006.26,00,SP-CORE-02,BR,BR-9021427795,False,Brasil,0.05,False,False,-0.4542111612879511
TXN00002946,CLI000422,2023-04-16,PAGAMENTO,1413.6,02,BA-CORE-01,BR,BR-9850659228,False,Brasil,0.05,False,False,-0.15947528880037823
TXN00002947,CLI000715,2023-07-25,PAGAMENTO,506.72,10,SP-CORE-01,BR,BR-5376656120,False,Brasil,0.05,False,False,-0.6574294464939073
TXN00002948,CLI000124,2023-10-18,PAGAMENTO,873.8,02,SP-CORE-02,BR,BR-7770600848,False,Brasil,0.05,False,False,-0.12701866385632396
TXN00002949,CLI000752,2023-11-17,FATURA,1181.84,02,MG-CORE-01,BR,BR-3376215097,False,Brasil,0.05,False,False,0.1562094185152126
TXN00002950,CLI000491,2023-08-19,ESTORNO,2336.49,00,RJ-CORE-01,BR,BR-8079395838,False,Brasil,0.05,False,False,1.4933381590417054
TXN00002951,CLI000778,2023-10-18,PAGAMENTO,667.06,02,SP-CORE-01,BR,BR-9113797058,False,Brasil,0.05,False,False,-0.28352658254599555
TXN00002952,CLI000966,2023-05-07,ESTORNO,1387.25,00,SP-CORE-02,BR,BR-5797223937,False,Brasil,0.05,False,False,-0.5036244757564551
TXN00002953,CLI000864,2023-04-04,PAGAMENTO,1610.14,01,BA-CORE-01,BR,BR-8070288470,False,Brasil,0.05,False,False,0.48843152650056837
TXN00002954,CLI001068,2023-07-29,PAGAMENTO,36.31,01,RJ-CORE-01,BR,BR-2873593613,False,Brasil,0.05,False,False,-0.380772979620469
TXN00002955,CLI000157,2023-07-13,FATURA,2829.19,02,SP-CORE-01,BR,BR-5987889148,False,Brasil,0.05,False,False,0.8088053098399886
TXN00002956,CLI000686,2023-02-23,FATURA,2189.61,10,RJ-CORE-01,BR,BR-4119044481,False,Brasil,0.05,False,False,0.7499711740673652
TXN00002957,CLI001148,2023-07-29,ESTORNO,-2902.26,00,RJ-CORE-01,BR,BR-7310339622,False,Brasil,0.05,False,False,-1.4136815025579494
TXN00002958,CLI000293,2023-03-11,FATURA,1726.64,01,SP-CORE-01,BR,BR-2881671087,False,Brasil,0.05,False,False,-0.404763288472677
TXN00002959,CLI000540,2023-08-03,PAGAMENTO,745.69,01,BA-CORE-01,BR,BR-3180279805,False,Brasil,0.05,False,False,-0.9019354467599289
TXN00002960,CLI000650,2023-12-13,ESTORNO,-961.65,00,BA-CORE-01,BR,BR-8236908598,False,Brasil,0.05,False,False,-1.3855180923328698
TXN00002961,CLI000824,2023-01-12,AJUSTE,2022.2,00,MG-CORE-01,BR,BR-3012051673,False,Brasil,0.05,False,False,1.0650179356278549
TXN00002962,CLI001099,2023-12-22,ESTORNO,-2651.48,00,BA-CORE-01,BR,BR-9088168159,False,Brasil,0.05,False,False,-1.8658004567906818
TXN00002963,CLI000486,2023-11-11,ESTORNO,268384.58,4F,SANTOS-PORT-07,LU,OFFSHORE-674338XW,True,Luxemburgo,0.8,True,True,2.041120819581039
TXN00002964,CLI000545,2023-10-03,ESTORNO,-2625.19,10,SP-CORE-02,BR,BR-5372837607,False,Brasil,0.05,False,False,-1.3041802953590678
TXN00002965,CLI000246,2023-01-11,AJUSTE,2253.48,10,BA-CORE-01,BR,BR-9078430211,False,Brasil,0.05,False,False,0.3823717007933958
TXN00002966,CLI000625,2023-07-16,FATURA,2940.22,02,SP-CORE-01,BR,BR-1681205304,False,Brasil,0.05,False,False,1.1695146318751304
TXN00002967,CLI000421,2023-10-30,AJUSTE,1773.49,00,BA-CORE-01,BR,BR-5568408912,False,Brasil,0.05,False,False,0.6919143380291197
TXN00002968,CLI000480,2023-08-15,PAGAMENTO,2288.61,02,BA-CORE-01,BR,BR-2849500820,False,Brasil,0.05,False,False,0.7071067811865477
TXN00002969,CLI000515,2023-07-27,AJUSTE,1008.2,10,MG-CORE-01,BR,BR-3652412568,False,Brasil,0.05,False,False,0.15074775325356055
TXN00002970,CLI000715,2023-04-30,FATURA,2516.76,00,BA-CORE-01,BR,BR-6257450736,False,Brasil,0.05,False,False,1.0432205713053773
TXN00002971,CLI001117,2023-09-20,AJUSTE,2894.15,10,SP-CORE-01,BR,BR-3875420006,False,Brasil,0.05,False,False,0.821246183371972
TXN00002972,CLI000537,2023-07-22,AJUSTE,483.68,02,SP-CORE-02,BR,BR-4033986022,False,Brasil,0.05,False,False,-0.19365247817754142
TXN00002973,CLI000072,2023-12-02,FATURA,2968.89,01,SP-CORE-01,BR,BR-5068981129,False,Brasil,0.05,False,False,0.8055779172842895
TXN00002974,CLI000116,2023-08-19,ESTORNO,-1627.15,00,RJ-CORE-01,BR,BR-9770191959,False,Brasil,0.05,False,False,-0.8435655546251167
TXN00002975,CLI000441,2023-12-20,PAGAMENTO,2078.65,02,SP-CORE-01,BR,BR-1452737164,False,Brasil,0.05,False,False,0.18817078279685026
TXN00002976,CLI000122,2023-05-19,AJUSTE,1311.89,01,BA-CORE-01,BR,BR-3705512079,False,Brasil,0.05,False,False,0.3356791527583544
TXN00002977,CLI001115,2023-11-12,PAGAMENTO,1097.29,01,SP-CORE-02,BR,BR-4740355928,False,Brasil,0.05,False,False,-1.3114681633587335
TXN00002978,CLI000524,2023-01-15,PAGAMENTO,2064.09,10,SP-CORE-02,BR,BR-9207621403,False,Brasil,0.05,False,False,0.7071067811865476
TXN00002979,CLI000612,2023-04-15,PAGAMENTO,658.0,02,SP-CORE-01,BR,BR-7467776722,False,Brasil,0.05,False,False,0.20228975130779592
TXN00002980,CLI000859,2023-04-05,AJUSTE,1027.85,02,SP-CORE-02,BR,BR-1426465521,False,Brasil,0.05,False,False,0.5018660728345166
TXN00002981,CLI000626,2023-02-25,FATURA,1876.82,00,SP-CORE-01,BR,BR-8074210432,False,Brasil,0.05,False,False,-0.06708075296814851
TXN00002982,CLI000973,2023-09-27,PAGAMENTO,1522.04,10,SP-CORE-02,BR,BR-1591728242,False,Brasil,0.05,False,False,-0.4413328584154535
TXN00002983,CLI000311,2023-03-18,FATURA,1920.62,10,SP-CORE-02,BR,BR-4644688162,False,Brasil,0.05,False,False,0.04253570493700418
TXN00002984,CLI000278,2023-01-17,FATURA,2089.06,01,MG-CORE-01,BR,BR-4302972301,False,Brasil,0.05,False,False,0.5797639969596701
TXN00002985,CLI000064,2023-10-20,FATURA,1274.16,10,BA-CORE-01,BR,BR-8770219539,False,Brasil,0.05,False,False,-0.5235553351055106
TXN00002986,CLI000197,2023-06-23,FATURA,1637.67,02,SP-CORE-01,BR,BR-6760925844,False,Brasil,0.05,False,False,0.1933251697543244
TXN00002987,CLI000443,2023-05-05,PAGAMENTO,495.23,00,SP-CORE-01,BR,BR-3169056122,False,Brasil,0.05,False,False,0.022203645632257546
TXN00002988,CLI000329,2023-02-15,PAGAMENTO,679.48,00,MG-CORE-01,BR,BR-5661043960,False,Brasil,0.05,False,False,-0.10789464008530851
TXN00002989,CLI001044,2023-02-25,FATURA,-155551.73,4F,SANTOS-PORT-07,PA,OFFSHORE-081155LW,True,Panamá,0.9,True,True,-1.7883067983176655
TXN00002990,CLI000246,2023-02-08,PAGAMENTO,2299.7,10,SP-CORE-02,BR,BR-4317315247,False,Brasil,0.05,False,False,0.5162264123637783
TXN00002991,CLI001016,2023-05-10,FATURA,1120.42,02,MG-CORE-01,BR,BR-2864326250,False,Brasil,0.05,False,False,-0.7505000071155893
TXN00002992,CLI000932,2023-10-19,FATURA,601.8,00,MG-CORE-01,BR,BR-9749250957,False,Brasil,0.05,False,False,-0.6146815247375759
TXN00002993,CLI000601,2023-06-06,ESTORNO,872.18,00,SP-CORE-02,BR,BR-3467704659,False,Brasil,0.05,False,False,-0.9690012932433388
TXN00002994,CLI000296,2023-04-05,AJUSTE,1274.7,00,MG-CORE-01,BR,BR-9472515108,False,Brasil,0.05,False,False,-0.3417637416930838
TXN00002995,CLI000035,2023-04-03,ESTORNO,767.06,02,SP-CORE-01,BR,BR-7095869833,False,Brasil,0.05,False,False,0.435100035543836
TXN00002996,CLI000047,2023-06-06,ESTORNO,-2601.84,10,MG-CORE-01,BR,BR-9046820375,False,Brasil,0.05,False,False,-1.322177043309339
TXN00002997,CLI000461,2023-12-12,AJUSTE,655.56,02,RJ-CORE-01,BR,BR-2478144620,False,Brasil,0.05,False,False,-0.07718446381270447
TXN00002998,CLI001142,2023-08-29,AJUSTE,1443.23,10,BA-CORE-01,BR,BR-8846920528,False,Brasil,0.05,False,False,0.6447674339583257
TXN00002999,CLI001107,2023-12-13,FATURA,486.1,02,RJ-CORE-01,BR,BR-7029868098,False,Brasil,0.05,False,False,-0.9409512654613643
TXN00003000,CLI000227,2023-02-27,ESTORNO,1350.28,01,SP-CORE-01,BR,BR-3765440737,False,Brasil,0.05,False,False,-0.3974315797968228
TXN00003001,CLI000829,2023-10-02,ESTORNO,2043.42,00,SP-CORE-02,BR,BR-8081357418,False,Brasil,0.05,False,False,-0.3480398295938364
TXN00003002,CLI001053,2023-11-07,ESTORNO,2812.12,10,RJ-CORE-01,BR,BR-4330319077,False,Brasil,0.05,False,False,0.0
TXN00003003,CLI001025,2023-03-06,PAGAMENTO,764.35,10,SP-CORE-01,BR,BR-9078724755,False,Brasil,0.05,False,False,0.8759022782426673
TXN00003004,CLI001142,2023-06-09,ESTORNO,-1607.53,00,BA-CORE-01,BR,BR-1361983810,False,Brasil,0.05,False,False,-1.4620506422187234
TXN00003005,CLI001162,2023-10-17,FATURA,401.18,00,MG-CORE-01,BR,BR-7603226577,False,Brasil,0.05,False,False,-0.35759103819477317
TXN00003006,CLI001170,2023-02-13,AJUSTE,1541.4,00,SP-CORE-01,BR,BR-4779036992,False,Brasil,0.05,False,False,-0.3015842071978175
TXN00003007,CLI000472,2023-07-21,AJUSTE,2135.59,01,SP-CORE-02,BR,BR-7617643635,False,Brasil,0.05,False,False,0.8487579528486315
TXN00003008,CLI000081,2023-10-04,ESTORNO,956.17,10,RJ-CORE-01,BR,BR-1917982759,False,Brasil,0.05,False,False,0.34423872693684987
TXN00003009,CLI000885,2023-03-02,AJUSTE,799.53,10,RJ-CORE-01,BR,BR-3730248478,False,Brasil,0.05,False,False,0.7071067811865476
TXN00003010,CLI000341,2023-03-17,AJUSTE,2506.17,00,SP-CORE-02,BR,BR-1100595644,False,Brasil,0.05,False,False,0.5632622153559378
TXN00003011,CLI000674,2023-09-09,AJUSTE,2408.39,01,SP-CORE-01,BR,BR-2111065867,False,Brasil,0.05,False,False,0.3937112413305899
TXN00003012,CLI000038,2023-04-17,FATURA,2669.54,00,SP-CORE-01,BR,BR-3170137829,False,Brasil,0.05,False,False,0.5561062947417227
TXN00003013,CLI000228,2023-05-08,PAGAMENTO,2780.61,10,MG-CORE-01,BR,BR-4143856669,False,Brasil,0.05,False,False,0.07689663754050703
TXN00003014,CLI000244,2023-01-02,FATURA,1816.23,00,SP-CORE-01,BR,BR-8909540656,False,Brasil,0.05,False,False,0.5071488956203831
TXN00003015,CLI000312,2023-01-02,PAGAMENTO,100.54,00,MG-CORE-01,BR,BR-7474660539,False,Brasil,0.05,False,False,0.23183333691024843
TXN00003016,CLI001090,2023-03-13,AJUSTE,2405.58,01,MG-CORE-01,BR,BR-1531772868,False,Brasil,0.05,False,False,0.7029527711142599
TXN00003017,CLI000615,2023-11-13,PAGAMENTO,175.66,00,BA-CORE-01,BR,BR-5043037541,False,Brasil,0.05,False,False,-1.0104428475281289
TXN00003018,CLI000084,2023-10-08,FATURA,1499.9,02,MG-CORE-01,BR,BR-7222277556,False,Brasil,0.05,False,False,0.9481947603457438
TXN00003019,CLI000890,2023-01-12,FATURA,3226.33,02,SP-CORE-02,BR,BR-5317358673,False,Brasil,0.05,False,False,1.1364272364007442
TXN00003020,CLI000197,2023-02-19,FATURA,2536.08,01,MG-CORE-01,BR,BR-6299293408,False,Brasil,0.05,False,False,0.6000250848926715
TXN00003021,CLI001027,2023-06-12,FATURA,341.78,02,RJ-CORE-01,BR,BR-6580028443,False,Brasil,0.05,False,False,-0.7071067811865475
TXN00003022,CLI000388,2023-10-21,AJUSTE,3370.73,02,SP-CORE-02,BR,BR-4167591308,False,Brasil,0.05,False,False,1.1344468752351722
TXN00003023,CLI000569,2023-12-07,ESTORNO,61.89,02,SP-CORE-02,BR,BR-5746913503,False,Brasil,0.05,False,False,-2.4057322920810575
TXN00003024,CLI000513,2023-07-30,PAGAMENTO,124.3,02,MG-CORE-01,BR,BR-8638811983,False,Brasil,0.05,False,False,-0.7281195194562432
TXN00003025,CLI000110,2023-10-25,ESTORNO,-3119.19,02,MG-CORE-01,BR,BR-2951244854,False,Brasil,0.05,False,False,-1.0911650495032756
TXN00003026,CLI001105,2023-01-30,FATURA,1935.87,02,SP-CORE-01,BR,BR-2769753981,False,Brasil,0.05,False,False,0.3833087128692151
TXN00003027,CLI000915,2023-12-19,FATURA,1784.34,01,SP-CORE-02,BR,BR-1396204771,False,Brasil,0.05,False,False,-0.32257966860269977
TXN00003028,CLI001026,2023-01-01,ESTORNO,539.54,10,SP-CORE-02,BR,BR-5853585011,False,Brasil,0.05,False,False,-0.07779843088506638
TXN00003029,CLI000466,2023-09-12,FATURA,932.04,02,SP-CORE-02,BR,BR-6217459270,False,Brasil,0.05,False,False,-0.7071067811865475
TXN00003030,CLI000456,2023-11-23,ESTORNO,3398.87,10,RJ-CORE-01,BR,BR-5630286975,False,Brasil,0.05,False,False,1.1107344553561864
TXN00003031,CLI001147,2023-08-21,ESTORNO,80.54,02,SP-CORE-01,BR,BR-8639993987,False,Brasil,0.05,False,False,0.2988779556100415
TXN00003032,CLI000858,2023-10-10,AJUSTE,2460.24,00,BA-CORE-01,BR,BR-9040242314,False,Brasil,0.05,False,False,0.5012305907056733
TXN00003033,CLI000588,2023-11-18,FATURA,145375.08,4F,SANTOS-PORT-07,LU,OFFSHORE-028519SP,True,Luxemburgo,0.8,True,True,2.665106426667
TXN00003034,CLI000355,2023-02-28,PAGAMENTO,3094.13,00,MG-CORE-01,BR,BR-8955644375,False,Brasil,0.05,False,False,1.1335323656729894
TXN00003035,CLI000175,2023-01-29,AJUSTE,940.47,10,SP-CORE-01,BR,BR-1473890212,False,Brasil,0.05,False,False,-0.3486132945299959
TXN00003036,CLI000061,2023-10-15,AJUSTE,863.21,01,MG-CORE-01,BR,BR-2243782053,False,Brasil,0.05,False,False,0.33801287394505986
TXN00003037,CLI000141,2023-03-31,FATURA,717.75,01,BA-CORE-01,BR,BR-3245312271,False,Brasil,0.05,False,False,-0.49221227761905345
TXN00003038,CLI000880,2023-02-15,ESTORNO,-455.33,02,BA-CORE-01,BR,BR-5800666263,False,Brasil,0.05,False,False,-1.094597808793388
TXN00003039,CLI000095,2023-06-16,PAGAMENTO,800.87,02,RJ-CORE-01,BR,BR-6903259716,False,Brasil,0.05,False,False,0.06611313445843388
TXN00003040,CLI000615,2023-12-02,ESTORNO,638.41,01,MG-CORE-01,BR,BR-6557607354,False,Brasil,0.05,False,False,-0.5763597014269783
TXN00003041,CLI000015,2023-01-13,PAGAMENTO,392.61,00,RJ-CORE-01,BR,BR-1613619380,False,Brasil,0.05,False,False,-0.27006884935510483
TXN00003042,CLI000532,2023-09-13,ESTORNO,2522.74,01,RJ-CORE-01,BR,BR-2811432415,False,Brasil,0.05,False,False,0.4171071675662758
TXN00003043,CLI000840,2023-06-29,AJUSTE,1963.0,10,SP-CORE-01,BR,BR-2217547222,False,Brasil,0.05,False,False,0.8944044251556267
TXN00003044,CLI000376,2023-03-25,AJUSTE,3291.9,00,SP-CORE-02,BR,BR-8471784210,False,Brasil,0.05,False,False,1.6024841777789163
TXN00003045,CLI000720,2023-08-20,PAGAMENTO,3454.29,10,MG-CORE-01,BR,BR-1008958266,False,Brasil,0.05,False,False,1.1270167574306176
TXN00003046,CLI000906,2023-03-20,PAGAMENTO,2998.62,02,SP-CORE-01,BR,BR-7646622094,False,Brasil,0.05,False,False,0.5678873230483094
TXN00003047,CLI000970,2023-10-07,PAGAMENTO,1558.15,02,BA-CORE-01,BR,BR-5486877079,False,Brasil,0.05,False,False,-0.05529731135085595
TXN00003048,CLI000031,2023-02-11,PAGAMENTO,2325.12,00,SP-CORE-02,BR,BR-6915482645,False,Brasil,0.05,False,False,0.7629439662362296
TXN00003049,CLI001026,2023-07-31,FATURA,3412.89,00,BA-CORE-01,BR,BR-8028543315,False,Brasil,0.05,False,False,1.2332571126430854
TXN00003050,CLI000557,2023-06-04,PAGAMENTO,3407.97,01,SP-CORE-02,BR,BR-8566352759,False,Brasil,0.05,False,False,1.453706110341286
TXN00003051,CLI000313,2023-06-07,AJUSTE,206.69,10,MG-CORE-01,BR,BR-8160658584,False,Brasil,0.05,False,False,-0.48084375740537505
TXN00003052,CLI000730,2023-03-19,FATURA,322.34,10,RJ-CORE-01,BR,BR-8421120053,False,Brasil,0.05,False,False,0.0897417580505087
TXN00003053,CLI000567,2023-07-02,AJUSTE,913.59,01,SP-CORE-01,BR,BR-7973263691,False,Brasil,0.05,False,False,0.7071067811865475
TXN00003054,CLI000401,2023-11-26,ESTORNO,-2867.89,00,SP-CORE-01,BR,BR-2663162195,False,Brasil,0.05,False,False,-0.47671471380052843
TXN00003055,CLI000479,2023-09-29,FATURA,530.7,01,SP-CORE-01,BR,BR-9161487626,False,Brasil,0.05,False,False,-0.665873088183621
TXN00003056,CLI000133,2023-04-26,ESTORNO,1194.02,02,BA-CORE-01,BR,BR-9696467331,False,Brasil,0.05,False,False,-0.08512325930287841
TXN00003057,CLI000038,2023-10-28,ESTORNO,-2808.77,00,MG-CORE-01,BR,BR-3770939734,False,Brasil,0.05,False,False,-1.1544430958021943
TXN00003058,CLI000760,2023-02-20,ESTORNO,-2861.62,00,SP-CORE-02,BR,BR-1365725210,False,Brasil,0.05,False,False,-1.1431072932804296
TXN00003059,CLI000061,2023-04-11,ESTORNO,-2304.66,02,SP-CORE-01,BR,BR-4253932355,False,Brasil,0.05,False,False,-1.1252022708818559
TXN00003060,CLI000869,2023-12-29,FATURA,1417.04,02,BA-CORE-01,BR,BR-3240915480,False,Brasil,0.05,False,False,-0.11945985841184194
TXN00003061,CLI000109,2023-05-03,FATURA,1748.42,00,BA-CORE-01,BR,BR-8518591825,False,Brasil,0.05,False,False,-0.22460126480274414
TXN00003062,CLI000915,2023-04-14,FATURA,587.78,01,SP-CORE-01,BR,BR-1080161578,False,Brasil,0.05,False,False,-1.4294064819242365
TXN00003063,CLI000430,2023-02-11,FATURA,331.34,02,SP-CORE-01,BR,BR-3284318901,False,Brasil,0.05,False,False,0.43726112174752413
TXN00003064,CLI000956,2023-09-01,ESTORNO,2850.25,01,SP-CORE-01,BR,BR-5133376765,False,Brasil,0.05,False,False,0.8456273588111053
TXN00003065,CLI000727,2023-01-24,PAGAMENTO,2736.75,00,MG-CORE-01,BR,BR-1883925729,False,Brasil,0.05,False,False,0.25096873078335247
TXN00003066,CLI000674,2023-09-17,FATURA,919.13,02,MG-CORE-01,BR,BR-7784127397,False,Brasil,0.05,False,False,-1.136931997263199
TXN00003067,CLI000692,2023-01-05,ESTORNO,-2207.83,00,SP-CORE-02,BR,BR-6671208652,False,Brasil,0.05,False,False,-1.5768885297027027
TXN00003068,CLI001083,2023-12-28,AJUSTE,435.44,10,SP-CORE-02,BR,BR-3529276291,False,Brasil,0.05,False,False,-0.7071067811865475
TXN00003069,CLI000116,2023-09-25,PAGAMENTO,2611.48,10,SP-CORE-02,BR,BR-5010849996,False,Brasil,0.05,False,False,1.2681511635846603
TXN00003070,CLI000057,2023-08-28,AJUSTE,409.59,10,SP-CORE-01,BR,BR-6755069588,False,Brasil,0.05,False,False,-0.5162178443483086
TXN00003071,CLI000787,2023-11-12,FATURA,1655.54,01,SP-CORE-02,BR,BR-6070243272,False,Brasil,0.05,False,False,0.3510476140198479
TXN00003072,CLI000465,2023-09-04,ESTORNO,-1726.63,00,BA-CORE-01,BR,BR-7562288074,False,Brasil,0.05,False,False,0.0
TXN00003073,CLI000588,2023-08-18,FATURA,3076.51,00,SP-CORE-01,BR,BR-6935691971,False,Brasil,0.05,False,False,-0.2806334810033145
TXN00003074,CLI001026,2023-12-11,FATURA,2535.33,02,RJ-CORE-01,BR,BR-1390949767,False,Brasil,0.05,False,False,0.8328429957486713
TXN00003075,CLI000277,2023-01-08,FATURA,610.61,02,RJ-CORE-01,BR,BR-5208149330,False,Brasil,0.05,False,False,-0.5807600544501533
TXN00003076,CLI001199,2023-07-22,AJUSTE,3374.75,01,SP-CORE-01,BR,BR-3326924276,False,Brasil,0.05,False,False,1.021511009168759
TXN00003077,CLI000934,2023-07-16,FATURA,2116.58,10,BA-CORE-01,BR,BR-2225576343,False,Brasil,0.05,False,False,-0.8242931507050056
TXN00003078,CLI000731,2023-07-23,ESTORNO,2339.01,00,MG-CORE-01,BR,BR-6079524369,False,Brasil,0.05,False,False,0.7621148841290261
TXN00003079,CLI000747,2023-08-12,FATURA,2176.71,00,SP-CORE-02,BR,BR-4299843529,False,Brasil,0.05,False,False,0.4970811264550222
TXN00003080,CLI000298,2023-02-15,AJUSTE,1140.05,00,MG-CORE-01,BR,BR-5957368810,False,Brasil,0.05,False,False,0.6683031752160069
TXN00003081,CLI000746,2023-02-07,PAGAMENTO,35.35,00,SP-CORE-02,BR,BR-9384483661,False,Brasil,0.05,False,False,-0.5361449698388518
TXN00003082,CLI000434,2023-11-29,FATURA,1838.93,02,SP-CORE-02,BR,BR-3914601601,False,Brasil,0.05,False,False,0.5302600954298803
TXN00003083,CLI000591,2023-11-14,FATURA,1892.91,01,BA-CORE-01,BR,BR-9842967148,False,Brasil,0.05,False,False,0.9926506803847893
TXN00003084,CLI000871,2023-09-15,ESTORNO,249.54,00,SP-CORE-01,BR,BR-9422960595,False,Brasil,0.05,False,False,-0.20822891050355982
TXN00003085,CLI000207,2023-01-08,FATURA,1121.05,01,SP-CORE-01,BR,BR-1779355497,False,Brasil,0.05,False,False,0.09575009483243996
TXN00003086,CLI000828,2023-02-06,ESTORNO,1332.16,02,BA-CORE-01,BR,BR-4063602860,False,Brasil,0.05,False,False,0.0
TXN00003087,CLI001127,2023-04-29,AJUSTE,2343.76,02,SP-CORE-02,BR,BR-6574972074,False,Brasil,0.05,False,False,0.03667395846871387
TXN00003088,CLI001022,2023-02-17,FATURA,30.93,00,SP-CORE-01,BR,BR-5719070490,False,Brasil,0.05,False,False,0.0
TXN00003089,CLI001199,2023-05-13,PAGAMENTO,2695.1,01,MG-CORE-01,BR,BR-5906830717,False,Brasil,0.05,False,False,-0.04450831305367819
TXN00003090,CLI000658,2023-03-04,PAGAMENTO,1133.8,01,BA-CORE-01,BR,BR-9130420445,False,Brasil,0.05,False,False,-0.5357868923511404
TXN00003091,CLI000675,2023-03-12,FATURA,1920.11,00,MG-CORE-01,BR,BR-6402786641,False,Brasil,0.05,False,False,-0.28075336656203814
TXN00003092,CLI001038,2023-03-10,FATURA,835.05,02,BA-CORE-01,BR,BR-4863329536,False,Brasil,0.05,False,False,-0.8056649960123783
TXN00003093,CLI000946,2023-06-24,FATURA,1280.74,01,MG-CORE-01,BR,BR-1222814829,False,Brasil,0.05,False,False,-0.0982944918124152
TXN00003094,CLI000600,2023-04-27,AJUSTE,2575.54,00,SP-CORE-02,BR,BR-6310688903,False,Brasil,0.05,False,False,0.7071067811865476
TXN00003095,CLI000290,2023-07-09,PAGAMENTO,2705.52,10,MG-CORE-01,BR,BR-7461440081,False,Brasil,0.05,False,False,0.3948259449416637
TXN00003096,CLI000417,2023-07-03,FATURA,245.01,00,SP-CORE-01,BR,BR-5077457518,False,Brasil,0.05,False,False,-1.057016609329134
TXN00003097,CLI000985,2023-09-14,FATURA,1634.18,02,MG-CORE-01,BR,BR-2156581143,False,Brasil,0.05,False,False,0.16802817277162396
TXN00003098,CLI000997,2023-09-04,AJUSTE,2332.74,00,SP-CORE-02,BR,BR-6662211914,False,Brasil,0.05,False,False,0.7071067811865476
TXN00003099,CLI000150,2023-06-07,ESTORNO,-3425.88,00,SP-CORE-02,BR,BR-7670604282,False,Brasil,0.05,False,False,0.3496605445162713
TXN00003100,CLI001153,2023-09-15,ESTORNO,-2966.43,10,SP-CORE-02,BR,BR-5576108188,False,Brasil,0.05,False,False,-2.009061755386123
TXN00003101,CLI000303,2023-06-20,AJUSTE,176037.26,4F,SANTOS-PORT-07,PA,OFFSHORE-582386AN,True,Panamá,0.9,True,True,2.2674360232459665
TXN00003102,CLI000854,2023-04-06,PAGAMENTO,1951.4,02,SP-CORE-01,BR,BR-7679328037,False,Brasil,0.05,False,False,-0.5224603644092187
TXN00003103,CLI000295,2023-05-09,PAGAMENTO,493.65,10,MG-CORE-01,BR,BR-1179495626,False,Brasil,0.05,False,False,-0.33331553141463477
TXN00003104,CLI001124,2023-02-04,PAGAMENTO,3011.64,01,RJ-CORE-01,BR,BR-8785245482,False,Brasil,0.05,False,False,0.8437981543984884
TXN00003105,CLI000257,2023-09-01,PAGAMENTO,1473.14,01,RJ-CORE-01,BR,BR-7960982010,False,Brasil,0.05,False,False,1.2953697686295997
TXN00003106,CLI000833,2023-09-28,AJUSTE,1520.71,10,BA-CORE-01,BR,BR-1718898818,False,Brasil,0.05,False,False,0.3143456917072922
TXN00003107,CLI000362,2023-05-15,FATURA,1819.2,10,BA-CORE-01,BR,BR-9254114170,False,Brasil,0.05,False,False,0.6488596173232982
TXN00003108,CLI000013,2023-12-22,FATURA,1184.44,02,SP-CORE-02,BR,BR-8215535604,False,Brasil,0.05,False,False,0.7826149215035701
TXN00003109,CLI000857,2023-01-14,ESTORNO,-334302.54,9A,SANTOS-PORT-07,LU,OFFSHORE-398554LU,True,Luxemburgo,0.8,True,True,-2.0412235160101035
TXN00003110,CLI000019,2023-06-17,FATURA,2094.71,10,MG-CORE-01,BR,BR-8334747974,False,Brasil,0.05,False,False,0.15328239601555035
TXN00003111,CLI000971,2023-04-09,ESTORNO,-2392.7,02,MG-CORE-01,BR,BR-2172582522,False,Brasil,0.05,False,False,-0.7071067811865476
TXN00003112,CLI000894,2023-09-13,PAGAMENTO,2493.17,02,RJ-CORE-01,BR,BR-6676393078,False,Brasil,0.05,False,False,-0.011151165711189428
TXN00003113,CLI001080,2023-10-28,FATURA,340651.57,9A,SANTOS-PORT-07,KY,OFFSHORE-807156GO,True,Ilhas Cayman,0.95,True,True,1.1546935349594076
TXN00003114,CLI000267,2023-03-17,ESTORNO,392678.94,4F,SANTOS-PORT-07,KY,OFFSHORE-337504TL,True,Ilhas Cayman,0.95,True,True,1.4999960122887215
TXN00003115,CLI000988,2023-04-16,PAGAMENTO,647.31,01,SP-CORE-02,BR,BR-3602866012,False,Brasil,0.05,False,False,-1.2147342481208985
TXN00003116,CLI000873,2023-02-24,FATURA,2670.29,10,RJ-CORE-01,BR,BR-1030646323,False,Brasil,0.05,False,False,0.6381625895480604
TXN00003117,CLI000323,2023-09-09,FATURA,391.0,01,SP-CORE-01,BR,BR-8037029503,False,Brasil,0.05,False,False,-0.3324148853649216
TXN00003118,CLI000768,2023-02-28,ESTORNO,-1025.55,10,BA-CORE-01,BR,BR-7443849558,False,Brasil,0.05,False,False,-1.1490452423303448
TXN00003119,CLI000367,2023-02-23,AJUSTE,2927.7,00,SP-CORE-02,BR,BR-1753890647,False,Brasil,0.05,False,False,0.43249279847105404
TXN00003120,CLI000029,2023-01-16,AJUSTE,3146.74,10,BA-CORE-01,BR,BR-3526147677,False,Brasil,0.05,False,False,0.7725534233942309
TXN00003121,CLI000159,2023-05-17,FATURA,661.66,10,RJ-CORE-01,BR,BR-4203931525,False,Brasil,0.05,False,False,-0.7716064442719749
TXN00003122,CLI000040,2023-08-05,FATURA,1921.36,00,MG-CORE-01,BR,BR-5842278898,False,Brasil,0.05,False,False,0.14841254491563932
TXN00003123,CLI000702,2023-02-11,AJUSTE,1412.22,01,MG-CORE-01,BR,BR-4674254156,False,Brasil,0.05,False,False,-0.11371655123069414
TXN00003124,CLI000847,2023-01-17,FATURA,1033.39,01,SP-CORE-02,BR,BR-2178229686,False,Brasil,0.05,False,False,-0.9158536121768678
TXN00003125,CLI000459,2023-04-04,PAGAMENTO,903.24,02,MG-CORE-01,BR,BR-7934038104,False,Brasil,0.05,False,False,0.0021865121277982224
TXN00003126,CLI000495,2023-08-14,FATURA,576.49,02,MG-CORE-01,BR,BR-9087861217,False,Brasil,0.05,False,False,-0.7071067811865476
TXN00003127,CLI000533,2023-10-04,FATURA,793.58,00,MG-CORE-01,BR,BR-3791857792,False,Brasil,0.05,False,False,0.2025731431872449
TXN00003128,CLI000449,2023-03-22,FATURA,3085.8,02,SP-CORE-01,BR,BR-6682238587,False,Brasil,0.05,False,False,0.6543438835589307
TXN00003129,CLI001108,2023-03-07,AJUSTE,1627.82,01,MG-CORE-01,BR,BR-7042485962,False,Brasil,0.05,False,False,0.49110168333337934
TXN00003130,CLI000713,2023-03-23,FATURA,3133.93,00,MG-CORE-01,BR,BR-7521028542,False,Brasil,0.05,False,False,0.9368610241725507
TXN00003131,CLI000882,2023-06-02,FATURA,3412.79,10,SP-CORE-01,BR,BR-7423444503,False,Brasil,0.05,False,False,1.0751380039313558
TXN00003132,CLI000341,2023-08-20,PAGAMENTO,1395.06,02,SP-CORE-02,BR,BR-4097617527,False,Brasil,0.05,False,False,-0.12570746705025349
TXN00003133,CLI000766,2023-07-02,ESTORNO,3420.76,10,RJ-CORE-01,BR,BR-5496678921,False,Brasil,0.05,False,False,0.9434371752801094
TXN00003134,CLI000858,2023-08-20,FATURA,2535.3,10,RJ-CORE-01,BR,BR-9239428735,False,Brasil,0.05,False,False,0.5390281030669454
TXN00003135,CLI001118,2023-07-06,PAGAMENTO,2642.31,00,SP-CORE-02,BR,BR-7581652053,False,Brasil,0.05,False,False,0.19991006543266596
TXN00003136,CLI000096,2023-12-07,FATURA,2507.74,00,BA-CORE-01,BR,BR-2358248920,False,Brasil,0.05,False,False,0.49472943488606164
TXN00003137,CLI000067,2023-04-06,AJUSTE,2705.33,02,RJ-CORE-01,BR,BR-2683021116,False,Brasil,0.05,False,False,0.8530267344072048
TXN00003138,CLI000322,2023-05-13,ESTORNO,-1906.9,00,BA-CORE-01,BR,BR-2437550554,False,Brasil,0.05,False,False,-1.5146484455276958
TXN00003139,CLI000138,2023-04-09,ESTORNO,-880.49,01,SP-CORE-01,BR,BR-4468928756,False,Brasil,0.05,False,False,-1.7396748141968918
TXN00003140,CLI000233,2023-03-20,FATURA,2837.36,02,RJ-CORE-01,BR,BR-8256557537,False,Brasil,0.05,False,False,0.7156933192864738
TXN00003141,CLI001190,2023-06-22,AJUSTE,1007.21,00,SP-CORE-02,BR,BR-5113615245,False,Brasil,0.05,False,False,-0.6128416554650598
TXN00003142,CLI000604,2023-12-22,ESTORNO,2746.12,01,SP-CORE-02,BR,BR-4938464506,False,Brasil,0.05,False,False,1.045942235589075
TXN00003143,CLI001101,2023-07-21,AJUSTE,3218.59,10,SP-CORE-02,BR,BR-1845579519,False,Brasil,0.05,False,False,0.98034708111783
TXN00003144,CLI000552,2023-06-27,FATURA,1983.87,01,SP-CORE-01,BR,BR-6708976350,False,Brasil,0.05,False,False,-0.27119793823372573
TXN00003145,CLI000805,2023-02-16,ESTORNO,582.69,00,MG-CORE-01,BR,BR-9859848037,False,Brasil,0.05,False,False,-0.057954884761611154
TXN00003146,CLI001017,2023-11-10,ESTORNO,-2111.98,01,SP-CORE-01,BR,BR-3685620292,False,Brasil,0.05,False,False,-0.6409343077819598
TXN00003147,CLI000762,2023-04-12,PAGAMENTO,281.88,10,RJ-CORE-01,BR,BR-5414679868,False,Brasil,0.05,False,False,-0.48019456830342755
TXN00003148,CLI000550,2023-03-23,ESTORNO,248.17,00,MG-CORE-01,BR,BR-9693114876,False,Brasil,0.05,False,False,-1.1465695440974488
TXN00003149,CLI000201,2023-10-17,FATURA,726.96,10,RJ-CORE-01,BR,BR-9311022862,False,Brasil,0.05,False,False,-0.7564122619842182
TXN00003150,CLI000987,2023-04-03,AJUSTE,1396.42,00,SP-CORE-02,BR,BR-8904919892,False,Brasil,0.05,False,False,0.20641650870535252
TXN00003151,CLI000310,2023-04-29,ESTORNO,-2534.46,01,MG-CORE-01,BR,BR-2061516500,False,Brasil,0.05,False,False,-1.3705413292823472
TXN00003152,CLI000872,2023-05-09,PAGAMENTO,1353.17,01,SP-CORE-01,BR,BR-3033995711,False,Brasil,0.05,False,False,0.6772104031728139
TXN00003153,CLI001170,2023-08-18,FATURA,2834.11,01,SP-CORE-01,BR,BR-9412993371,False,Brasil,0.05,False,False,0.5727590624128276
TXN00003154,CLI000554,2023-12-04,AJUSTE,2601.56,02,RJ-CORE-01,BR,BR-4575635519,False,Brasil,0.05,False,False,-0.42704433468176695
TXN00003155,CLI000472,2023-04-08,FATURA,598.43,00,SP-CORE-01,BR,BR-8823857581,False,Brasil,0.05,False,False,0.06841504037138445
TXN00003156,CLI000286,2023-07-01,ESTORNO,54.57,00,RJ-CORE-01,BR,BR-1536125194,False,Brasil,0.05,False,False,-0.38358140938291235
TXN00003157,CLI001060,2023-10-25,FATURA,2246.67,02,SP-CORE-02,BR,BR-5185555500,False,Brasil,0.05,False,False,-0.5245581109157469
TXN00003158,CLI000955,2023-09-06,PAGAMENTO,3212.29,10,SP-CORE-02,BR,BR-4937258287,False,Brasil,0.05,False,False,1.4015348070836189
TXN00003159,CLI000192,2023-07-11,AJUSTE,2429.64,02,SP-CORE-02,BR,BR-6915867055,False,Brasil,0.05,False,False,0.9477072367367592
TXN00003160,CLI000370,2023-12-29,AJUSTE,2868.86,02,BA-CORE-01,BR,BR-3977974275,False,Brasil,0.05,False,False,1.0512045909289136
TXN00003161,CLI000884,2023-06-04,FATURA,2705.38,10,MG-CORE-01,BR,BR-4361440027,False,Brasil,0.05,False,False,0.7963089248527486
TXN00003162,CLI000349,2023-11-21,PAGAMENTO,1350.07,01,SP-CORE-02,BR,BR-8741193643,False,Brasil,0.05,False,False,-0.26186875928218234
TXN00003163,CLI000957,2023-07-01,PAGAMENTO,351.56,00,SP-CORE-02,BR,BR-5530283542,False,Brasil,0.05,False,False,-0.7071067811865476
TXN00003164,CLI001087,2023-08-10,ESTORNO,976.78,02,BA-CORE-01,BR,BR-2854734360,False,Brasil,0.05,False,False,0.3819491464818244
TXN00003165,CLI000277,2023-10-05,AJUSTE,617.85,02,MG-CORE-01,BR,BR-9829550644,False,Brasil,0.05,False,False,-0.5739337580209363
TXN00003166,CLI000257,2023-03-30,PAGAMENTO,82.6,02,MG-CORE-01,BR,BR-5519178084,False,Brasil,0.05,False,False,-1.0608939583535268
TXN00003167,CLI000165,2023-07-05,AJUSTE,1081.9,01,RJ-CORE-01,BR,BR-8945385914,False,Brasil,0.05,False,False,0.10386135162641014
TXN00003168,CLI000018,2023-03-28,PAGAMENTO,1952.96,01,SP-CORE-02,BR,BR-2725215636,False,Brasil,0.05,False,False,0.6900286979766151
TXN00003169,CLI000916,2023-10-01,FATURA,658.06,10,SP-CORE-02,BR,BR-2765695439,False,Brasil,0.05,False,False,-0.24496492067087078
TXN00003170,CLI000186,2023-10-10,AJUSTE,1450.94,02,SP-CORE-02,BR,BR-3680094643,False,Brasil,0.05,False,False,0.06251857697305635
TXN00003171,CLI001167,2023-03-25,AJUSTE,874.98,02,SP-CORE-01,BR,BR-7242353778,False,Brasil,0.05,False,False,-0.4623203026300053
TXN00003172,CLI000808,2023-11-01,AJUSTE,59.83,00,BA-CORE-01,BR,BR-5729952677,False,Brasil,0.05,False,False,-0.9766580430071823
TXN00003173,CLI000001,2023-12-22,AJUSTE,1562.98,01,MG-CORE-01,BR,BR-5406516541,False,Brasil,0.05,False,False,0.46819364495479515
TXN00003174,CLI000380,2023-06-25,ESTORNO,-2901.55,00,BA-CORE-01,BR,BR-7516379744,False,Brasil,0.05,False,False,-1.925590512880116
TXN00003175,CLI000154,2023-09-02,FATURA,2929.12,00,SP-CORE-01,BR,BR-3524639163,False,Brasil,0.05,False,False,1.0489075243487913
TXN00003176,CLI001104,2023-02-13,FATURA,2020.72,01,RJ-CORE-01,BR,BR-1463884781,False,Brasil,0.05,False,False,0.38013291172574376
TXN00003177,CLI000456,2023-03-10,AJUSTE,577.92,10,SP-CORE-01,BR,BR-9642713632,False,Brasil,0.05,False,False,-0.2820510604587953
TXN00003178,CLI000295,2023-01-03,PAGAMENTO,2438.0,10,SP-CORE-01,BR,BR-4063597598,False,Brasil,0.05,False,False,0.7396531972277044
TXN00003179,CLI000820,2023-09-06,PAGAMENTO,2313.58,02,MG-CORE-01,BR,BR-4611120314,False,Brasil,0.05,False,False,0.22820319595091387
TXN00003180,CLI000266,2023-12-17,FATURA,2624.3,00,MG-CORE-01,BR,BR-7480667587,False,Brasil,0.05,False,False,0.2303270945868268
TXN00003181,CLI001173,2023-05-25,PAGAMENTO,779.99,02,SP-CORE-01,BR,BR-6821360946,False,Brasil,0.05,False,False,0.4399042007844662
TXN00003182,CLI000872,2023-04-27,ESTORNO,-1631.34,01,RJ-CORE-01,BR,BR-7961501559,False,Brasil,0.05,False,False,-1.2729790254097888
TXN00003183,CLI000235,2023-04-25,AJUSTE,2363.07,01,SP-CORE-02,BR,BR-1798534963,False,Brasil,0.05,False,False,0.44679394256398297
TXN00003184,CLI000892,2023-11-26,FATURA,3280.26,02,RJ-CORE-01,BR,BR-1189282613,False,Brasil,0.05,False,False,1.0822454726375144
TXN00003185,CLI000590,2023-03-12,ESTORNO,-3286.65,00,MG-CORE-01,BR,BR-5843351966,False,Brasil,0.05,False,False,-1.6155973047285788
TXN00003186,CLI001072,2023-04-11,FATURA,1619.99,10,MG-CORE-01,BR,BR-7805471449,False,Brasil,0.05,False,False,-0.02718674566816579
TXN00003187,CLI000599,2023-09-02,ESTORNO,3329.56,00,MG-CORE-01,BR,BR-6831464530,False,Brasil,0.05,False,False,1.0257759808401203
TXN00003188,CLI000970,2023-11-16,AJUSTE,3411.88,02,MG-CORE-01,BR,BR-1625453276,False,Brasil,0.05,False,False,1.4993986184331045
TXN00003189,CLI001013,2023-06-24,ESTORNO,368.3,10,SP-CORE-01,BR,BR-7311556508,False,Brasil,0.05,False,False,-0.8729128256136987
TXN00003190,CLI000588,2023-03-30,AJUSTE,1063.23,01,SP-CORE-01,BR,BR-7886247727,False,Brasil,0.05,False,False,-0.32231063377663116
TXN00003191,CLI000345,2023-08-16,AJUSTE,1090.63,02,SP-CORE-01,BR,BR-6545077429,False,Brasil,0.05,False,False,-0.09279697996489501
TXN00003192,CLI000797,2023-05-18,AJUSTE,1221.82,02,SP-CORE-02,BR,BR-5167282477,False,Brasil,0.05,False,False,0.2350418252581666
TXN00003193,CLI001098,2023-08-18,ESTORNO,2004.55,00,SP-CORE-02,BR,BR-1621053924,False,Brasil,0.05,False,False,0.7071067811865474
TXN00003194,CLI000576,2023-04-26,ESTORNO,1337.18,01,MG-CORE-01,BR,BR-5529503814,False,Brasil,0.05,False,False,0.5948990692102342
TXN00003195,CLI000025,2023-03-30,PAGAMENTO,708.55,10,RJ-CORE-01,BR,BR-2476678923,False,Brasil,0.05,False,False,-0.37919950053081575
TXN00003196,CLI000549,2023-11-01,FATURA,1199.38,02,RJ-CORE-01,BR,BR-5194081855,False,Brasil,0.05,False,False,-0.3518055667139761
TXN00003197,CLI000033,2023-02-16,AJUSTE,1380.04,02,SP-CORE-02,BR,BR-5588759271,False,Brasil,0.05,False,False,0.5250412435384112
TXN00003198,CLI000537,2023-10-25,FATURA,2737.92,10,BA-CORE-01,BR,BR-8268862104,False,Brasil,0.05,False,False,0.8626844604308105
TXN00003199,CLI000455,2023-01-26,PAGAMENTO,1080.44,10,SP-CORE-01,BR,BR-6581875190,False,Brasil,0.05,False,False,-1.0255364986832063
TXN00003200,CLI000937,2023-09-16,PAGAMENTO,3347.52,02,RJ-CORE-01,BR,BR-2411408078,False,Brasil,0.05,False,False,0.5675065171987828
TXN00003201,CLI000720,2023-07-22,FATURA,2552.54,00,BA-CORE-01,BR,BR-5745285588,False,Brasil,0.05,False,False,0.6395186229205877
TXN00003202,CLI000479,2023-05-12,PAGAMENTO,3138.42,10,SP-CORE-02,BR,BR-4910752537,False,Brasil,0.05,False,False,1.3158285462402945
TXN00003203,CLI000179,2023-10-11,PAGAMENTO,3237.66,00,RJ-CORE-01,BR,BR-3130006033,False,Brasil,0.05,False,False,1.125883692788906
TXN00003204,CLI000342,2023-09-22,ESTORNO,-2617.98,00,SP-CORE-01,BR,BR-4951170613,False,Brasil,0.05,False,False,-1.4225676862327927
TXN00003205,CLI000931,2023-01-06,FATURA,2724.21,02,RJ-CORE-01,BR,BR-3743483601,False,Brasil,0.05,False,False,0.7074579085891269
TXN00003206,CLI000878,2023-01-11,PAGAMENTO,1029.39,01,RJ-CORE-01,BR,BR-3977359647,False,Brasil,0.05,False,False,-0.36109987808643473
TXN00003207,CLI000547,2023-06-22,FATURA,3150.0,01,SP-CORE-02,BR,BR-1915422939,False,Brasil,0.05,False,False,0.7068641625232316
TXN00003208,CLI000990,2023-10-31,PAGAMENTO,1792.0,01,SP-CORE-01,BR,BR-8793873887,False,Brasil,0.05,False,False,0.4513765664974007
TXN00003209,CLI001123,2023-12-07,PAGAMENTO,754.25,10,MG-CORE-01,BR,BR-2614528899,False,Brasil,0.05,False,False,-0.2935482638276834
TXN00003210,CLI001177,2023-04-04,AJUSTE,2577.44,10,MG-CORE-01,BR,BR-2719329399,False,Brasil,0.05,False,False,1.2058717011876459
TXN00003211,CLI000447,2023-02-11,ESTORNO,-2157.79,10,BA-CORE-01,BR,BR-5323852618,False,Brasil,0.05,False,False,-0.7071067811865476
TXN00003212,CLI001173,2023-12-13,ESTORNO,2100.33,00,MG-CORE-01,BR,BR-1042486233,False,Brasil,0.05,False,False,0.44646594049616556
TXN00003213,CLI001032,2023-04-15,PAGAMENTO,1080.29,01,BA-CORE-01,BR,BR-2537111540,False,Brasil,0.05,False,False,-0.7782874810670427
TXN00003214,CLI000620,2023-07-24,PAGAMENTO,103.76,02,RJ-CORE-01,BR,BR-3382382306,False,Brasil,0.05,False,False,-1.4309507307670093
TXN00003215,CLI001149,2023-03-13,AJUSTE,2902.96,10,SP-CORE-01,BR,BR-5906579123,False,Brasil,0.05,False,False,0.8893682640510868
TXN00003216,CLI000834,2023-12-25,PAGAMENTO,2681.65,10,MG-CORE-01,BR,BR-2891538480,False,Brasil,0.05,False,False,0.7252509111432817
TXN00003217,CLI000334,2023-04-16,PAGAMENTO,670.13,00,SP-CORE-01,BR,BR-2545798406,False,Brasil,0.05,False,False,-0.566265105849636
TXN00003218,CLI000165,2023-08-31,FATURA,686.97,01,BA-CORE-01,BR,BR-5188921469,False,Brasil,0.05,False,False,-0.10500636111692559
TXN00003219,CLI000418,2023-09-09,AJUSTE,437.59,01,MG-CORE-01,BR,BR-1855226225,False,Brasil,0.05,False,False,0.1810416594679484
TXN00003220,CLI000631,2023-08-26,AJUSTE,334.72,00,BA-CORE-01,BR,BR-2220204027,False,Brasil,0.05,False,False,0.03471154043512885
TXN00003221,CLI001097,2023-03-29,ESTORNO,-1430.18,02,SP-CORE-02,BR,BR-6043513610,False,Brasil,0.05,False,False,-1.1492937232608629
TXN00003222,CLI000040,2023-02-14,AJUSTE,2367.51,01,RJ-CORE-01,BR,BR-2056408479,False,Brasil,0.05,False,False,1.3576397177068114
TXN00003223,CLI000780,2023-05-25,FATURA,1268.6,10,MG-CORE-01,BR,BR-1841760174,False,Brasil,0.05,False,False,-0.40537426703521257
TXN00003224,CLI000754,2023-02-02,AJUSTE,2166.92,10,SP-CORE-02,BR,BR-1434608701,False,Brasil,0.05,False,False,0.5394697134758172
TXN00003225,CLI000570,2023-11-07,ESTORNO,1866.15,02,SP-CORE-02,BR,BR-5884423780,False,Brasil,0.05,False,False,0.8887402774432328
TXN00003226,CLI000229,2023-01-28,AJUSTE,2446.86,00,MG-CORE-01,BR,BR-4801095574,False,Brasil,0.05,False,False,1.1033851596823472
TXN00003227,CLI000556,2023-08-30,PAGAMENTO,1766.95,00,MG-CORE-01,BR,BR-6197929962,False,Brasil,0.05,False,False,0.30166977551805074
TXN00003228,CLI000518,2023-12-14,AJUSTE,416.36,00,SP-CORE-01,BR,BR-2959379885,False,Brasil,0.05,False,False,-0.39097993853666446
TXN00003229,CLI000920,2023-12-01,AJUSTE,1798.29,02,SP-CORE-01,BR,BR-4053473268,False,Brasil,0.05,False,False,-0.10081783459864839
TXN00003230,CLI000088,2023-02-28,FATURA,1676.32,01,MG-CORE-01,BR,BR-1508924953,False,Brasil,0.05,False,False,0.3459629830742829
TXN00003231,CLI000931,2023-01-25,PAGAMENTO,728.48,00,BA-CORE-01,BR,BR-1814502461,False,Brasil,0.05,False,False,-0.04200170352530171
TXN00003232,CLI001127,2023-07-25,AJUSTE,542.77,01,BA-CORE-01,BR,BR-7582272381,False,Brasil,0.05,False,False,-1.7237053715571136
TXN00003233,CLI000669,2023-11-30,AJUSTE,3048.01,02,RJ-CORE-01,BR,BR-8277194571,False,Brasil,0.05,False,False,1.2131691311783463
TXN00003234,CLI001040,2023-12-05,FATURA,2980.29,10,SP-CORE-02,BR,BR-3732213159,False,Brasil,0.05,False,False,0.856529366373769
TXN00003235,CLI001106,2023-10-17,ESTORNO,-659.8,10,RJ-CORE-01,BR,BR-4955723270,False,Brasil,0.05,False,False,-1.1027311806462405
TXN00003236,CLI000226,2023-08-05,FATURA,3280.97,00,BA-CORE-01,BR,BR-3522545423,False,Brasil,0.05,False,False,-0.41134750500641504
TXN00003237,CLI000068,2023-08-30,AJUSTE,1433.38,01,SP-CORE-01,BR,BR-5933057363,False,Brasil,0.05,False,False,-0.8668703598865827
TXN00003238,CLI000359,2023-01-09,AJUSTE,855.57,00,MG-CORE-01,BR,BR-2061594170,False,Brasil,0.05,False,False,0.10433388410467188
TXN00003239,CLI000448,2023-04-10,PAGAMENTO,2360.36,02,RJ-CORE-01,BR,BR-3100198814,False,Brasil,0.05,False,False,0.1979611781146098
TXN00003240,CLI000993,2023-11-01,ESTORNO,1347.57,01,RJ-CORE-01,BR,BR-4123723470,False,Brasil,0.05,False,False,-0.12324365346044536
TXN00003241,CLI000333,2023-02-11,FATURA,641.68,02,SP-CORE-02,BR,BR-8665078769,False,Brasil,0.05,False,False,-1.4670353291204326
TXN00003242,CLI000320,2023-04-21,ESTORNO,-230894.09,9A,SANTOS-PORT-07,PA,OFFSHORE-496903ZV,True,Panamá,0.9,True,True,-1.7885804724640118
TXN00003243,CLI000546,2023-08-23,AJUSTE,1287.53,00,SP-CORE-02,BR,BR-6166847778,False,Brasil,0.05,False,False,-0.8289619459319431
TXN00003244,CLI000772,2023-07-27,PAGAMENTO,2883.75,00,SP-CORE-02,BR,BR-4707279480,False,Brasil,0.05,False,False,1.1225897816675883
TXN00003245,CLI000652,2023-01-01,PAGAMENTO,478.87,02,SP-CORE-02,BR,BR-2700377445,False,Brasil,0.05,False,False,-0.5059900813834042
TXN00003246,CLI000871,2023-12-20,AJUSTE,1093.02,02,RJ-CORE-01,BR,BR-6609223166,False,Brasil,0.05,False,False,0.5490226262367291
TXN00003247,CLI000498,2023-09-14,ESTORNO,2643.57,10,RJ-CORE-01,BR,BR-9111943073,False,Brasil,0.05,False,False,0.7402528278101754
TXN00003248,CLI001168,2023-12-26,PAGAMENTO,966.48,01,SP-CORE-01,BR,BR-3454017128,False,Brasil,0.05,False,False,-1.2279269911789217
TXN00003249,CLI000842,2023-09-13,PAGAMENTO,885.72,02,RJ-CORE-01,BR,BR-6901746164,False,Brasil,0.05,False,False,-1.301587396054193
TXN00003250,CLI000781,2023-04-12,AJUSTE,3363.34,01,MG-CORE-01,BR,BR-3364602747,False,Brasil,0.05,False,False,1.1146441559720075
TXN00003251,CLI000151,2023-08-26,PAGAMENTO,2123.03,10,RJ-CORE-01,BR,BR-5655865464,False,Brasil,0.05,False,False,0.7071067811865476
TXN00003252,CLI000104,2023-07-10,AJUSTE,2043.54,10,SP-CORE-02,BR,BR-2510002930,False,Brasil,0.05,False,False,-0.3032009544783122
TXN00003253,CLI001155,2023-04-06,ESTORNO,2124.82,10,SP-CORE-02,BR,BR-3508098662,False,Brasil,0.05,False,False,0.5664700935073238
TXN00003254,CLI001166,2023-01-06,AJUSTE,1355.73,10,SP-CORE-01,BR,BR-7962682393,False,Brasil,0.05,False,False,0.4831262574852419
TXN00003255,CLI000317,2023-04-01,PAGAMENTO,678.22,02,MG-CORE-01,BR,BR-7125062918,False,Brasil,0.05,False,False,-0.7071067811865476
TXN00003256,CLI001055,2023-04-21,AJUSTE,1135.74,10,MG-CORE-01,BR,BR-7303083491,False,Brasil,0.05,False,False,-0.5378071859794762
TXN00003257,CLI000026,2023-12-30,PAGAMENTO,1744.1,01,RJ-CORE-01,BR,BR-7051406106,False,Brasil,0.05,False,False,-0.7071067811865479
TXN00003258,CLI000516,2023-03-04,ESTORNO,879.77,01,SP-CORE-01,BR,BR-8750287671,False,Brasil,0.05,False,False,0.7938134407062324
TXN00003259,CLI000317,2023-02-18,AJUSTE,1159.25,01,BA-CORE-01,BR,BR-6656559654,False,Brasil,0.05,False,False,0.7071067811865476
TXN00003260,CLI000610,2023-07-26,AJUSTE,54.26,00,SP-CORE-01,BR,BR-2642270644,False,Brasil,0.05,False,False,-0.2492703424015595
TXN00003261,CLI000138,2023-12-01,FATURA,3426.53,10,MG-CORE-01,BR,BR-6066196226,False,Brasil,0.05,False,False,0.7675727995396379
TXN00003262,CLI000616,2023-11-30,ESTORNO,-2321.45,00,RJ-CORE-01,BR,BR-6299089429,False,Brasil,0.05,False,False,-1.1522851911673493
TXN00003263,CLI001114,2023-01-09,FATURA,730.36,10,RJ-CORE-01,BR,BR-3771778007,False,Brasil,0.05,False,False,0.20133320987076161
TXN00003264,CLI000609,2023-03-09,PAGAMENTO,135.44,10,RJ-CORE-01,BR,BR-5648952124,False,Brasil,0.05,False,False,-0.08172934547248767
TXN00003265,CLI000675,2023-12-08,AJUSTE,3290.58,01,RJ-CORE-01,BR,BR-3764474604,False,Brasil,0.05,False,False,1.1904991742873519
TXN00003266,CLI000064,2023-01-29,AJUSTE,1824.69,01,RJ-CORE-01,BR,BR-8670267393,False,Brasil,0.05,False,False,-0.0520119441273678
TXN00003267,CLI001145,2023-08-07,PAGAMENTO,1509.81,00,BA-CORE-01,BR,BR-4979742135,False,Brasil,0.05,False,False,0.6558774922067802
TXN00003268,CLI001094,2023-03-06,PAGAMENTO,3205.5,00,RJ-CORE-01,BR,BR-1422663925,False,Brasil,0.05,False,False,0.9695842442815114
TXN00003269,CLI000919,2023-01-03,AJUSTE,316.41,02,SP-CORE-02,BR,BR-5601407544,False,Brasil,0.05,False,False,-1.1474921601615733
TXN00003270,CLI000984,2023-07-29,PAGAMENTO,369.75,10,BA-CORE-01,BR,BR-9754351898,False,Brasil,0.05,False,False,-1.0606853986846365
TXN00003271,CLI000508,2023-11-30,AJUSTE,3205.42,02,SP-CORE-01,BR,BR-6155277595,False,Brasil,0.05,False,False,1.142635004647615
TXN00003272,CLI000398,2023-09-09,ESTORNO,916.54,01,RJ-CORE-01,BR,BR-6709047877,False,Brasil,0.05,False,False,-0.7071067811865475
TXN00003273,CLI000107,2023-12-05,PAGAMENTO,2172.98,10,SP-CORE-01,BR,BR-2178816289,False,Brasil,0.05,False,False,0.11202950408833924
TXN00003274,CLI000717,2023-09-08,PAGAMENTO,1745.62,01,SP-CORE-01,BR,BR-5286358927,False,Brasil,0.05,False,False,-0.7071067811865476
TXN00003275,CLI000684,2023-04-26,FATURA,1478.27,01,SP-CORE-01,BR,BR-9213620437,False,Brasil,0.05,False,False,-0.964894813879407
TXN00003276,CLI000942,2023-10-30,FATURA,710.0,10,SP-CORE-02,BR,BR-6581198987,False,Brasil,0.05,False,False,-0.44959107910917334
TXN00003277,CLI000564,2023-04-08,FATURA,1057.98,01,RJ-CORE-01,BR,BR-8826756941,False,Brasil,0.05,False,False,-1.2589309127073796
TXN00003278,CLI000884,2023-05-27,PAGAMENTO,1933.83,00,RJ-CORE-01,BR,BR-3814528616,False,Brasil,0.05,False,False,0.33787403219150286
TXN00003279,CLI000646,2023-08-16,FATURA,2629.28,10,SP-CORE-02,BR,BR-2707272205,False,Brasil,0.05,False,False,-0.014810791912902053
TXN00003280,CLI000157,2023-01-03,FATURA,2427.56,10,MG-CORE-01,BR,BR-4217519234,False,Brasil,0.05,False,False,0.5290373213195242
TXN00003281,CLI000490,2023-08-30,FATURA,2211.96,02,SP-CORE-01,BR,BR-3037696779,False,Brasil,0.05,False,False,-1.0502431635663263
TXN00003282,CLI000786,2023-10-03,AJUSTE,2083.95,00,RJ-CORE-01,BR,BR-8548926007,False,Brasil,0.05,False,False,-1.078439398117705
TXN00003283,CLI001043,2023-05-11,AJUSTE,148.9,00,BA-CORE-01,BR,BR-7276670087,False,Brasil,0.05,False,False,-1.1353020804905964
TXN00003284,CLI000926,2023-06-26,FATURA,1225.18,00,SP-CORE-01,BR,BR-4401248572,False,Brasil,0.05,False,False,0.22556951433411704
TXN00003285,CLI000240,2023-05-19,ESTORNO,2519.73,10,RJ-CORE-01,BR,BR-6101762091,False,Brasil,0.05,False,False,0.4999932497587482
TXN00003286,CLI000584,2023-01-25,PAGAMENTO,2270.21,10,SP-CORE-01,BR,BR-8292602216,False,Brasil,0.05,False,False,-0.4388484462836278
TXN00003287,CLI000639,2023-10-28,FATURA,170957.08,9A,SANTOS-PORT-07,PA,OFFSHORE-459090GO,True,Panamá,0.9,True,True,1.499965061898552
TXN00003288,CLI001119,2023-10-04,FATURA,981.49,00,SP-CORE-02,BR,BR-4960579149,False,Brasil,0.05,False,False,-0.2713875000463467
TXN00003289,CLI000784,2023-04-02,AJUSTE,303.39,00,SP-CORE-02,BR,BR-9018466673,False,Brasil,0.05,False,False,-1.0232914978768908
TXN00003290,CLI000762,2023-03-24,PAGAMENTO,2689.79,00,SP-CORE-02,BR,BR-9504774466,False,Brasil,0.05,False,False,1.5635134917626887
TXN00003291,CLI001107,2023-12-17,PAGAMENTO,3320.85,00,MG-CORE-01,BR,BR-2677769486,False,Brasil,0.05,False,False,1.4157499765794215
TXN00003292,CLI000186,2023-03-19,FATURA,1383.26,01,BA-CORE-01,BR,BR-7590586868,False,Brasil,0.05,False,False,0.06168449203412493
TXN00003293,CLI000702,2023-05-25,PAGAMENTO,2428.33,01,SP-CORE-02,BR,BR-6103875769,False,Brasil,0.05,False,False,1.1410863468636845
TXN00003294,CLI000615,2023-03-09,PAGAMENTO,716.3,01,BA-CORE-01,BR,BR-5761565487,False,Brasil,0.05,False,False,-0.5032949013193206
TXN00003295,CLI001144,2023-01-11,ESTORNO,-1770.92,00,MG-CORE-01,BR,BR-9137862629,False,Brasil,0.05,False,False,-0.9209778231006722
TXN00003296,CLI000190,2023-01-22,PAGAMENTO,2096.1,00,SP-CORE-01,BR,BR-1400469224,False,Brasil,0.05,False,False,0.9434228340404726
TXN00003297,CLI000198,2023-04-24,ESTORNO,-294.44,01,SP-CORE-02,BR,BR-3374716512,False,Brasil,0.05,False,False,-0.7071067811865476
TXN00003298,CLI000818,2023-10-03,ESTORNO,-979.36,02,BA-CORE-01,BR,BR-3098578259,False,Brasil,0.05,False,False,-1.8864293662429035
TXN00003299,CLI000067,2023-04-06,AJUSTE,2310.33,00,BA-CORE-01,BR,BR-1801836494,False,Brasil,0.05,False,False,0.4653682444592041
TXN00003300,CLI000964,2023-08-21,ESTORNO,-2799.55,01,SP-CORE-02,BR,BR-9430997415,False,Brasil,0.05,False,False,-1.5092942441912354
TXN00003301,CLI000607,2023-09-01,FATURA,1681.38,02,RJ-CORE-01,BR,BR-2218987399,False,Brasil,0.05,False,False,0.40713209245472465
TXN00003302,CLI000403,2023-12-24,PAGAMENTO,3355.86,00,BA-CORE-01,BR,BR-6295864025,False,Brasil,0.05,False,False,1.0258785048643306
TXN00003303,CLI001173,2023-08-16,FATURA,2632.49,02,MG-CORE-01,BR,BR-5595526656,False,Brasil,0.05,False,False,0.4491106345938813
TXN00003304,CLI000271,2023-05-05,ESTORNO,2026.5,10,MG-CORE-01,BR,BR-5541726840,False,Brasil,0.05,False,False,0.3526776614680283
TXN00003305,CLI000476,2023-04-03,PAGAMENTO,883.73,10,SP-CORE-01,BR,BR-3227076636,False,Brasil,0.05,False,False,-0.7071067811865476
TXN00003306,CLI000034,2023-03-12,FATURA,2626.66,00,BA-CORE-01,BR,BR-6032953124,False,Brasil,0.05,False,False,-0.3668722946098668
TXN00003307,CLI000796,2023-07-11,AJUSTE,1711.84,10,SP-CORE-01,BR,BR-7059602873,False,Brasil,0.05,False,False,0.4866268320935748
TXN00003308,CLI000086,2023-01-25,PAGAMENTO,1170.64,00,MG-CORE-01,BR,BR-1475641654,False,Brasil,0.05,False,False,-0.3531979550259968
TXN00003309,CLI000265,2023-07-22,PAGAMENTO,850.7,00,RJ-CORE-01,BR,BR-7599015485,False,Brasil,0.05,False,False,-1.0291397393397
TXN00003310,CLI001117,2023-11-28,FATURA,2223.84,02,SP-CORE-01,BR,BR-5590302102,False,Brasil,0.05,False,False,0.29234634557478667
TXN00003311,CLI000338,2023-01-06,FATURA,3011.34,00,BA-CORE-01,BR,BR-4718151021,False,Brasil,0.05,False,False,1.0143845414573265
TXN00003312,CLI000048,2023-05-02,FATURA,2244.05,01,RJ-CORE-01,BR,BR-6178343325,False,Brasil,0.05,False,False,0.8076735891259953
TXN00003313,CLI000751,2023-06-23,ESTORNO,570.12,01,MG-CORE-01,BR,BR-3039164674,False,Brasil,0.05,False,False,0.047502225754393126
TXN00003314,CLI000102,2023-02-27,AJUSTE,2019.18,01,MG-CORE-01,BR,BR-9328604121,False,Brasil,0.05,False,False,0.0
TXN00003315,CLI000605,2023-01-23,PAGAMENTO,483.01,10,RJ-CORE-01,BR,BR-3523258748,False,Brasil,0.05,False,False,-1.1100358588364223
TXN00003316,CLI001141,2023-05-12,ESTORNO,-2843.39,01,SP-CORE-01,BR,BR-8236315216,False,Brasil,0.05,False,False,-1.404830699301592
TXN00003317,CLI001142,2023-12-22,ESTORNO,-1012.89,02,SP-CORE-02,BR,BR-2183009989,False,Brasil,0.05,False,False,-1.0513994271713514
TXN00003318,CLI001085,2023-11-19,FATURA,1972.49,10,RJ-CORE-01,BR,BR-5907824721,False,Brasil,0.05,False,False,-0.21076778041920097
TXN00003319,CLI000832,2023-05-26,AJUSTE,3104.38,02,RJ-CORE-01,BR,BR-4468468836,False,Brasil,0.05,False,False,1.215716526517066
TXN00003320,CLI001011,2023-03-27,AJUSTE,2097.97,02,SP-CORE-02,BR,BR-7553503798,False,Brasil,0.05,False,False,0.7006877814472381
TXN00003321,CLI000481,2023-01-27,PAGAMENTO,1115.84,10,MG-CORE-01,BR,BR-9071271723,False,Brasil,0.05,False,False,-0.812210122667066
TXN00003322,CLI000867,2023-02-22,PAGAMENTO,2841.79,01,RJ-CORE-01,BR,BR-7271530837,False,Brasil,0.05,False,False,0.6664654101872074
TXN00003323,CLI000832,2023-08-18,FATURA,56.49,10,SP-CORE-02,BR,BR-3474471345,False,Brasil,0.05,False,False,-1.2403064213479835
TXN00003324,CLI000748,2023-03-09,FATURA,704.66,00,RJ-CORE-01,BR,BR-4166639491,False,Brasil,0.05,False,False,-0.34720215050669223
TXN00003325,CLI000904,2023-02-06,FATURA,1323.12,01,SP-CORE-01,BR,BR-7254789317,False,Brasil,0.05,False,False,-0.3685968712290008
TXN00003326,CLI000193,2023-12-14,AJUSTE,2545.91,00,MG-CORE-01,BR,BR-6572499854,False,Brasil,0.05,False,False,1.2706416062627204
TXN00003327,CLI000368,2023-08-05,ESTORNO,-207.81,10,BA-CORE-01,BR,BR-6047128978,False,Brasil,0.05,False,False,-1.285993026826801
TXN00003328,CLI001162,2023-06-04,ESTORNO,-281.19,01,BA-CORE-01,BR,BR-2070025912,False,Brasil,0.05,False,False,-0.7720443659790064
TXN00003329,CLI000656,2023-01-29,ESTORNO,-2489.6,02,RJ-CORE-01,BR,BR-8444226103,False,Brasil,0.05,False,False,-1.7135411476780549
TXN00003330,CLI000164,2023-10-26,PAGAMENTO,209.36,10,SP-CORE-01,BR,BR-7261324224,False,Brasil,0.05,False,False,-0.7831724582121906
TXN00003331,CLI000440,2023-08-11,PAGAMENTO,3376.19,02,MG-CORE-01,BR,BR-3442183999,False,Brasil,0.05,False,False,0.9820994018357397
TXN00003332,CLI000399,2023-06-19,PAGAMENTO,1371.43,00,BA-CORE-01,BR,BR-5061696296,False,Brasil,0.05,False,False,-0.19267923783737498
TXN00003333,CLI000767,2023-11-07,ESTORNO,1742.24,10,MG-CORE-01,BR,BR-4738939076,False,Brasil,0.05,False,False,1.0416533455279013
TXN00003334,CLI000182,2023-01-26,PAGAMENTO,2706.55,01,MG-CORE-01,BR,BR-4935462811,False,Brasil,0.05,False,False,-0.24438748397856963
TXN00003335,CLI000738,2023-05-06,ESTORNO,-2997.27,00,BA-CORE-01,BR,BR-7414480314,False,Brasil,0.05,False,False,-1.8849111814526847
TXN00003336,CLI000982,2023-09-08,PAGAMENTO,861.8,01,SP-CORE-02,BR,BR-3374360561,False,Brasil,0.05,False,False,-0.45378058435935814
TXN00003337,CLI000082,2023-12-16,AJUSTE,483.75,10,RJ-CORE-01,BR,BR-9569818605,False,Brasil,0.05,False,False,-0.7173722721428875
TXN00003338,CLI000809,2023-10-15,AJUSTE,3227.03,02,SP-CORE-02,BR,BR-6695183060,False,Brasil,0.05,False,False,1.0214073386023832
TXN00003339,CLI000900,2023-07-12,PAGAMENTO,2168.24,01,RJ-CORE-01,BR,BR-2936755326,False,Brasil,0.05,False,False,0.03419164468947696
TXN00003340,CLI000693,2023-05-02,PAGAMENTO,2184.38,01,SP-CORE-02,BR,BR-2085624355,False,Brasil,0.05,False,False,1.0009281125374567
TXN00003341,CLI000193,2023-01-24,AJUSTE,495.58,01,SP-CORE-01,BR,BR-3173530799,False,Brasil,0.05,False,False,-0.3940849316374808
TXN00003342,CLI000359,2023-12-19,ESTORNO,-3470.68,00,MG-CORE-01,BR,BR-2984994253,False,Brasil,0.05,False,False,-1.825746830278692
TXN00003343,CLI001076,2023-05-31,ESTORNO,501.28,02,MG-CORE-01,BR,BR-9904306832,False,Brasil,0.05,False,False,0.3984827481578782
TXN00003344,CLI000173,2023-11-08,AJUSTE,51.64,10,RJ-CORE-01,BR,BR-8515059507,False,Brasil,0.05,False,False,-0.7071067811865475
TXN00003345,CLI000907,2023-05-18,ESTORNO,2421.35,01,MG-CORE-01,BR,BR-6932017991,False,Brasil,0.05,False,False,0.4077690144171386
TXN00003346,CLI000255,2023-08-12,ESTORNO,1998.01,00,SP-CORE-02,BR,BR-8498830090,False,Brasil,0.05,False,False,0.12356146928832883
TXN00003347,CLI000438,2023-01-02,FATURA,2513.84,10,RJ-CORE-01,BR,BR-4675517676,False,Brasil,0.05,False,False,1.5408921050157685
TXN00003348,CLI001010,2023-04-05,AJUSTE,2711.63,10,SP-CORE-02,BR,BR-2703703278,False,Brasil,0.05,False,False,1.603296602667983
TXN00003349,CLI001037,2023-08-28,PAGAMENTO,1644.68,01,SP-CORE-01,BR,BR-5341083932,False,Brasil,0.05,False,False,-0.3043835827524577
TXN00003350,CLI000908,2023-07-23,FATURA,1418.3,02,MG-CORE-01,BR,BR-4939073335,False,Brasil,0.05,False,False,-0.39479467833120035
TXN00003351,CLI000071,2023-04-17,FATURA,1963.62,00,SP-CORE-02,BR,BR-8510506350,False,Brasil,0.05,False,False,1.1484824293140006
TXN00003352,CLI000077,2023-11-11,ESTORNO,-1109.91,02,SP-CORE-02,BR,BR-7376992353,False,Brasil,0.05,False,False,-2.0328216143381255
TXN00003353,CLI000554,2023-12-29,PAGAMENTO,1055.34,00,SP-CORE-02,BR,BR-1293076437,False,Brasil,0.05,False,False,-0.4540619355356058
TXN00003354,CLI001037,2023-12-12,FATURA,2275.05,10,MG-CORE-01,BR,BR-9375265373,False,Brasil,0.05,False,False,0.27366416472722005
TXN00003355,CLI000005,2023-08-08,AJUSTE,1597.98,01,RJ-CORE-01,BR,BR-5897361184,False,Brasil,0.05,False,False,-0.00506603995531693
TXN00003356,CLI000391,2023-03-23,PAGAMENTO,68.0,00,SP-CORE-02,BR,BR-8818673092,False,Brasil,0.05,False,False,-0.08862154299341668
TXN00003357,CLI000580,2023-11-21,ESTORNO,2967.38,10,RJ-CORE-01,BR,BR-4614483566,False,Brasil,0.05,False,False,1.1388270316284763
TXN00003358,CLI000214,2023-05-17,PAGAMENTO,1116.41,10,BA-CORE-01,BR,BR-9667528031,False,Brasil,0.05,False,False,-1.3485220845179786
TXN00003359,CLI000569,2023-10-28,AJUSTE,2452.46,10,BA-CORE-01,BR,BR-1431709168,False,Brasil,0.05,False,False,-0.12340145625168096
TXN00003360,CLI000646,2023-05-12,FATURA,2103.62,10,SP-CORE-01,BR,BR-2263341689,False,Brasil,0.05,False,False,-1.2025210706217186
TXN00003361,CLI000894,2023-01-08,ESTORNO,3036.38,01,SP-CORE-02,BR,BR-2678685838,False,Brasil,0.05,False,False,0.6875137392455762
TXN00003362,CLI000208,2023-04-21,ESTORNO,463.91,01,BA-CORE-01,BR,BR-9923160916,False,Brasil,0.05,False,False,-0.3139171579633265
TXN00003363,CLI000591,2023-02-21,AJUSTE,566.18,00,SP-CORE-01,BR,BR-4279590011,False,Brasil,0.05,False,False,-0.9083926298017742
TXN00003364,CLI000895,2023-04-27,ESTORNO,895.14,00,SP-CORE-01,BR,BR-8204305733,False,Brasil,0.05,False,False,-0.6854241596556977
TXN00003365,CLI000354,2023-03-12,AJUSTE,3185.47,02,MG-CORE-01,BR,BR-5954229656,False,Brasil,0.05,False,False,0.7071067811865475
TXN00003366,CLI000132,2023-06-24,AJUSTE,1403.97,10,BA-CORE-01,BR,BR-2537971916,False,Brasil,0.05,False,False,0.479881283710648
TXN00003367,CLI001120,2023-03-07,AJUSTE,733.5,10,SP-CORE-01,BR,BR-6223395333,False,Brasil,0.05,False,False,0.1570626318605567
TXN00003368,CLI000410,2023-02-04,ESTORNO,1370.01,00,MG-CORE-01,BR,BR-3992485680,False,Brasil,0.05,False,False,-0.7628611374078986
TXN00003369,CLI001178,2023-10-22,ESTORNO,2255.67,10,RJ-CORE-01,BR,BR-4852628125,False,Brasil,0.05,False,False,0.5489523103611965
TXN00003370,CLI000552,2023-07-20,ESTORNO,105.26,02,BA-CORE-01,BR,BR-6619209856,False,Brasil,0.05,False,False,-0.3406966161653761
TXN00003371,CLI000911,2023-04-09,PAGAMENTO,3094.91,01,SP-CORE-01,BR,BR-9815056399,False,Brasil,0.05,False,False,1.2634028238789359
TXN00003372,CLI000122,2023-04-14,AJUSTE,1394.5,00,SP-CORE-01,BR,BR-1020039169,False,Brasil,0.05,False,False,0.42103864837512317
TXN00003373,CLI000203,2023-08-02,AJUSTE,311.19,10,SP-CORE-02,BR,BR-8612441673,False,Brasil,0.05,False,False,-1.527921434095146
TXN00003374,CLI000833,2023-06-15,PAGAMENTO,1260.02,02,MG-CORE-01,BR,BR-4294730573,False,Brasil,0.05,False,False,0.1279830073169484
TXN00003375,CLI000735,2023-06-19,ESTORNO,1757.43,10,RJ-CORE-01,BR,BR-4989253906,False,Brasil,0.05,False,False,0.21864173086467173
TXN00003376,CLI000883,2023-06-30,PAGAMENTO,367.57,01,RJ-CORE-01,BR,BR-2024522901,False,Brasil,0.05,False,False,0.0
TXN00003377,CLI000850,2023-01-03,ESTORNO,-43.83,10,BA-CORE-01,BR,BR-1392501735,False,Brasil,0.05,False,False,-0.4538288256946187
TXN00003378,CLI000784,2023-05-30,AJUSTE,2397.86,02,SP-CORE-01,BR,BR-2811113558,False,Brasil,0.05,False,False,1.300110708055282
TXN00003379,CLI000533,2023-05-11,ESTORNO,1151.33,01,SP-CORE-02,BR,BR-5248970908,False,Brasil,0.05,False,False,0.35680625820729306
TXN00003380,CLI000295,2023-09-20,FATURA,2068.77,10,RJ-CORE-01,BR,BR-3873116056,False,Brasil,0.05,False,False,0.5358975752066635
TXN00003381,CLI000478,2023-04-14,AJUSTE,1861.91,10,SP-CORE-01,BR,BR-4789389791,False,Brasil,0.05,False,False,0.33258695580406816
TXN00003382,CLI000837,2023-08-29,ESTORNO,3038.08,00,MG-CORE-01,BR,BR-1717462505,False,Brasil,0.05,False,False,0.8313559943984448
TXN00003383,CLI000435,2023-01-24,AJUSTE,3089.0,02,RJ-CORE-01,BR,BR-6700029200,False,Brasil,0.05,False,False,-0.4369294056296533
TXN00003384,CLI001096,2023-02-01,PAGAMENTO,623.29,02,SP-CORE-01,BR,BR-7621562469,False,Brasil,0.05,False,False,-0.3853152566273942
TXN00003385,CLI000552,2023-01-16,AJUSTE,3441.26,02,SP-CORE-01,BR,BR-9327611847,False,Brasil,0.05,False,False,-0.21728218231269472
TXN00003386,CLI000993,2023-10-26,FATURA,2700.15,00,BA-CORE-01,BR,BR-1518849078,False,Brasil,0.05,False,False,1.0559096378851678
TXN00003387,CLI000551,2023-03-11,PAGAMENTO,2945.63,02,SP-CORE-02,BR,BR-1918178072,False,Brasil,0.05,False,False,1.0324374009913313
TXN00003388,CLI000612,2023-04-18,FATURA,1281.77,02,BA-CORE-01,BR,BR-6826450975,False,Brasil,0.05,False,False,1.1606664961915998
TXN00003389,CLI001044,2023-01-22,ESTORNO,-1634.85,02,MG-CORE-01,BR,BR-1745698933,False,Brasil,0.05,False,False,0.40449003227008506
TXN00003390,CLI000039,2023-10-21,FATURA,1140.1,01,BA-CORE-01,BR,BR-2358241431,False,Brasil,0.05,False,False,-0.6587681563095054
TXN00003391,CLI000514,2023-10-27,ESTORNO,-2902.79,00,SP-CORE-02,BR,BR-2671543978,False,Brasil,0.05,False,False,-1.5565515169070148
TXN00003392,CLI001087,2023-03-17,ESTORNO,-2284.34,00,SP-CORE-02,BR,BR-2970427638,False,Brasil,0.05,False,False,0.355629626465549
TXN00003393,CLI000640,2023-06-20,AJUSTE,1831.63,00,MG-CORE-01,BR,BR-9873472374,False,Brasil,0.05,False,False,0.23526696155038168
TXN00003394,CLI000586,2023-01-21,AJUSTE,811.2,10,MG-CORE-01,BR,BR-8795730263,False,Brasil,0.05,False,False,-0.17568740788650763
TXN00003395,CLI000137,2023-08-24,PAGAMENTO,1281.76,02,SP-CORE-01,BR,BR-2584756879,False,Brasil,0.05,False,False,-0.1737464590072848
TXN00003396,CLI001026,2023-05-17,PAGAMENTO,3477.14,01,SP-CORE-02,BR,BR-6233679020,False,Brasil,0.05,False,False,1.2625731787929397
TXN00003397,CLI000218,2023-11-07,AJUSTE,1133.6,10,BA-CORE-01,BR,BR-7867090481,False,Brasil,0.05,False,False,-0.4669051339673444
TXN00003398,CLI000064,2023-03-23,PAGAMENTO,871.53,01,SP-CORE-02,BR,BR-6031378588,False,Brasil,0.05,False,False,-0.8684184951685946
TXN00003399,CLI000985,2023-10-08,ESTORNO,-1331.07,02,SP-CORE-02,BR,BR-5119022697,False,Brasil,0.05,False,False,-1.6278611208006912
TXN00003400,CLI000373,2023-09-22,ESTORNO,-750.06,10,SP-CORE-02,BR,BR-7871377065,False,Brasil,0.05,False,False,-0.6405075953000876
TXN00003401,CLI001085,2023-12-03,AJUSTE,3383.79,00,RJ-CORE-01,BR,BR-8285619035,False,Brasil,0.05,False,False,1.0356587210342756
TXN00003402,CLI000782,2023-08-28,FATURA,1902.27,01,RJ-CORE-01,BR,BR-3979507921,False,Brasil,0.05,False,False,0.16144636845170363
TXN00003403,CLI000048,2023-06-24,ESTORNO,1979.68,10,BA-CORE-01,BR,BR-2426129087,False,Brasil,0.05,False,False,0.6034873787024756
TXN00003404,CLI000971,2023-03-20,PAGAMENTO,839.77,10,SP-CORE-02,BR,BR-3070734230,False,Brasil,0.05,False,False,0.7071067811865476
TXN00003405,CLI000467,2023-08-19,FATURA,2193.86,00,SP-CORE-02,BR,BR-2439265956,False,Brasil,0.05,False,False,0.5056363048960011
TXN00003406,CLI000648,2023-12-14,PAGAMENTO,2899.79,00,SP-CORE-01,BR,BR-7807681712,False,Brasil,0.05,False,False,1.138261021626891
TXN00003407,CLI000955,2023-10-05,ESTORNO,-2204.35,10,SP-CORE-01,BR,BR-5245063515,False,Brasil,0.05,False,False,-1.3269535202085672
TXN00003408,CLI000862,2023-10-25,PAGAMENTO,1143.9,02,SP-CORE-01,BR,BR-1999034756,False,Brasil,0.05,False,False,-0.7071067811865474
TXN00003409,CLI000082,2023-06-10,PAGAMENTO,1112.28,00,BA-CORE-01,BR,BR-4851638315,False,Brasil,0.05,False,False,0.1351060531319871
TXN00003410,CLI000133,2023-04-18,PAGAMENTO,1630.44,00,RJ-CORE-01,BR,BR-2326494754,False,Brasil,0.05,False,False,0.19720143185079334
TXN00003411,CLI000800,2023-09-10,ESTORNO,2116.8,02,RJ-CORE-01,BR,BR-8464280728,False,Brasil,0.05,False,False,-0.6416357773661854
TXN00003412,CLI001128,2023-07-27,AJUSTE,2897.17,01,BA-CORE-01,BR,BR-4252345725,False,Brasil,0.05,False,False,0.7071067811865476
TXN00003413,CLI000981,2023-07-30,PAGAMENTO,734.66,00,SP-CORE-02,BR,BR-3661875683,False,Brasil,0.05,False,False,-0.2686451406348268
TXN00003414,CLI000235,2023-02-10,PAGAMENTO,545.26,10,SP-CORE-01,BR,BR-1257367403,False,Brasil,0.05,False,False,-1.0270782741693065
TXN00003415,CLI000205,2023-11-20,FATURA,2977.04,00,BA-CORE-01,BR,BR-6903534019,False,Brasil,0.05,False,False,0.800658765709922
TXN00003416,CLI000275,2023-10-18,AJUSTE,2271.7,10,SP-CORE-01,BR,BR-2273950560,False,Brasil,0.05,False,False,0.0
TXN00003417,CLI000076,2023-11-29,FATURA,2899.77,00,MG-CORE-01,BR,BR-5946387490,False,Brasil,0.05,False,False,0.7163377370385687
TXN00003418,CLI000301,2023-01-25,FATURA,1602.29,01,SP-CORE-02,BR,BR-1162808124,False,Brasil,0.05,False,False,0.10525195931784875
TXN00003419,CLI001048,2023-07-18,AJUSTE,1945.41,01,SP-CORE-02,BR,BR-9357475916,False,Brasil,0.05,False,False,0.396548741537001
TXN00003420,CLI000648,2023-12-05,PAGAMENTO,1077.18,10,SP-CORE-01,BR,BR-2411712184,False,Brasil,0.05,False,False,-0.8640127586866696
TXN00003421,CLI000848,2023-08-04,FATURA,1728.09,10,BA-CORE-01,BR,BR-6489511283,False,Brasil,0.05,False,False,0.3537755356644129
TXN00003422,CLI000906,2023-04-08,AJUSTE,1197.35,10,SP-CORE-01,BR,BR-4266296360,False,Brasil,0.05,False,False,-1.3331123115649628
TXN00003423,CLI000675,2023-02-21,AJUSTE,2685.48,01,SP-CORE-01,BR,BR-9493587758,False,Brasil,0.05,False,False,0.5409009251699208
TXN00003424,CLI000192,2023-11-20,ESTORNO,-168.62,02,MG-CORE-01,BR,BR-1101762093,False,Brasil,0.05,False,False,-1.6767003719064835
TXN00003425,CLI000574,2023-11-13,PAGAMENTO,2120.19,01,BA-CORE-01,BR,BR-6717762282,False,Brasil,0.05,False,False,-0.29644913804865236
TXN00003426,CLI000632,2023-01-23,ESTORNO,-1102.91,01,SP-CORE-01,BR,BR-2040451458,False,Brasil,0.05,False,False,-1.3743185841721075
TXN00003427,CLI000661,2023-01-27,PAGAMENTO,2286.87,00,SP-CORE-02,BR,BR-3316326341,False,Brasil,0.05,False,False,0.9751489220132898
TXN00003428,CLI000806,2023-04-12,FATURA,1414.08,10,SP-CORE-01,BR,BR-4090238502,False,Brasil,0.05,False,False,0.8329710880629848
TXN00003429,CLI000915,2023-01-20,FATURA,2048.07,10,MG-CORE-01,BR,BR-2381420377,False,Brasil,0.05,False,False,-0.07862747608641206
TXN00003430,CLI000874,2023-03-14,FATURA,827.78,02,RJ-CORE-01,BR,BR-1025953043,False,Brasil,0.05,False,False,-0.507362922703076
TXN00003431,CLI000475,2023-05-15,ESTORNO,-1453.81,10,BA-CORE-01,BR,BR-9031016497,False,Brasil,0.05,False,False,-1.4233330276932568
TXN00003432,CLI000447,2023-08-07,PAGAMENTO,3339.15,00,SP-CORE-01,BR,BR-1826632812,False,Brasil,0.05,False,False,0.7071067811865476
TXN00003433,CLI000427,2023-11-10,AJUSTE,1131.16,01,MG-CORE-01,BR,BR-1877118282,False,Brasil,0.05,False,False,-1.0576340400131308
TXN00003434,CLI000329,2023-07-01,FATURA,2046.38,10,RJ-CORE-01,BR,BR-1394103590,False,Brasil,0.05,False,False,0.48628042635371815
TXN00003435,CLI001146,2023-12-06,AJUSTE,1548.35,00,BA-CORE-01,BR,BR-5002105043,False,Brasil,0.05,False,False,-0.5549226047035083
TXN00003436,CLI000755,2023-12-30,AJUSTE,151.36,00,RJ-CORE-01,BR,BR-5630681326,False,Brasil,0.05,False,False,-0.7071067811865476
TXN00003437,CLI000186,2023-11-25,ESTORNO,-140560.64,9A,SANTOS-PORT-07,KY,OFFSHORE-662776XO,True,Ilhas Cayman,0.95,True,True,-1.6876250405188644
TXN00003438,CLI000507,2023-07-10,PAGAMENTO,260.02,02,RJ-CORE-01,BR,BR-8451459487,False,Brasil,0.05,False,False,-0.9725406921129479
TXN00003439,CLI000598,2023-07-19,PAGAMENTO,103.4,10,SP-CORE-02,BR,BR-4265568728,False,Brasil,0.05,False,False,0.7071067811865475
TXN00003440,CLI000708,2023-08-30,PAGAMENTO,2487.39,10,SP-CORE-02,BR,BR-8703275529,False,Brasil,0.05,False,False,0.7048011307999436
TXN00003441,CLI000236,2023-10-06,ESTORNO,1006.36,00,MG-CORE-01,BR,BR-6933150768,False,Brasil,0.05,False,False,-0.8696441001771985
TXN00003442,CLI000340,2023-02-02,PAGAMENTO,1558.0,02,SP-CORE-01,BR,BR-4668083380,False,Brasil,0.05,False,False,-0.7071067811865476
TXN00003443,CLI000148,2023-09-20,FATURA,2332.13,10,BA-CORE-01,BR,BR-9252919252,False,Brasil,0.05,False,False,0.0
TXN00003444,CLI000120,2023-02-20,ESTORNO,-813.18,02,RJ-CORE-01,BR,BR-4120930408,False,Brasil,0.05,False,False,-1.9551089836117452
TXN00003445,CLI000264,2023-10-15,ESTORNO,-727.82,10,MG-CORE-01,BR,BR-6400026847,False,Brasil,0.05,False,False,-1.4140321893500931
TXN00003446,CLI000311,2023-10-02,AJUSTE,1429.64,01,SP-CORE-02,BR,BR-7286334202,False,Brasil,0.05,False,False,-0.3048753351323695
TXN00003447,CLI000788,2023-11-21,PAGAMENTO,1230.63,00,BA-CORE-01,BR,BR-7243177797,False,Brasil,0.05,False,False,0.15952872532926077
TXN00003448,CLI000927,2023-03-01,AJUSTE,1961.25,01,MG-CORE-01,BR,BR-7897826389,False,Brasil,0.05,False,False,0.35290346503858405
TXN00003449,CLI000892,2023-03-05,PAGAMENTO,2107.25,10,MG-CORE-01,BR,BR-5603945749,False,Brasil,0.05,False,False,0.4558272944137313
TXN00003450,CLI000570,2023-01-01,FATURA,505.63,02,MG-CORE-01,BR,BR-3015449824,False,Brasil,0.05,False,False,0.09631745908826304
TXN00003451,CLI000551,2023-01-17,AJUSTE,487.81,01,SP-CORE-02,BR,BR-1814436678,False,Brasil,0.05,False,False,-1.3569649463763844
TXN00003452,CLI001135,2023-02-07,FATURA,3150.76,01,MG-CORE-01,BR,BR-8410301978,False,Brasil,0.05,False,False,0.8304946767320119
TXN00003453,CLI000927,2023-08-04,AJUSTE,1719.01,00,SP-CORE-01,BR,BR-7405744932,False,Brasil,0.05,False,False,0.18087137035470052
TXN00003454,CLI000247,2023-06-17,FATURA,541.03,02,RJ-CORE-01,BR,BR-9270780160,False,Brasil,0.05,False,False,-0.7799944513962901
TXN00003455,CLI000718,2023-05-31,ESTORNO,113.62,01,SP-CORE-02,BR,BR-9333460559,False,Brasil,0.05,False,False,-1.154574292843268
TXN00003456,CLI000630,2023-08-23,FATURA,1078.08,10,RJ-CORE-01,BR,BR-6897612430,False,Brasil,0.05,False,False,0.19158069305951114
TXN00003457,CLI001003,2023-07-12,AJUSTE,381015.76,9A,SANTOS-PORT-07,PA,OFFSHORE-633705PJ,True,Panamá,0.9,True,True,1.499999829641677
TXN00003458,CLI000686,2023-07-14,AJUSTE,779.28,02,MG-CORE-01,BR,BR-3905225852,False,Brasil,0.05,False,False,-0.17181707303201182
TXN00003459,CLI000539,2023-10-26,ESTORNO,-2657.61,01,MG-CORE-01,BR,BR-3771686437,False,Brasil,0.05,False,False,-1.2305265568186317
TXN00003460,CLI000663,2023-06-02,FATURA,2135.34,00,SP-CORE-02,BR,BR-3925158297,False,Brasil,0.05,False,False,0.4438453310727442
TXN00003461,CLI000427,2023-04-02,FATURA,2605.47,02,RJ-CORE-01,BR,BR-2092158809,False,Brasil,0.05,False,False,0.93013693983877
TXN00003462,CLI000370,2023-05-28,ESTORNO,-3240.25,02,BA-CORE-01,BR,BR-4614283282,False,Brasil,0.05,False,False,-1.805462665866618
TXN00003463,CLI000136,2023-10-21,AJUSTE,80293.64,4F,SANTOS-PORT-07,KY,OFFSHORE-611952AD,True,Ilhas Cayman,0.95,True,True,2.2657756998862104
TXN00003464,CLI000406,2023-07-04,ESTORNO,-980.46,00,RJ-CORE-01,BR,BR-8508849470,False,Brasil,0.05,False,False,-1.6095431658888566
TXN00003465,CLI001078,2023-07-03,AJUSTE,342.93,02,BA-CORE-01,BR,BR-8297188067,False,Brasil,0.05,False,False,-0.9756100033582246
TXN00003466,CLI000017,2023-10-29,PAGAMENTO,2887.17,01,SP-CORE-01,BR,BR-3111935339,False,Brasil,0.05,False,False,1.9774944521731632
TXN00003467,CLI000892,2023-01-08,ESTORNO,-2049.41,02,SP-CORE-02,BR,BR-1416056343,False,Brasil,0.05,False,False,-1.7639384234366446
TXN00003468,CLI001029,2023-02-18,PAGAMENTO,1808.14,00,BA-CORE-01,BR,BR-2850914417,False,Brasil,0.05,False,False,0.8939783585054303
TXN00003469,CLI000640,2023-01-31,FATURA,367.67,10,SP-CORE-02,BR,BR-6052605096,False,Brasil,0.05,False,False,-1.2548075960844083
TXN00003470,CLI000469,2023-10-26,AJUSTE,313.39,00,SP-CORE-01,BR,BR-1576951818,False,Brasil,0.05,False,False,-1.050126164854263
TXN00003471,CLI000996,2023-09-04,PAGAMENTO,1881.32,01,SP-CORE-01,BR,BR-3089378173,False,Brasil,0.05,False,False,0.24996772016869648
TXN00003472,CLI001075,2023-10-08,FATURA,1607.25,00,BA-CORE-01,BR,BR-5768436968,False,Brasil,0.05,False,False,0.12085935919132791
TXN00003473,CLI001123,2023-08-05,ESTORNO,-1068.15,02,MG-CORE-01,BR,BR-1912995701,False,Brasil,0.05,False,False,-1.5029783131568437
TXN00003474,CLI000763,2023-03-15,FATURA,3025.76,01,SP-CORE-02,BR,BR-1863034397,False,Brasil,0.05,False,False,0.722994234265308
TXN00003475,CLI000379,2023-04-02,ESTORNO,-2479.42,01,SP-CORE-01,BR,BR-4220863567,False,Brasil,0.05,False,False,0.4636856962217979
TXN00003476,CLI000039,2023-01-28,AJUSTE,663.87,10,RJ-CORE-01,BR,BR-6119106378,False,Brasil,0.05,False,False,-1.0699216077547513
TXN00003477,CLI000056,2023-03-12,ESTORNO,605.33,00,SP-CORE-01,BR,BR-9038527558,False,Brasil,0.05,False,False,-0.43880055408068325
TXN00003478,CLI000525,2023-07-29,PAGAMENTO,1691.79,00,RJ-CORE-01,BR,BR-3733461689,False,Brasil,0.05,False,False,-0.7071067811865476
TXN00003479,CLI000512,2023-10-29,ESTORNO,-1991.04,00,SP-CORE-01,BR,BR-5637747791,False,Brasil,0.05,False,False,-1.5503142043008102
TXN00003480,CLI000077,2023-09-23,AJUSTE,509.46,01,SP-CORE-02,BR,BR-5663076330,False,Brasil,0.05,False,False,-0.7440662667312871
TXN00003481,CLI000097,2023-06-13,FATURA,827.73,01,SP-CORE-02,BR,BR-5830470599,False,Brasil,0.05,False,False,-0.8045722871329699
TXN00003482,CLI000155,2023-07-13,ESTORNO,506.64,00,SP-CORE-01,BR,BR-5570972363,False,Brasil,0.05,False,False,-0.7338144701298401
TXN00003483,CLI001180,2023-04-17,FATURA,910.97,02,SP-CORE-02,BR,BR-9717351872,False,Brasil,0.05,False,False,-0.06927804100729525
TXN00003484,CLI001059,2023-04-09,FATURA,812.83,01,RJ-CORE-01,BR,BR-6303340258,False,Brasil,0.05,False,False,0.39989788076059757
TXN00003485,CLI000521,2023-03-01,PAGAMENTO,2792.19,01,SP-CORE-02,BR,BR-4266466941,False,Brasil,0.05,False,False,1.1453636991418081
TXN00003486,CLI001026,2023-07-30,ESTORNO,-2383.88,02,SP-CORE-02,BR,BR-1040830454,False,Brasil,0.05,False,False,-1.4116999733567699
TXN00003487,CLI000877,2023-06-02,PAGAMENTO,2708.35,02,BA-CORE-01,BR,BR-5102611752,False,Brasil,0.05,False,False,0.8953714153236828
TXN00003488,CLI000549,2023-03-30,FATURA,937.71,10,MG-CORE-01,BR,BR-1179784541,False,Brasil,0.05,False,False,-0.7207343820312638
TXN00003489,CLI000930,2023-01-28,AJUSTE,2559.3,02,SP-CORE-02,BR,BR-4400697308,False,Brasil,0.05,False,False,1.153897353022744
TXN00003490,CLI001127,2023-11-17,PAGAMENTO,3169.09,01,RJ-CORE-01,BR,BR-7382004228,False,Brasil,0.05,False,False,0.8433935251793652
TXN00003491,CLI000189,2023-04-01,ESTORNO,2183.97,01,RJ-CORE-01,BR,BR-8545878040,False,Brasil,0.05,False,False,0.5132821454927845
TXN00003492,CLI001153,2023-12-19,ESTORNO,637.92,10,MG-CORE-01,BR,BR-7890723343,False,Brasil,0.05,False,False,-0.05077559934215998
TXN00003493,CLI000505,2023-05-17,FATURA,1717.98,10,SP-CORE-02,BR,BR-6740439400,False,Brasil,0.05,False,False,0.6409510546981668
TXN00003494,CLI000546,2023-11-14,FATURA,3208.11,10,RJ-CORE-01,BR,BR-7006388717,False,Brasil,0.05,False,False,0.7361972246560614
TXN00003495,CLI000327,2023-07-09,PAGAMENTO,782.73,10,BA-CORE-01,BR,BR-3623404941,False,Brasil,0.05,False,False,-1.0070298664658124
TXN00003496,CLI000478,2023-08-15,ESTORNO,2725.54,02,MG-CORE-01,BR,BR-9483870638,False,Brasil,0.05,False,False,1.1627794442711648
TXN00003497,CLI000695,2023-04-17,ESTORNO,1972.95,10,SP-CORE-02,BR,BR-9044806328,False,Brasil,0.05,False,False,-0.2772289610388146
TXN00003498,CLI000309,2023-03-20,AJUSTE,1027.93,10,MG-CORE-01,BR,BR-4462904162,False,Brasil,0.05,False,False,-0.48705054443726287
TXN00003499,CLI000857,2023-02-22,ESTORNO,1198.87,00,SP-CORE-02,BR,BR-5308215823,False,Brasil,0.05,False,False,0.40884313037824305
TXN00003500,CLI000436,2023-11-17,AJUSTE,1923.74,01,RJ-CORE-01,BR,BR-4973004177,False,Brasil,0.05,False,False,0.43175006815691674
TXN00003501,CLI000208,2023-07-30,ESTORNO,-1928.88,10,SP-CORE-02,BR,BR-9700231170,False,Brasil,0.05,False,False,-0.3531407511869733
TXN00003502,CLI001119,2023-10-03,PAGAMENTO,531.96,10,BA-CORE-01,BR,BR-7574002953,False,Brasil,0.05,False,False,-0.6606015953738509
TXN00003503,CLI000208,2023-08-01,FATURA,354.71,01,BA-CORE-01,BR,BR-6362428326,False,Brasil,0.05,False,False,-0.3157072090668593
TXN00003504,CLI000502,2023-09-21,PAGAMENTO,2302.11,10,SP-CORE-01,BR,BR-9030957760,False,Brasil,0.05,False,False,0.5163063189823046
TXN00003505,CLI000121,2023-09-12,FATURA,2826.28,10,SP-CORE-02,BR,BR-7506506106,False,Brasil,0.05,False,False,0.6250509777490938
TXN00003506,CLI001099,2023-12-20,PAGAMENTO,597.84,00,SP-CORE-01,BR,BR-3835659453,False,Brasil,0.05,False,False,-0.3020495283931396
TXN00003507,CLI000792,2023-09-04,PAGAMENTO,3357.06,00,BA-CORE-01,BR,BR-2383767931,False,Brasil,0.05,False,False,1.4052382653374538
TXN00003508,CLI000403,2023-10-21,ESTORNO,-743.86,01,SP-CORE-01,BR,BR-8017020095,False,Brasil,0.05,False,False,-1.3275461553470465
TXN00003509,CLI000337,2023-08-15,ESTORNO,1401.07,02,RJ-CORE-01,BR,BR-4751372582,False,Brasil,0.05,False,False,-0.8345845343325712
TXN00003510,CLI000223,2023-12-26,PAGAMENTO,1051.95,10,SP-CORE-02,BR,BR-8455260207,False,Brasil,0.05,False,False,-0.7071067811865469
TXN00003511,CLI000810,2023-03-13,PAGAMENTO,2623.22,02,SP-CORE-01,BR,BR-8206651996,False,Brasil,0.05,False,False,0.8592054564412418
TXN00003512,CLI000785,2023-09-16,ESTORNO,2965.75,00,SP-CORE-01,BR,BR-7376034192,False,Brasil,0.05,False,False,0.8547201126103251
TXN00003513,CLI001128,2023-10-18,ESTORNO,-1621.37,10,MG-CORE-01,BR,BR-4410033885,False,Brasil,0.05,False,False,-0.7071067811865476
TXN00003514,CLI000798,2023-04-22,AJUSTE,1163.66,00,SP-CORE-01,BR,BR-6791050254,False,Brasil,0.05,False,False,-0.6813574812694065
TXN00003515,CLI000506,2023-03-28,FATURA,1237.67,00,SP-CORE-01,BR,BR-6947922164,False,Brasil,0.05,False,False,-0.1323161491902514
TXN00003516,CLI000557,2023-10-27,ESTORNO,-137.93,00,SP-CORE-02,BR,BR-3607791648,False,Brasil,0.05,False,False,0.10636822079678204
TXN00003517,CLI000561,2023-09-01,AJUSTE,3213.39,10,MG-CORE-01,BR,BR-4057767497,False,Brasil,0.05,False,False,0.8646038814467789
TXN00003518,CLI000146,2023-05-25,FATURA,178.65,02,SP-CORE-01,BR,BR-1136346958,False,Brasil,0.05,False,False,-0.05250506820161677
TXN00003519,CLI001115,2023-09-10,PAGAMENTO,2109.72,00,SP-CORE-01,BR,BR-5669015536,False,Brasil,0.05,False,False,0.013215037412751379
TXN00003520,CLI000171,2023-02-23,FATURA,1413.59,02,BA-CORE-01,BR,BR-3004903816,False,Brasil,0.05,False,False,-0.3609937842450635
TXN00003521,CLI001085,2023-01-25,FATURA,2972.5,01,SP-CORE-01,BR,BR-9145012813,False,Brasil,0.05,False,False,0.6724172020214503
TXN00003522,CLI000149,2023-08-02,PAGAMENTO,3241.89,10,BA-CORE-01,BR,BR-5101913760,False,Brasil,0.05,False,False,1.1491570440779408
TXN00003523,CLI001028,2023-05-07,FATURA,1036.08,00,SP-CORE-02,BR,BR-3322150992,False,Brasil,0.05,False,False,0.373898836958366
TXN00003524,CLI000153,2023-06-04,ESTORNO,-1946.24,01,SP-CORE-01,BR,BR-2045206074,False,Brasil,0.05,False,False,-1.0768307289607573
TXN00003525,CLI000205,2023-02-01,PAGAMENTO,2439.85,00,MG-CORE-01,BR,BR-4006086273,False,Brasil,0.05,False,False,0.5171042526871753
TXN00003526,CLI000203,2023-10-06,AJUSTE,1349.91,00,RJ-CORE-01,BR,BR-5747956127,False,Brasil,0.05,False,False,-0.5508696885843035
TXN00003527,CLI000634,2023-09-11,FATURA,423.7,01,SP-CORE-01,BR,BR-1125506598,False,Brasil,0.05,False,False,-1.0260276548495664
TXN00003528,CLI001067,2023-03-11,FATURA,1076.02,10,SP-CORE-01,BR,BR-2204127801,False,Brasil,0.05,False,False,0.11710222675056836
TXN00003529,CLI000613,2023-05-29,FATURA,340.21,01,BA-CORE-01,BR,BR-8383800349,False,Brasil,0.05,False,False,-1.1186692564867526
TXN00003530,CLI000976,2023-03-11,ESTORNO,3182.06,00,BA-CORE-01,BR,BR-8155126397,False,Brasil,0.05,False,False,0.7324211204722404
TXN00003531,CLI001135,2023-09-09,ESTORNO,-1344.36,10,SP-CORE-02,BR,BR-3880210528,False,Brasil,0.05,False,False,-1.547156081031203
TXN00003532,CLI000228,2023-01-20,FATURA,3214.54,10,RJ-CORE-01,BR,BR-3858199245,False,Brasil,0.05,False,False,1.3846668875092458
TXN00003533,CLI000311,2023-03-04,PAGAMENTO,2742.95,02,SP-CORE-02,BR,BR-3112946882,False,Brasil,0.05,False,False,0.6244056804558606
TXN00003534,CLI000169,2023-06-28,FATURA,1008.18,00,SP-CORE-01,BR,BR-9867677356,False,Brasil,0.05,False,False,-0.3564377703692935
TXN00003535,CLI000380,2023-04-22,ESTORNO,1173.61,10,BA-CORE-01,BR,BR-6769110814,False,Brasil,0.05,False,False,-0.07997793395929433
TXN00003536,CLI000343,2023-02-04,PAGAMENTO,1434.69,02,RJ-CORE-01,BR,BR-8408939222,False,Brasil,0.05,False,False,-1.2379031996940013
TXN00003537,CLI000745,2023-03-31,ESTORNO,-2656.66,10,RJ-CORE-01,BR,BR-2002305548,False,Brasil,0.05,False,False,-1.4040931275332609
TXN00003538,CLI000566,2023-09-07,ESTORNO,2527.91,00,MG-CORE-01,BR,BR-2112800039,False,Brasil,0.05,False,False,0.39489239623355854
TXN00003539,CLI000453,2023-08-07,ESTORNO,1378.69,02,BA-CORE-01,BR,BR-2249734561,False,Brasil,0.05,False,False,0.623751142726172
TXN00003540,CLI000713,2023-01-16,FATURA,1304.97,02,MG-CORE-01,BR,BR-1478384314,False,Brasil,0.05,False,False,-0.5838274321105112
TXN00003541,CLI000919,2023-04-17,PAGAMENTO,1292.36,02,SP-CORE-02,BR,BR-5045892188,False,Brasil,0.05,False,False,-0.1434104778893679
TXN00003542,CLI000830,2023-08-22,FATURA,563.1,10,SP-CORE-02,BR,BR-7755292104,False,Brasil,0.05,False,False,-0.5370036118120597
TXN00003543,CLI000170,2023-01-14,ESTORNO,921.29,00,MG-CORE-01,BR,BR-4165038256,False,Brasil,0.05,False,False,-0.50019355688302
TXN00003544,CLI000775,2023-12-01,ESTORNO,3225.02,00,SP-CORE-02,BR,BR-2334871184,False,Brasil,0.05,False,False,1.1521404537306161
TXN00003545,CLI000008,2023-04-03,PAGAMENTO,927.16,10,SP-CORE-01,BR,BR-7114738485,False,Brasil,0.05,False,False,-0.2824939457853414
TXN00003546,CLI000996,2023-07-29,PAGAMENTO,1904.4,00,RJ-CORE-01,BR,BR-8607593563,False,Brasil,0.05,False,False,0.27742728695353014
TXN00003547,CLI000394,2023-10-02,AJUSTE,509.7,10,MG-CORE-01,BR,BR-3537363541,False,Brasil,0.05,False,False,0.0
TXN00003548,CLI000293,2023-03-04,FATURA,1242.09,01,SP-CORE-02,BR,BR-5752750352,False,Brasil,0.05,False,False,-1.0466936012823511
TXN00003549,CLI001098,2023-04-03,AJUSTE,628.96,01,RJ-CORE-01,BR,BR-9629398996,False,Brasil,0.05,False,False,-0.7071067811865476
TXN00003550,CLI000609,2023-08-30,ESTORNO,-1157.06,01,BA-CORE-01,BR,BR-8955834329,False,Brasil,0.05,False,False,-0.9566272999464834
TXN00003551,CLI000927,2023-01-01,FATURA,969.76,00,BA-CORE-01,BR,BR-2356892801,False,Brasil,0.05,False,False,-0.35122509159171517
TXN00003552,CLI000711,2023-04-27,FATURA,1318.13,00,SP-CORE-01,BR,BR-6235153847,False,Brasil,0.05,False,False,0.3257382081763912
TXN00003553,CLI001087,2023-06-10,FATURA,695.95,10,SP-CORE-02,BR,BR-8215463132,False,Brasil,0.05,False,False,0.37968265190138245
TXN00003554,CLI000737,2023-01-04,AJUSTE,2774.58,10,RJ-CORE-01,BR,BR-2217162916,False,Brasil,0.05,False,False,1.1543020891478755
TXN00003555,CLI000060,2023-10-12,PAGAMENTO,3432.29,10,BA-CORE-01,BR,BR-9737440352,False,Brasil,0.05,False,False,1.136506023886389
TXN00003556,CLI000210,2023-10-04,AJUSTE,79.83,00,SP-CORE-01,BR,BR-6669955364,False,Brasil,0.05,False,False,-0.7071067811865475
TXN00003557,CLI000259,2023-12-31,ESTORNO,3302.41,01,RJ-CORE-01,BR,BR-3957514493,False,Brasil,0.05,False,False,1.1232952532599296
TXN00003558,CLI000931,2023-12-02,FATURA,933.98,10,BA-CORE-01,BR,BR-7760158051,False,Brasil,0.05,False,False,0.03517003327752987
TXN00003559,CLI001138,2023-11-18,ESTORNO,468.55,00,SP-CORE-02,BR,BR-6221413488,False,Brasil,0.05,False,False,-0.4041520184388895
TXN00003560,CLI000052,2023-01-12,AJUSTE,1361.63,02,MG-CORE-01,BR,BR-9446034734,False,Brasil,0.05,False,False,0.12655819368500032
TXN00003561,CLI000455,2023-08-26,AJUSTE,1962.92,00,SP-CORE-02,BR,BR-8774793517,False,Brasil,0.05,False,False,0.5950480645864799
TXN00003562,CLI001180,2023-05-09,PAGAMENTO,3260.45,01,MG-CORE-01,BR,BR-4078487866,False,Brasil,0.05,False,False,1.3313292266227263
TXN00003563,CLI000763,2023-06-13,FATURA,2853.84,02,RJ-CORE-01,BR,BR-4159917292,False,Brasil,0.05,False,False,0.6431013193531323
TXN00003564,CLI000002,2023-12-24,ESTORNO,2693.18,02,SP-CORE-02,BR,BR-4333061009,False,Brasil,0.05,False,False,1.272781928219899
TXN00003565,CLI000314,2023-11-05,PAGAMENTO,3377.33,00,RJ-CORE-01,BR,BR-8974804213,False,Brasil,0.05,False,False,0.9805849840673058
TXN00003566,CLI000861,2023-01-08,PAGAMENTO,1332.87,00,MG-CORE-01,BR,BR-8419107020,False,Brasil,0.05,False,False,0.45171737093520414
TXN00003567,CLI000089,2023-05-04,PAGAMENTO,832.68,02,RJ-CORE-01,BR,BR-9682559090,False,Brasil,0.05,False,False,-1.4497727019534365
TXN00003568,CLI000457,2023-07-24,FATURA,1127.85,10,MG-CORE-01,BR,BR-6979820993,False,Brasil,0.05,False,False,-0.559578961831402
TXN00003569,CLI000120,2023-12-06,PAGAMENTO,1969.28,02,BA-CORE-01,BR,BR-6975857369,False,Brasil,0.05,False,False,0.26979800575944185
TXN00003570,CLI000399,2023-07-03,AJUSTE,785.43,00,BA-CORE-01,BR,BR-9898412960,False,Brasil,0.05,False,False,-1.166027609608199
TXN00003571,CLI000606,2023-07-24,PAGAMENTO,2163.56,01,BA-CORE-01,BR,BR-8416354530,False,Brasil,0.05,False,False,-0.6413943927468756
TXN00003572,CLI000019,2023-06-04,ESTORNO,1620.22,10,SP-CORE-02,BR,BR-4964528773,False,Brasil,0.05,False,False,-0.39740580486700383
TXN00003573,CLI001050,2023-12-12,ESTORNO,-660.97,01,RJ-CORE-01,BR,BR-7648652474,False,Brasil,0.05,False,False,-0.5343018062639552
TXN00003574,CLI000227,2023-01-17,FATURA,973.2,10,SP-CORE-02,BR,BR-1417984375,False,Brasil,0.05,False,False,-0.8229051731698159
TXN00003575,CLI000693,2023-06-25,ESTORNO,-878.17,10,BA-CORE-01,BR,BR-6600955228,False,Brasil,0.05,False,False,-1.637748113882415
TXN00003576,CLI001154,2023-08-23,ESTORNO,1000.62,00,MG-CORE-01,BR,BR-3811631556,False,Brasil,0.05,False,False,-0.6818491422233885
TXN00003577,CLI000126,2023-01-08,PAGAMENTO,584.29,01,RJ-CORE-01,BR,BR-3478872199,False,Brasil,0.05,False,False,-0.08490446197885226
TXN00003578,CLI000597,2023-04-20,AJUSTE,791.25,01,BA-CORE-01,BR,BR-7367038689,False,Brasil,0.05,False,False,-0.5068890819791424
TXN00003579,CLI000286,2023-04-03,ESTORNO,3259.59,00,RJ-CORE-01,BR,BR-4853522356,False,Brasil,0.05,False,False,-0.3140377193641042
TXN00003580,CLI000892,2023-04-26,PAGAMENTO,180.39,00,SP-CORE-02,BR,BR-1900939604,False,Brasil,0.05,False,False,-0.5731666023921599
TXN00003581,CLI000204,2023-04-05,PAGAMENTO,3168.78,00,MG-CORE-01,BR,BR-3797045905,False,Brasil,0.05,False,False,0.5652950548068472
TXN00003582,CLI000619,2023-06-01,PAGAMENTO,3330.45,01,SP-CORE-02,BR,BR-4686932034,False,Brasil,0.05,False,False,0.7071067811865476
TXN00003583,CLI000494,2023-07-28,FATURA,1634.76,01,SP-CORE-01,BR,BR-9515634004,False,Brasil,0.05,False,False,0.17872423072451005
TXN00003584,CLI000812,2023-07-27,AJUSTE,1350.93,01,MG-CORE-01,BR,BR-1241941984,False,Brasil,0.05,False,False,-0.20872914393437977
TXN00003585,CLI000473,2023-03-06,AJUSTE,2871.54,00,SP-CORE-02,BR,BR-3035280879,False,Brasil,0.05,False,False,0.2697113887508904
TXN00003586,CLI000310,2023-09-14,AJUSTE,177.15,02,SP-CORE-01,BR,BR-5059015523,False,Brasil,0.05,False,False,-0.27775833137791983
TXN00003587,CLI000491,2023-08-03,FATURA,351.36,00,SP-CORE-01,BR,BR-8398297717,False,Brasil,0.05,False,False,0.04703916043095642
TXN00003588,CLI000998,2023-04-19,AJUSTE,1320.38,01,MG-CORE-01,BR,BR-2052271302,False,Brasil,0.05,False,False,-0.5930196587871256
TXN00003589,CLI001192,2023-11-06,FATURA,235.04,00,SP-CORE-01,BR,BR-1510253039,False,Brasil,0.05,False,False,-0.24134070484610742
TXN00003590,CLI000576,2023-08-09,ESTORNO,-366.09,01,SP-CORE-02,BR,BR-6998543735,False,Brasil,0.05,False,False,-0.8467077780857625
TXN00003591,CLI000634,2023-02-02,PAGAMENTO,1809.15,02,RJ-CORE-01,BR,BR-8495577948,False,Brasil,0.05,False,False,0.3418479568278922
TXN00003592,CLI000586,2023-08-19,FATURA,2036.2,01,SP-CORE-02,BR,BR-6936078258,False,Brasil,0.05,False,False,0.5967173713871661
TXN00003593,CLI000960,2023-04-22,ESTORNO,495.77,01,SP-CORE-01,BR,BR-7206735763,False,Brasil,0.05,False,False,-0.48998247744338824
TXN00003594,CLI000594,2023-10-01,PAGAMENTO,2693.96,02,RJ-CORE-01,BR,BR-1049832004,False,Brasil,0.05,False,False,0.5189485198283499
TXN00003595,CLI000606,2023-05-28,PAGAMENTO,2935.78,10,SP-CORE-01,BR,BR-1500911893,False,Brasil,0.05,False,False,0.5827776940330688
TXN00003596,CLI000877,2023-04-11,ESTORNO,2378.32,00,SP-CORE-01,BR,BR-5819174770,False,Brasil,0.05,False,False,0.5032194004537418
TXN00003597,CLI000965,2023-12-31,PAGAMENTO,1509.48,00,RJ-CORE-01,BR,BR-1966088651,False,Brasil,0.05,False,False,0.2584757652369982
TXN00003598,CLI000658,2023-02-04,PAGAMENTO,455.08,01,BA-CORE-01,BR,BR-7354397094,False,Brasil,0.05,False,False,-1.3742326107549414
TXN00003599,CLI000320,2023-10-08,PAGAMENTO,211.21,00,BA-CORE-01,BR,BR-3546395964,False,Brasil,0.05,False,False,0.44470827040074845
TXN00003600,CLI001121,2023-05-06,AJUSTE,260.98,00,MG-CORE-01,BR,BR-6944062423,False,Brasil,0.05,False,False,0.5682739398240215
TXN00003601,CLI000687,2023-01-13,PAGAMENTO,1364.61,10,MG-CORE-01,BR,BR-8313199661,False,Brasil,0.05,False,False,0.4348505455119859
TXN00003602,CLI000729,2023-03-11,AJUSTE,546.07,10,SP-CORE-01,BR,BR-1537886416,False,Brasil,0.05,False,False,0.0
TXN00003603,CLI001050,2023-02-06,AJUSTE,3044.14,10,BA-CORE-01,BR,BR-2396847823,False,Brasil,0.05,False,False,1.0048122409724483
TXN00003604,CLI000312,2023-08-01,ESTORNO,-787.93,10,SP-CORE-01,BR,BR-3308592457,False,Brasil,0.05,False,False,-0.4418811141734249
TXN00003605,CLI000504,2023-04-09,ESTORNO,95.08,00,SP-CORE-02,BR,BR-4009663602,False,Brasil,0.05,False,False,-0.5378186367300373
TXN00003606,CLI000532,2023-05-05,AJUSTE,2466.58,00,SP-CORE-02,BR,BR-7571676457,False,Brasil,0.05,False,False,0.34355491181658554
TXN00003607,CLI000428,2023-06-26,PAGAMENTO,2106.04,10,MG-CORE-01,BR,BR-9864519004,False,Brasil,0.05,False,False,0.06616857949254334
TXN00003608,CLI001135,2023-09-03,AJUSTE,2647.28,02,SP-CORE-01,BR,BR-3799033030,False,Brasil,0.05,False,False,0.5641837432044035
TXN00003609,CLI000699,2023-12-16,AJUSTE,1749.32,02,BA-CORE-01,BR,BR-1503911634,False,Brasil,0.05,False,False,-0.707106781186546
TXN00003610,CLI000063,2023-09-26,AJUSTE,505.32,00,SP-CORE-01,BR,BR-3985929521,False,Brasil,0.05,False,False,1.0799035515138393
TXN00003611,CLI000377,2023-06-30,PAGAMENTO,589.56,10,MG-CORE-01,BR,BR-9612801012,False,Brasil,0.05,False,False,0.1526784930110367
TXN00003612,CLI000296,2023-08-16,PAGAMENTO,3032.98,01,RJ-CORE-01,BR,BR-2349891418,False,Brasil,0.05,False,False,-0.3187856789323828
TXN00003613,CLI000510,2023-04-04,PAGAMENTO,3477.11,02,RJ-CORE-01,BR,BR-1168118608,False,Brasil,0.05,False,False,1.2045163816308526
TXN00003614,CLI000962,2023-07-07,PAGAMENTO,2360.79,02,MG-CORE-01,BR,BR-3469954227,False,Brasil,0.05,False,False,0.233640324306514
TXN00003615,CLI000328,2023-05-14,PAGAMENTO,1860.69,02,BA-CORE-01,BR,BR-3803069611,False,Brasil,0.05,False,False,0.36530950814056995
TXN00003616,CLI000045,2023-05-23,AJUSTE,2853.23,02,RJ-CORE-01,BR,BR-9967122592,False,Brasil,0.05,False,False,1.096368810891211
TXN00003617,CLI001163,2023-07-28,ESTORNO,2196.65,02,SP-CORE-01,BR,BR-4234405592,False,Brasil,0.05,False,False,0.7084920966810453
TXN00003618,CLI000112,2023-06-17,PAGAMENTO,1353.11,02,SP-CORE-01,BR,BR-6577349701,False,Brasil,0.05,False,False,-0.79552435807146
TXN00003619,CLI000474,2023-03-06,PAGAMENTO,2632.41,10,MG-CORE-01,BR,BR-6031997439,False,Brasil,0.05,False,False,-0.5632994425333632
TXN00003620,CLI000552,2023-12-26,ESTORNO,-95.81,10,BA-CORE-01,BR,BR-3826772991,False,Brasil,0.05,False,False,-0.34813514740481216
TXN00003621,CLI000761,2023-02-07,AJUSTE,475.85,00,RJ-CORE-01,BR,BR-6361566970,False,Brasil,0.05,False,False,-0.8266553592606848
TXN00003622,CLI000946,2023-04-06,FATURA,532.76,01,RJ-CORE-01,BR,BR-7588919626,False,Brasil,0.05,False,False,-0.7217136413863324
TXN00003623,CLI000281,2023-05-27,FATURA,3189.26,10,BA-CORE-01,BR,BR-9576178517,False,Brasil,0.05,False,False,1.0785685994863914
TXN00003624,CLI000472,2023-03-01,ESTORNO,-3026.79,02,SP-CORE-01,BR,BR-3192968846,False,Brasil,0.05,False,False,-1.7719364735704075
TXN00003625,CLI000911,2023-02-17,AJUSTE,1038.27,01,SP-CORE-02,BR,BR-3954638206,False,Brasil,0.05,False,False,-1.131951673880805
TXN00003626,CLI000809,2023-12-22,AJUSTE,215.23,02,RJ-CORE-01,BR,BR-1192137756,False,Brasil,0.05,False,False,-1.1979322016274843
TXN00003627,CLI000404,2023-07-24,PAGAMENTO,2685.46,10,SP-CORE-01,BR,BR-1157771113,False,Brasil,0.05,False,False,0.6197460099958945
TXN00003628,CLI000411,2023-11-19,PAGAMENTO,784.59,01,BA-CORE-01,BR,BR-5903423844,False,Brasil,0.05,False,False,-0.5020131471697921
TXN00003629,CLI000101,2023-02-27,FATURA,254.43,01,SP-CORE-02,BR,BR-3371125304,False,Brasil,0.05,False,False,-1.0116505934228492
TXN00003630,CLI001113,2023-09-15,ESTORNO,3215.01,01,MG-CORE-01,BR,BR-7836656538,False,Brasil,0.05,False,False,0.7437720381367339
TXN00003631,CLI001181,2023-04-15,AJUSTE,3475.12,01,MG-CORE-01,BR,BR-2191405559,False,Brasil,0.05,False,False,1.1458789836970937
TXN00003632,CLI000831,2023-01-12,PAGAMENTO,3315.55,01,BA-CORE-01,BR,BR-2812540682,False,Brasil,0.05,False,False,0.7210064594182906
TXN00003633,CLI000688,2023-11-23,PAGAMENTO,318.56,01,MG-CORE-01,BR,BR-7656549104,False,Brasil,0.05,False,False,0.18047812784908884
TXN00003634,CLI000759,2023-11-07,ESTORNO,-3212.39,10,BA-CORE-01,BR,BR-6414555491,False,Brasil,0.05,False,False,-1.6955516557939188
TXN00003635,CLI000299,2023-05-24,PAGAMENTO,1997.54,00,SP-CORE-01,BR,BR-5996418672,False,Brasil,0.05,False,False,0.2711185926768477
TXN00003636,CLI000002,2023-11-15,ESTORNO,-1306.18,00,BA-CORE-01,BR,BR-2958796094,False,Brasil,0.05,False,False,-1.4912230219471998
TXN00003637,CLI000974,2023-02-25,FATURA,3148.25,02,MG-CORE-01,BR,BR-9352596797,False,Brasil,0.05,False,False,0.9391651643183031
TXN00003638,CLI001073,2023-09-29,ESTORNO,-2509.58,00,BA-CORE-01,BR,BR-8200622923,False,Brasil,0.05,False,False,-1.67340470754361
TXN00003639,CLI000126,2023-05-27,FATURA,908.38,00,SP-CORE-01,BR,BR-1875155003,False,Brasil,0.05,False,False,0.18035923097802012
TXN00003640,CLI000438,2023-05-04,ESTORNO,-242.28,10,MG-CORE-01,BR,BR-3772707308,False,Brasil,0.05,False,False,-0.34493540318852095
TXN00003641,CLI000978,2023-04-08,ESTORNO,1838.09,00,RJ-CORE-01,BR,BR-8363485082,False,Brasil,0.05,False,False,-0.5785907761129919
TXN00003642,CLI000025,2023-08-23,ESTORNO,1132.62,00,SP-CORE-02,BR,BR-5999526932,False,Brasil,0.05,False,False,0.3178178577696427
TXN00003643,CLI000917,2023-07-26,FATURA,1816.79,02,MG-CORE-01,BR,BR-4528606855,False,Brasil,0.05,False,False,-0.7071067811865467
TXN00003644,CLI000074,2023-09-07,FATURA,2945.97,10,BA-CORE-01,BR,BR-8678474092,False,Brasil,0.05,False,False,0.5358342925010675
TXN00003645,CLI001080,2023-11-08,FATURA,149.46,10,SP-CORE-01,BR,BR-2627543095,False,Brasil,0.05,False,False,-0.5808296172051787
TXN00003646,CLI000750,2023-09-05,AJUSTE,2462.01,10,SP-CORE-01,BR,BR-2062994474,False,Brasil,0.05,False,False,0.7451546597058539
TXN00003647,CLI001165,2023-08-06,PAGAMENTO,3433.72,10,SP-CORE-01,BR,BR-2160179042,False,Brasil,0.05,False,False,0.7676887033151711
TXN00003648,CLI000848,2023-07-17,PAGAMENTO,1546.12,01,SP-CORE-02,BR,BR-3282647005,False,Brasil,0.05,False,False,0.17312694417580132
TXN00003649,CLI001099,2023-09-01,FATURA,3046.85,02,SP-CORE-01,BR,BR-2747112232,False,Brasil,0.05,False,False,0.8765483509031022
TXN00003650,CLI000713,2023-07-11,AJUSTE,679.78,02,BA-CORE-01,BR,BR-5677108385,False,Brasil,0.05,False,False,-1.103641542853014
TXN00003651,CLI000506,2023-06-17,PAGAMENTO,1550.27,01,BA-CORE-01,BR,BR-9200146508,False,Brasil,0.05,False,False,0.026556453685089753
TXN00003652,CLI000291,2023-05-03,ESTORNO,-3456.11,01,RJ-CORE-01,BR,BR-8636756590,False,Brasil,0.05,False,False,-1.1350886317773468
TXN00003653,CLI000089,2023-08-28,FATURA,3170.87,10,RJ-CORE-01,BR,BR-4427802090,False,Brasil,0.05,False,False,0.5931942769864653
TXN00003654,CLI001123,2023-12-15,FATURA,1169.27,02,MG-CORE-01,BR,BR-2175304017,False,Brasil,0.05,False,False,-0.0181215413339454
TXN00003655,CLI000311,2023-11-06,PAGAMENTO,3044.14,00,SP-CORE-02,BR,BR-5715645840,False,Brasil,0.05,False,False,0.8375237935327573
TXN00003656,CLI000881,2023-04-15,ESTORNO,568.41,10,SP-CORE-02,BR,BR-6249418877,False,Brasil,0.05,False,False,-0.37312918045265414
TXN00003657,CLI000656,2023-05-11,AJUSTE,1121.96,02,SP-CORE-01,BR,BR-5087876256,False,Brasil,0.05,False,False,0.32582706994268834
TXN00003658,CLI000489,2023-09-23,AJUSTE,1309.75,02,MG-CORE-01,BR,BR-1530443469,False,Brasil,0.05,False,False,-1.3921570763419282
TXN00003659,CLI001156,2023-10-06,FATURA,1645.56,01,SP-CORE-01,BR,BR-9055262383,False,Brasil,0.05,False,False,0.0
TXN00003660,CLI001138,2023-03-06,PAGAMENTO,3103.28,00,MG-CORE-01,BR,BR-8760139014,False,Brasil,0.05,False,False,1.0009446682297063
TXN00003661,CLI000248,2023-09-05,AJUSTE,2780.89,10,MG-CORE-01,BR,BR-1206000737,False,Brasil,0.05,False,False,0.7823255277741247
TXN00003662,CLI000126,2023-03-13,ESTORNO,-1130.26,10,BA-CORE-01,BR,BR-8524236872,False,Brasil,0.05,False,False,-1.48824262347475
TXN00003663,CLI000290,2023-08-15,FATURA,3177.75,01,SP-CORE-01,BR,BR-6070949719,False,Brasil,0.05,False,False,0.742312708193846
TXN00003664,CLI000107,2023-03-14,ESTORNO,693.25,02,MG-CORE-01,BR,BR-7024341290,False,Brasil,0.05,False,False,-1.8888566526363246
TXN00003665,CLI000875,2023-12-04,ESTORNO,1702.33,10,MG-CORE-01,BR,BR-3543952630,False,Brasil,0.05,False,False,-0.299442393967414
TXN00003666,CLI000748,2023-12-14,FATURA,2037.09,10,SP-CORE-01,BR,BR-2112658672,False,Brasil,0.05,False,False,0.6471205596097833
TXN00003667,CLI000607,2023-06-29,PAGAMENTO,2706.14,10,MG-CORE-01,BR,BR-4063268031,False,Brasil,0.05,False,False,0.4132414758386623
TXN00003668,CLI000399,2023-11-07,FATURA,2140.71,10,BA-CORE-01,BR,BR-3824211316,False,Brasil,0.05,False,False,1.0850979557391767
TXN00003669,CLI000577,2023-05-17,ESTORNO,75.95,02,SP-CORE-02,BR,BR-5907730882,False,Brasil,0.05,False,False,0.31079500425353074
TXN00003670,CLI000411,2023-12-12,AJUSTE,1341.92,02,SP-CORE-02,BR,BR-2148345015,False,Brasil,0.05,False,False,-0.49533379429950586
TXN00003671,CLI000028,2023-03-07,AJUSTE,2935.5,00,RJ-CORE-01,BR,BR-4339458019,False,Brasil,0.05,False,False,1.6813013667417531
TXN00003672,CLI000863,2023-01-11,PAGAMENTO,1279.22,02,MG-CORE-01,BR,BR-2966178433,False,Brasil,0.05,False,False,0.13333743751982383
TXN00003673,CLI000077,2023-02-28,FATURA,1184.32,00,SP-CORE-01,BR,BR-6526848362,False,Brasil,0.05,False,False,-0.2069873818032282
TXN00003674,CLI000063,2023-01-23,FATURA,260.96,01,MG-CORE-01,BR,BR-9386423260,False,Brasil,0.05,False,False,-0.18589494476668464
TXN00003675,CLI000689,2023-03-10,FATURA,1416.61,01,RJ-CORE-01,BR,BR-6277501644,False,Brasil,0.05,False,False,0.48011049684396084
TXN00003676,CLI000592,2023-10-12,PAGAMENTO,3216.43,01,SP-CORE-02,BR,BR-6607773451,False,Brasil,0.05,False,False,0.9181475942591175
TXN00003677,CLI000221,2023-07-03,AJUSTE,1732.15,00,BA-CORE-01,BR,BR-8604576329,False,Brasil,0.05,False,False,0.14805185880572153
TXN00003678,CLI001035,2023-10-20,ESTORNO,-1422.16,00,RJ-CORE-01,BR,BR-4630302254,False,Brasil,0.05,False,False,-0.7071067811865475
TXN00003679,CLI000047,2023-11-21,PAGAMENTO,1367.94,02,SP-CORE-02,BR,BR-3725915610,False,Brasil,0.05,False,False,0.290610326327574
TXN00003680,CLI000835,2023-02-16,AJUSTE,-428692.16,4F,SANTOS-PORT-07,PA,OFFSHORE-160930CX,True,Panamá,0.9,True,True,-1.7887503450541224
TXN00003681,CLI001104,2023-07-06,PAGAMENTO,528.96,01,RJ-CORE-01,BR,BR-8362261450,False,Brasil,0.05,False,False,0.3697391586490384
TXN00003682,CLI000081,2023-05-16,ESTORNO,-3006.92,01,MG-CORE-01,BR,BR-8514766634,False,Brasil,0.05,False,False,-1.6514153102132216
TXN00003683,CLI000802,2023-12-19,FATURA,3084.42,01,SP-CORE-01,BR,BR-3616466630,False,Brasil,0.05,False,False,0.7071067811865475
TXN00003684,CLI000177,2023-02-14,FATURA,1078.6,10,SP-CORE-01,BR,BR-7903616825,False,Brasil,0.05,False,False,-0.5419355900532108
TXN00003685,CLI001015,2023-10-14,FATURA,2684.6,02,SP-CORE-02,BR,BR-5143128978,False,Brasil,0.05,False,False,1.1879540446681554
TXN00003686,CLI000481,2023-07-25,FATURA,3341.17,01,SP-CORE-01,BR,BR-1966662179,False,Brasil,0.05,False,False,1.7260377599791281
TXN00003687,CLI000412,2023-08-04,ESTORNO,2960.65,01,MG-CORE-01,BR,BR-5617615454,False,Brasil,0.05,False,False,0.7886049878789685
TXN00003688,CLI000108,2023-02-15,FATURA,3176.62,00,SP-CORE-01,BR,BR-4605233923,False,Brasil,0.05,False,False,0.7071067811865496
TXN00003689,CLI001089,2023-02-03,AJUSTE,1944.59,00,SP-CORE-01,BR,BR-7501225367,False,Brasil,0.05,False,False,1.1136334106868837
TXN00003690,CLI000133,2023-03-30,FATURA,1853.01,01,RJ-CORE-01,BR,BR-5090885943,False,Brasil,0.05,False,False,0.34118430731496246
TXN00003691,CLI000472,2023-10-06,ESTORNO,3085.12,01,BA-CORE-01,BR,BR-7110545602,False,Brasil,0.05,False,False,1.3307891048982035
TXN00003692,CLI000182,2023-05-15,FATURA,2477.84,10,MG-CORE-01,BR,BR-2628199646,False,Brasil,0.05,False,False,-0.6989015027688824
TXN00003693,CLI000288,2023-08-02,AJUSTE,1390.8,00,BA-CORE-01,BR,BR-5781301505,False,Brasil,0.05,False,False,-0.5124583424289694
TXN00003694,CLI000621,2023-12-12,AJUSTE,2230.46,00,RJ-CORE-01,BR,BR-5801195339,False,Brasil,0.05,False,False,-0.6098278144804856
TXN00003695,CLI000452,2023-12-24,PAGAMENTO,3435.25,10,SP-CORE-01,BR,BR-6579926978,False,Brasil,0.05,False,False,1.199731898232102
TXN00003696,CLI000501,2023-02-15,FATURA,146.45,02,BA-CORE-01,BR,BR-6555733635,False,Brasil,0.05,False,False,0.3724418971380547
TXN00003697,CLI001032,2023-11-10,FATURA,1525.62,01,BA-CORE-01,BR,BR-1915111272,False,Brasil,0.05,False,False,1.127859821048044
TXN00003698,CLI000477,2023-03-13,ESTORNO,349.43,00,RJ-CORE-01,BR,BR-7738124846,False,Brasil,0.05,False,False,-1.2033686355009963
TXN00003699,CLI000831,2023-07-28,PAGAMENTO,2572.39,02,SP-CORE-01,BR,BR-3097088483,False,Brasil,0.05,False,False,0.15105336801774638
TXN00003700,CLI000981,2023-08-07,PAGAMENTO,1686.7,00,BA-CORE-01,BR,BR-2527909147,False,Brasil,0.05,False,False,0.324550894897387
TXN00003701,CLI000886,2023-03-06,PAGAMENTO,2310.54,01,MG-CORE-01,BR,BR-7938649578,False,Brasil,0.05,False,False,0.3921072811696939
TXN00003702,CLI000353,2023-01-13,ESTORNO,325.48,10,SP-CORE-02,BR,BR-6706086556,False,Brasil,0.05,False,False,-1.4573857373863242
TXN00003703,CLI001055,2023-04-05,AJUSTE,1499.4,10,MG-CORE-01,BR,BR-2519957781,False,Brasil,0.05,False,False,0.030690033006467814
TXN00003704,CLI000176,2023-10-19,FATURA,2453.34,01,MG-CORE-01,BR,BR-5317105328,False,Brasil,0.05,False,False,-0.07943291745143075
TXN00003705,CLI001190,2023-06-16,PAGAMENTO,608.15,00,MG-CORE-01,BR,BR-6094508552,False,Brasil,0.05,False,False,-1.0848570013885657
TXN00003706,CLI000700,2023-06-12,AJUSTE,1988.29,00,SP-CORE-02,BR,BR-2522704758,False,Brasil,0.05,False,False,-0.5692826782316601
TXN00003707,CLI001016,2023-09-03,PAGAMENTO,1637.69,10,RJ-CORE-01,BR,BR-5730209740,False,Brasil,0.05,False,False,-0.23815321907086587
TXN00003708,CLI001090,2023-06-01,PAGAMENTO,106.78,01,BA-CORE-01,BR,BR-3113322013,False,Brasil,0.05,False,False,-1.037158525558139
TXN00003709,CLI000903,2023-06-12,FATURA,122.06,00,RJ-CORE-01,BR,BR-9953906342,False,Brasil,0.05,False,False,-0.9142696444297803
TXN00003710,CLI000285,2023-07-18,FATURA,1167.22,01,BA-CORE-01,BR,BR-5955149585,False,Brasil,0.05,False,False,0.0
TXN00003711,CLI000234,2023-07-22,ESTORNO,-1241.2,00,BA-CORE-01,BR,BR-3093419287,False,Brasil,0.05,False,False,0.0
TXN00003712,CLI000377,2023-09-27,ESTORNO,-1511.29,00,RJ-CORE-01,BR,BR-8115186493,False,Brasil,0.05,False,False,-1.4555977406544087
TXN00003713,CLI001007,2023-05-19,ESTORNO,2088.39,01,BA-CORE-01,BR,BR-6266038941,False,Brasil,0.05,False,False,0.3435947187591802
TXN00003714,CLI000402,2023-11-24,ESTORNO,1631.43,00,SP-CORE-02,BR,BR-6993020535,False,Brasil,0.05,False,False,-0.5285141577586088
TXN00003715,CLI000131,2023-03-05,FATURA,117619.88,9A,SANTOS-PORT-07,LU,OFFSHORE-026650JL,True,Luxemburgo,0.8,True,True,1.787466673534332
TXN00003716,CLI000048,2023-11-17,PAGAMENTO,145.73,02,SP-CORE-02,BR,BR-2141600678,False,Brasil,0.05,False,False,-0.8129641876863505
TXN00003717,CLI000332,2023-12-05,PAGAMENTO,2258.09,02,SP-CORE-02,BR,BR-7103557930,False,Brasil,0.05,False,False,0.9372048459625321
TXN00003718,CLI000033,2023-04-07,AJUSTE,1440.1,01,SP-CORE-01,BR,BR-7657730492,False,Brasil,0.05,False,False,0.5643031396337795
TXN00003719,CLI000041,2023-03-28,PAGAMENTO,3104.8,00,MG-CORE-01,BR,BR-4067985169,False,Brasil,0.05,False,False,0.846151639943717
TXN00003720,CLI000532,2023-05-14,AJUSTE,2753.53,10,MG-CORE-01,BR,BR-9082125721,False,Brasil,0.05,False,False,0.7193707912213879
TXN00003721,CLI001014,2023-07-06,PAGAMENTO,852.48,02,SP-CORE-01,BR,BR-2670091632,False,Brasil,0.05,False,False,-0.6413522021980244
TXN00003722,CLI000753,2023-11-25,FATURA,2673.99,02,MG-CORE-01,BR,BR-1090848040,False,Brasil,0.05,False,False,0.4428591291387074
TXN00003723,CLI000780,2023-12-14,PAGAMENTO,2723.87,10,RJ-CORE-01,BR,BR-5963015056,False,Brasil,0.05,False,False,0.7732721036723673
TXN00003724,CLI000449,2023-04-17,PAGAMENTO,1279.37,02,RJ-CORE-01,BR,BR-3147487660,False,Brasil,0.05,False,False,-1.2923960530785032
TXN00003725,CLI001099,2023-06-19,ESTORNO,2541.45,02,MG-CORE-01,BR,BR-2015780972,False,Brasil,0.05,False,False,0.6333221622814467
TXN00003726,CLI000407,2023-07-01,PAGAMENTO,3247.63,01,RJ-CORE-01,BR,BR-6764451684,False,Brasil,0.05,False,False,0.9236716875830886
TXN00003727,CLI000328,2023-10-15,ESTORNO,2600.1,01,RJ-CORE-01,BR,BR-4167244443,False,Brasil,0.05,False,False,0.7436309229860086
TXN00003728,CLI000642,2023-09-11,PAGAMENTO,771.1,10,RJ-CORE-01,BR,BR-7160394051,False,Brasil,0.05,False,False,-0.32835456285657094
TXN00003729,CLI001075,2023-03-20,AJUSTE,121.96,10,MG-CORE-01,BR,BR-6538217006,False,Brasil,0.05,False,False,-1.0572847355207264
TXN00003730,CLI000837,2023-01-03,PAGAMENTO,3236.6,02,SP-CORE-02,BR,BR-3087050235,False,Brasil,0.05,False,False,0.9643566600497042
TXN00003731,CLI000882,2023-12-03,AJUSTE,2905.34,02,RJ-CORE-01,BR,BR-8563007469,False,Brasil,0.05,False,False,0.48148429871091647
TXN00003732,CLI000740,2023-10-02,ESTORNO,130.22,00,RJ-CORE-01,BR,BR-3195758393,False,Brasil,0.05,False,False,-1.4662014960547247
TXN00003733,CLI000339,2023-11-02,FATURA,628.54,02,MG-CORE-01,BR,BR-6366418987,False,Brasil,0.05,False,False,0.18771938536756752
TXN00003734,CLI000402,2023-01-27,FATURA,1613.44,02,SP-CORE-02,BR,BR-4293069999,False,Brasil,0.05,False,False,-0.6248461709103552
TXN00003735,CLI000645,2023-12-23,FATURA,1646.69,01,MG-CORE-01,BR,BR-9006535478,False,Brasil,0.05,False,False,0.47984963201213776
TXN00003736,CLI000059,2023-11-22,ESTORNO,2763.87,02,SP-CORE-01,BR,BR-8819457893,False,Brasil,0.05,False,False,0.5042874491472121
TXN00003737,CLI000079,2023-08-04,FATURA,499.22,02,SP-CORE-01,BR,BR-6147142330,False,Brasil,0.05,False,False,-0.7071067811865475
TXN00003738,CLI000048,2023-12-19,AJUSTE,2446.26,00,RJ-CORE-01,BR,BR-4478719374,False,Brasil,0.05,False,False,0.9638505139273719
TXN00003739,CLI000133,2023-10-15,AJUSTE,347.86,01,RJ-CORE-01,BR,BR-1778197615,False,Brasil,0.05,False,False,-0.6325130688134206
TXN00003740,CLI000678,2023-08-26,AJUSTE,2096.26,01,SP-CORE-02,BR,BR-3725058806,False,Brasil,0.05,False,False,0.0
TXN00003741,CLI000490,2023-02-10,AJUSTE,2795.26,00,SP-CORE-01,BR,BR-1985197631,False,Brasil,0.05,False,False,0.1094991894164299
TXN00003742,CLI000944,2023-10-22,ESTORNO,-121.59,01,MG-CORE-01,BR,BR-5863173472,False,Brasil,0.05,False,False,-0.4904509755835759
TXN00003743,CLI000105,2023-03-18,ESTORNO,-1938.74,10,SP-CORE-02,BR,BR-5459749856,False,Brasil,0.05,False,False,-0.8052794632851914
TXN00003744,CLI000701,2023-09-11,ESTORNO,-797.59,01,BA-CORE-01,BR,BR-5253730454,False,Brasil,0.05,False,False,-0.10371627059389206
TXN00003745,CLI000166,2023-05-13,FATURA,2219.08,10,SP-CORE-01,BR,BR-4990446958,False,Brasil,0.05,False,False,0.7552572727029858
TXN00003746,CLI000733,2023-06-15,AJUSTE,346.31,10,RJ-CORE-01,BR,BR-2830957372,False,Brasil,0.05,False,False,-0.6144074286560433
TXN00003747,CLI000382,2023-12-17,ESTORNO,-785.32,10,SP-CORE-01,BR,BR-3647707140,False,Brasil,0.05,False,False,-1.5268124729463246
TXN00003748,CLI000790,2023-08-01,FATURA,1605.58,01,MG-CORE-01,BR,BR-5513818912,False,Brasil,0.05,False,False,0.3243899390553219
TXN00003749,CLI000867,2023-03-13,FATURA,2963.58,02,MG-CORE-01,BR,BR-1993974205,False,Brasil,0.05,False,False,0.7282941312572856
TXN00003750,CLI000059,2023-08-06,AJUSTE,915.5,00,SP-CORE-02,BR,BR-6738840177,False,Brasil,0.05,False,False,-1.4102165840450482
TXN00003751,CLI000122,2023-09-27,ESTORNO,-432.48,10,MG-CORE-01,BR,BR-3058127882,False,Brasil,0.05,False,False,-1.4667484391678431
TXN00003752,CLI000482,2023-10-20,PAGAMENTO,834.46,10,SP-CORE-02,BR,BR-7484815168,False,Brasil,0.05,False,False,-0.7071067811865477
TXN00003753,CLI000676,2023-02-07,ESTORNO,-1536.68,10,SP-CORE-01,BR,BR-3765414165,False,Brasil,0.05,False,False,-1.4574101724080721
TXN00003754,CLI000205,2023-03-06,AJUSTE,3202.04,10,MG-CORE-01,BR,BR-2306915575,False,Brasil,0.05,False,False,0.9194245011668701
TXN00003755,CLI001087,2023-04-21,AJUSTE,995.78,01,BA-CORE-01,BR,BR-6451370453,False,Brasil,0.05,False,False,0.3821024897750209
TXN00003756,CLI000118,2023-06-07,FATURA,1767.24,00,RJ-CORE-01,BR,BR-2795615023,False,Brasil,0.05,False,False,1.0309187265607316
TXN00003757,CLI000751,2023-07-09,AJUSTE,2135.17,01,MG-CORE-01,BR,BR-1204253178,False,Brasil,0.05,False,False,0.9754023557707805
TXN00003758,CLI000505,2023-12-14,FATURA,523.74,01,SP-CORE-02,BR,BR-1175617484,False,Brasil,0.05,False,False,0.1441165072822254
TXN00003759,CLI000379,2023-03-09,ESTORNO,-254410.84,4F,SANTOS-PORT-07,LU,OFFSHORE-825559BV,True,Luxemburgo,0.8,True,True,-2.090133800965184
TXN00003760,CLI000585,2023-02-26,FATURA,2519.81,02,BA-CORE-01,BR,BR-2595976710,False,Brasil,0.05,False,False,0.07624678225422891
TXN00003761,CLI000763,2023-04-10,ESTORNO,-3135.64,01,RJ-CORE-01,BR,BR-8087762657,False,Brasil,0.05,False,False,-2.1402689459340825
TXN00003762,CLI000991,2023-02-13,AJUSTE,3105.36,01,BA-CORE-01,BR,BR-2649479425,False,Brasil,0.05,False,False,0.7071067811865476
TXN00003763,CLI000302,2023-12-14,FATURA,2255.96,02,SP-CORE-01,BR,BR-4810468370,False,Brasil,0.05,False,False,1.098575220461134
TXN00003764,CLI000696,2023-12-11,FATURA,426367.23,9A,SANTOS-PORT-07,LU,OFFSHORE-023684EU,True,Luxemburgo,0.8,True,True,1.78882702642837
TXN00003765,CLI000876,2023-08-20,FATURA,763.43,01,BA-CORE-01,BR,BR-6866976974,False,Brasil,0.05,False,False,-0.3971357330811156
TXN00003766,CLI000469,2023-12-17,AJUSTE,2158.06,00,BA-CORE-01,BR,BR-2873145919,False,Brasil,0.05,False,False,0.6498878612687475
TXN00003767,CLI000155,2023-03-22,AJUSTE,360.87,01,MG-CORE-01,BR,BR-7368666052,False,Brasil,0.05,False,False,-0.8469125197289381
TXN00003768,CLI000056,2023-08-15,ESTORNO,-778.05,10,MG-CORE-01,BR,BR-4396825966,False,Brasil,0.05,False,False,-1.200424395078171
TXN00003769,CLI000599,2023-03-12,ESTORNO,-1985.78,10,MG-CORE-01,BR,BR-5155324773,False,Brasil,0.05,False,False,-1.6210411975177177
TXN00003770,CLI000562,2023-11-01,ESTORNO,-2596.89,00,RJ-CORE-01,BR,BR-2244064601,False,Brasil,0.05,False,False,0.572064989492029
TXN00003771,CLI000773,2023-01-27,ESTORNO,56.03,01,SP-CORE-01,BR,BR-8793362077,False,Brasil,0.05,False,False,0.061921746620540355
TXN00003772,CLI000710,2023-10-14,AJUSTE,1740.4,00,SP-CORE-02,BR,BR-1322060399,False,Brasil,0.05,False,False,-1.2632837928992724
TXN00003773,CLI000097,2023-03-29,FATURA,2088.67,10,MG-CORE-01,BR,BR-7482301234,False,Brasil,0.05,False,False,1.1195710075384053
TXN00003774,CLI000422,2023-11-29,AJUSTE,2731.31,02,SP-CORE-01,BR,BR-6971064982,False,Brasil,0.05,False,False,1.1925647997636084
TXN00003775,CLI001099,2023-07-28,ESTORNO,2403.26,10,RJ-CORE-01,BR,BR-7902950398,False,Brasil,0.05,False,False,0.5668175579964714
TXN00003776,CLI000499,2023-05-03,AJUSTE,2765.05,00,SP-CORE-01,BR,BR-1888734391,False,Brasil,0.05,False,False,0.7071067811865476
TXN00003777,CLI000500,2023-08-17,AJUSTE,620.38,00,RJ-CORE-01,BR,BR-1015464229,False,Brasil,0.05,False,False,0.0
TXN00003778,CLI000328,2023-05-24,AJUSTE,1326.03,00,BA-CORE-01,BR,BR-3456283110,False,Brasil,0.05,False,False,0.0917490644607951
TXN00003779,CLI000356,2023-01-02,AJUSTE,362.92,01,RJ-CORE-01,BR,BR-7497407953,False,Brasil,0.05,False,False,-0.6099404538933898
TXN00003780,CLI000249,2023-10-09,FATURA,2596.01,00,MG-CORE-01,BR,BR-6406653532,False,Brasil,0.05,False,False,-0.43915320955102793
TXN00003781,CLI001158,2023-04-24,PAGAMENTO,1465.37,00,SP-CORE-02,BR,BR-4661352590,False,Brasil,0.05,False,False,-0.488806171286081
TXN00003782,CLI000026,2023-11-29,FATURA,3285.67,10,SP-CORE-02,BR,BR-1511545211,False,Brasil,0.05,False,False,0.7071067811865475
TXN00003783,CLI000988,2023-09-19,PAGAMENTO,2081.94,02,MG-CORE-01,BR,BR-1961769664,False,Brasil,0.05,False,False,0.02221258639809278
TXN00003784,CLI000527,2023-01-24,AJUSTE,168.74,02,SP-CORE-02,BR,BR-3291647639,False,Brasil,0.05,False,False,-0.4163403217949793
TXN00003785,CLI000889,2023-01-26,FATURA,3383.5,00,MG-CORE-01,BR,BR-2253457423,False,Brasil,0.05,False,False,1.0603972998349118
TXN00003786,CLI000657,2023-05-18,AJUSTE,1970.99,00,BA-CORE-01,BR,BR-3747126998,False,Brasil,0.05,False,False,0.16080598451049316
TXN00003787,CLI000226,2023-04-03,FATURA,160175.89,9A,SANTOS-PORT-07,PA,OFFSHORE-450053IE,True,Panamá,0.9,True,True,1.787795069291054
TXN00003788,CLI000745,2023-11-15,FATURA,941.61,02,RJ-CORE-01,BR,BR-2201258571,False,Brasil,0.05,False,False,0.18376364025176492
TXN00003789,CLI000798,2023-11-07,PAGAMENTO,1664.69,10,RJ-CORE-01,BR,BR-9657101385,False,Brasil,0.05,False,False,-0.21627246784614243
TXN00003790,CLI000484,2023-11-04,FATURA,667.5,10,MG-CORE-01,BR,BR-3505087861,False,Brasil,0.05,False,False,-1.0383854481803276
TXN00003791,CLI000851,2023-08-17,PAGAMENTO,2575.58,00,BA-CORE-01,BR,BR-8250400388,False,Brasil,0.05,False,False,0.614252609560845
TXN00003792,CLI000276,2023-08-06,AJUSTE,857.0,02,MG-CORE-01,BR,BR-2899169638,False,Brasil,0.05,False,False,0.570907521457798
TXN00003793,CLI000052,2023-07-15,PAGAMENTO,3234.36,10,BA-CORE-01,BR,BR-6687666402,False,Brasil,0.05,False,False,1.107370315796314
TXN00003794,CLI001075,2023-07-06,ESTORNO,1740.58,10,SP-CORE-01,BR,BR-2698502431,False,Brasil,0.05,False,False,0.22661779838364599
TXN00003795,CLI000446,2023-05-27,PAGAMENTO,2884.61,00,SP-CORE-02,BR,BR-2915795547,False,Brasil,0.05,False,False,0.5033430301817459
TXN00003796,CLI000781,2023-12-08,ESTORNO,1345.12,00,RJ-CORE-01,BR,BR-7158568902,False,Brasil,0.05,False,False,-0.5468454615258177
TXN00003797,CLI000227,2023-09-11,AJUSTE,1496.43,01,SP-CORE-01,BR,BR-3057318920,False,Brasil,0.05,False,False,-0.2325250197261137
TXN00003798,CLI000210,2023-08-23,FATURA,1468.01,00,RJ-CORE-01,BR,BR-3130137051,False,Brasil,0.05,False,False,0.7071067811865476
TXN00003799,CLI001090,2023-04-06,ESTORNO,-1048.42,01,SP-CORE-01,BR,BR-2973065509,False,Brasil,0.05,False,False,-1.9116045712845857
TXN00003800,CLI000056,2023-04-17,PAGAMENTO,3107.37,10,RJ-CORE-01,BR,BR-1756389067,False,Brasil,0.05,False,False,0.938704769929606
TXN00003801,CLI000045,2023-07-18,ESTORNO,1109.91,10,BA-CORE-01,BR,BR-7741629702,False,Brasil,0.05,False,False,-0.18312568667063822
TXN00003802,CLI000570,2023-07-13,AJUSTE,1938.2,01,SP-CORE-01,BR,BR-2211370833,False,Brasil,0.05,False,False,0.9307051615040884
TXN00003803,CLI000162,2023-09-07,AJUSTE,2396.53,01,MG-CORE-01,BR,BR-2332128020,False,Brasil,0.05,False,False,0.7969277241724365
TXN00003804,CLI000344,2023-10-23,ESTORNO,3414.84,01,BA-CORE-01,BR,BR-4802132892,False,Brasil,0.05,False,False,1.111529649286805
TXN00003805,CLI000090,2023-01-30,PAGAMENTO,1353.89,01,RJ-CORE-01,BR,BR-8806099647,False,Brasil,0.05,False,False,0.7764124724070669
TXN00003806,CLI000926,2023-01-26,ESTORNO,-1332.38,01,BA-CORE-01,BR,BR-1806801100,False,Brasil,0.05,False,False,-1.0935185618522556
TXN00003807,CLI001063,2023-03-07,AJUSTE,1807.2,02,MG-CORE-01,BR,BR-1616423848,False,Brasil,0.05,False,False,0.3782242558156637
TXN00003808,CLI000821,2023-01-11,AJUSTE,324.52,00,MG-CORE-01,BR,BR-2831352713,False,Brasil,0.05,False,False,-0.42209065673220103
TXN00003809,CLI001067,2023-09-03,FATURA,1184.64,10,BA-CORE-01,BR,BR-2728742796,False,Brasil,0.05,False,False,0.1644522765203139
TXN00003810,CLI000117,2023-10-23,ESTORNO,-1680.18,02,BA-CORE-01,BR,BR-9640565939,False,Brasil,0.05,False,False,-1.2860547702163603
TXN00003811,CLI000572,2023-03-24,ESTORNO,-3255.91,01,SP-CORE-01,BR,BR-5723304144,False,Brasil,0.05,False,False,0.0
TXN00003812,CLI001133,2023-06-21,PAGAMENTO,3457.7,02,BA-CORE-01,BR,BR-2649226867,False,Brasil,0.05,False,False,1.0529115023572326
TXN00003813,CLI000833,2023-01-05,FATURA,1525.69,10,SP-CORE-02,BR,BR-5014410308,False,Brasil,0.05,False,False,0.31790580589757156
TXN00003814,CLI000945,2023-02-18,AJUSTE,3476.17,01,SP-CORE-01,BR,BR-1567704691,False,Brasil,0.05,False,False,1.500796540789246
TXN00003815,CLI000625,2023-06-30,ESTORNO,-1581.24,01,MG-CORE-01,BR,BR-4307630024,False,Brasil,0.05,False,False,-1.4749071593422223
TXN00003816,CLI000433,2023-04-22,PAGAMENTO,1718.25,00,SP-CORE-01,BR,BR-2149575829,False,Brasil,0.05,False,False,0.23041930714800715
TXN00003817,CLI000425,2023-07-20,FATURA,1865.8,01,SP-CORE-01,BR,BR-3575422095,False,Brasil,0.05,False,False,-0.5809759777641518
TXN00003818,CLI000352,2023-09-13,FATURA,287.47,10,RJ-CORE-01,BR,BR-4400156805,False,Brasil,0.05,False,False,-0.8231200439822649
TXN00003819,CLI000496,2023-07-19,FATURA,791.88,01,MG-CORE-01,BR,BR-8809347296,False,Brasil,0.05,False,False,0.2263342359435849
TXN00003820,CLI000076,2023-08-29,FATURA,2156.44,02,RJ-CORE-01,BR,BR-1364922725,False,Brasil,0.05,False,False,0.4261430495788958
TXN00003821,CLI000335,2023-06-08,FATURA,2418.58,00,SP-CORE-02,BR,BR-5892956017,False,Brasil,0.05,False,False,0.7041445693399614
TXN00003822,CLI000863,2023-06-01,ESTORNO,-1313.07,02,BA-CORE-01,BR,BR-9127754416,False,Brasil,0.05,False,False,-1.431791367918694
TXN00003823,CLI000571,2023-12-15,AJUSTE,2100.0,00,SP-CORE-02,BR,BR-4502395169,False,Brasil,0.05,False,False,-0.4802769564013927
TXN00003824,CLI000217,2023-11-06,AJUSTE,2219.77,01,RJ-CORE-01,BR,BR-6615175782,False,Brasil,0.05,False,False,0.6249501769434361
TXN00003825,CLI000137,2023-05-20,PAGAMENTO,262.69,01,RJ-CORE-01,BR,BR-3056895862,False,Brasil,0.05,False,False,-1.3342426426613097
TXN00003826,CLI000832,2023-09-10,ESTORNO,3039.41,01,SP-CORE-01,BR,BR-2047151089,False,Brasil,0.05,False,False,1.1633629931143534
TXN00003827,CLI000535,2023-03-04,FATURA,2442.82,10,SP-CORE-02,BR,BR-3334799664,False,Brasil,0.05,False,False,0.5269720058624491
TXN00003828,CLI000193,2023-05-13,ESTORNO,-359.88,01,BA-CORE-01,BR,BR-1191237069,False,Brasil,0.05,False,False,-1.088659446038629
TXN00003829,CLI000964,2023-07-19,ESTORNO,-777.35,00,BA-CORE-01,BR,BR-7634187301,False,Brasil,0.05,False,False,-0.44500923507831086
TXN00003830,CLI000878,2023-09-24,PAGAMENTO,2321.94,02,BA-CORE-01,BR,BR-2783634101,False,Brasil,0.05,False,False,0.892397227917651
TXN00003831,CLI000066,2023-07-05,ESTORNO,3089.11,10,SP-CORE-02,BR,BR-1963415929,False,Brasil,0.05,False,False,0.3891213475473672
TXN00003832,CLI000191,2023-12-26,AJUSTE,394.49,10,SP-CORE-02,BR,BR-6268529625,False,Brasil,0.05,False,False,-0.9975208809292104
TXN00003833,CLI000964,2023-07-25,PAGAMENTO,1788.61,00,SP-CORE-02,BR,BR-2655207639,False,Brasil,0.05,False,False,0.9054569710256349
TXN00003834,CLI000981,2023-08-08,AJUSTE,1595.82,10,SP-CORE-02,BR,BR-2231995081,False,Brasil,0.05,False,False,0.26792548450584075
TXN00003835,CLI000272,2023-12-28,AJUSTE,1042.2,00,SP-CORE-02,BR,BR-8234517952,False,Brasil,0.05,False,False,1.0194880527720924
TXN00003836,CLI001076,2023-11-27,AJUSTE,614.16,02,SP-CORE-01,BR,BR-4872405446,False,Brasil,0.05,False,False,0.3997401298000343
TXN00003837,CLI000889,2023-02-01,AJUSTE,1453.05,01,SP-CORE-02,BR,BR-3112353306,False,Brasil,0.05,False,False,0.2588804539664601
TXN00003838,CLI000635,2023-06-07,ESTORNO,3158.22,00,BA-CORE-01,BR,BR-5255316384,False,Brasil,0.05,False,False,1.2914458356464444
TXN00003839,CLI000573,2023-05-18,ESTORNO,-605.32,02,SP-CORE-02,BR,BR-1964316616,False,Brasil,0.05,False,False,-0.8193665562694069
TXN00003840,CLI000719,2023-07-08,AJUSTE,45.48,02,MG-CORE-01,BR,BR-6505350387,False,Brasil,0.05,False,False,-0.3212891964356304
TXN00003841,CLI000854,2023-03-02,FATURA,2345.71,10,SP-CORE-01,BR,BR-9917597402,False,Brasil,0.05,False,False,0.01423094989446411
TXN00003842,CLI000395,2023-01-05,ESTORNO,-2152.16,02,SP-CORE-01,BR,BR-2433337060,False,Brasil,0.05,False,False,-1.0949541469471027
TXN00003843,CLI000615,2023-04-09,FATURA,1646.75,02,RJ-CORE-01,BR,BR-9776107836,False,Brasil,0.05,False,False,0.3695147438234468
TXN00003844,CLI000156,2023-02-17,ESTORNO,-2401.63,00,BA-CORE-01,BR,BR-1648982313,False,Brasil,0.05,False,False,-0.7071067811865476
TXN00003845,CLI000548,2023-01-14,FATURA,2257.65,02,MG-CORE-01,BR,BR-2826411454,False,Brasil,0.05,False,False,-1.145437930841181
TXN00003846,CLI000496,2023-10-23,AJUSTE,2085.84,01,SP-CORE-01,BR,BR-8246300124,False,Brasil,0.05,False,False,0.859827266402999
TXN00003847,CLI000355,2023-07-15,PAGAMENTO,2494.71,10,BA-CORE-01,BR,BR-6527646752,False,Brasil,0.05,False,False,0.5186386294434986
TXN00003848,CLI000192,2023-10-19,AJUSTE,1227.47,01,BA-CORE-01,BR,BR-4759823710,False,Brasil,0.05,False,False,-0.26656080991086145
TXN00003849,CLI000473,2023-02-17,ESTORNO,2924.98,01,BA-CORE-01,BR,BR-4430319690,False,Brasil,0.05,False,False,0.333912558510126
TXN00003850,CLI000364,2023-03-06,ESTORNO,-995.94,01,RJ-CORE-01,BR,BR-4388111272,False,Brasil,0.05,False,False,0.390652755084457
TXN00003851,CLI001104,2023-05-19,AJUSTE,1447.19,01,RJ-CORE-01,BR,BR-5200690282,False,Brasil,0.05,False,False,0.37613687402391316
TXN00003852,CLI001079,2023-05-02,AJUSTE,915.59,10,RJ-CORE-01,BR,BR-5924562641,False,Brasil,0.05,False,False,-0.8278434156997161
TXN00003853,CLI000891,2023-08-12,PAGAMENTO,3160.8,02,SP-CORE-01,BR,BR-5929678361,False,Brasil,0.05,False,False,1.2538057397250528
TXN00003854,CLI000274,2023-05-28,ESTORNO,-631.53,01,BA-CORE-01,BR,BR-9488312421,False,Brasil,0.05,False,False,0.09807035510840749
TXN00003855,CLI000045,2023-06-25,ESTORNO,92.47,02,SP-CORE-02,BR,BR-4498894110,False,Brasil,0.05,False,False,-0.929866894021743
TXN00003856,CLI000983,2023-03-25,ESTORNO,3409.8,02,BA-CORE-01,BR,BR-8416153220,False,Brasil,0.05,False,False,0.9981794800124747
TXN00003857,CLI000430,2023-05-08,FATURA,2001.23,10,RJ-CORE-01,BR,BR-1621343575,False,Brasil,0.05,False,False,0.44879318275379293
TXN00003858,CLI000938,2023-11-04,ESTORNO,-354.52,10,MG-CORE-01,BR,BR-1547761887,False,Brasil,0.05,False,False,-0.6978705325499793
TXN00003859,CLI000697,2023-10-09,FATURA,1840.16,00,SP-CORE-01,BR,BR-8591506799,False,Brasil,0.05,False,False,0.9228521724121331
TXN00003860,CLI000824,2023-03-11,ESTORNO,1935.67,10,SP-CORE-02,BR,BR-6809410371,False,Brasil,0.05,False,False,0.9606951890110444
TXN00003861,CLI001104,2023-09-22,PAGAMENTO,3370.79,10,MG-CORE-01,BR,BR-7417567959,False,Brasil,0.05,False,False,0.38953944777461735
TXN00003862,CLI000888,2023-08-22,ESTORNO,77.08,00,MG-CORE-01,BR,BR-9473321348,False,Brasil,0.05,False,False,-0.9937290387422454
TXN00003863,CLI000054,2023-02-13,FATURA,2965.05,10,SP-CORE-01,BR,BR-8029161450,False,Brasil,0.05,False,False,-0.4950643535158245
TXN00003864,CLI000804,2023-09-26,AJUSTE,927.27,10,SP-CORE-01,BR,BR-4958262912,False,Brasil,0.05,False,False,-0.9892369842756993
TXN00003865,CLI000157,2023-07-03,PAGAMENTO,1477.53,02,SP-CORE-01,BR,BR-6940735248,False,Brasil,0.05,False,False,-0.13273590810580932
TXN00003866,CLI000535,2023-01-11,PAGAMENTO,2408.06,10,MG-CORE-01,BR,BR-7654361461,False,Brasil,0.05,False,False,0.5083828245263972
TXN00003867,CLI000891,2023-04-15,AJUSTE,1008.62,01,RJ-CORE-01,BR,BR-6283301624,False,Brasil,0.05,False,False,-1.125527688306379
TXN00003868,CLI000838,2023-01-10,ESTORNO,3092.64,02,RJ-CORE-01,BR,BR-9949069966,False,Brasil,0.05,False,False,0.38172083897316944
TXN00003869,CLI000637,2023-12-29,PAGAMENTO,2026.62,01,MG-CORE-01,BR,BR-8365529848,False,Brasil,0.05,False,False,-1.2215574142388772
TXN00003870,CLI000891,2023-03-11,FATURA,2890.39,02,SP-CORE-02,BR,BR-1374736832,False,Brasil,0.05,False,False,0.9548551165086024
TXN00003871,CLI000255,2023-08-30,FATURA,2913.41,01,RJ-CORE-01,BR,BR-2553530199,False,Brasil,0.05,False,False,0.7978143543966407
TXN00003872,CLI001005,2023-01-18,ESTORNO,2958.81,02,SP-CORE-01,BR,BR-4653278198,False,Brasil,0.05,False,False,-0.4003284950340515
TXN00003873,CLI000843,2023-03-30,PAGAMENTO,2649.38,02,BA-CORE-01,BR,BR-1473117789,False,Brasil,0.05,False,False,0.7071067811865475
TXN00003874,CLI000107,2023-09-22,AJUSTE,2270.95,01,MG-CORE-01,BR,BR-9209236972,False,Brasil,0.05,False,False,0.24450422364820146
TXN00003875,CLI000174,2023-04-11,PAGAMENTO,1144.31,02,SP-CORE-02,BR,BR-5893467877,False,Brasil,0.05,False,False,-0.5580895205701937
TXN00003876,CLI001184,2023-02-10,FATURA,2978.54,01,MG-CORE-01,BR,BR-2977353085,False,Brasil,0.05,False,False,0.682315221827806
TXN00003877,CLI001032,2023-11-04,PAGAMENTO,1180.45,01,SP-CORE-01,BR,BR-2808511815,False,Brasil,0.05,False,False,-0.3495723399810003
TXN00003878,CLI000973,2023-03-17,ESTORNO,3174.8,10,MG-CORE-01,BR,BR-1964594683,False,Brasil,0.05,False,False,0.7567901624037396
TXN00003879,CLI000398,2023-04-21,FATURA,1367.77,10,SP-CORE-02,BR,BR-4208320641,False,Brasil,0.05,False,False,0.7071067811865475
TXN00003880,CLI000529,2023-04-21,PAGAMENTO,902.98,02,SP-CORE-02,BR,BR-5909476525,False,Brasil,0.05,False,False,-0.5471702457645463
TXN00003881,CLI000215,2023-09-18,PAGAMENTO,2737.47,10,SP-CORE-02,BR,BR-4148561166,False,Brasil,0.05,False,False,0.8194854674289638
TXN00003882,CLI000901,2023-12-12,FATURA,3371.25,01,SP-CORE-02,BR,BR-7119077461,False,Brasil,0.05,False,False,0.9335758878680547
TXN00003883,CLI000255,2023-02-15,PAGAMENTO,1679.19,00,MG-CORE-01,BR,BR-9822220773,False,Brasil,0.05,False,False,-0.11127063124720972
TXN00003884,CLI000877,2023-06-04,PAGAMENTO,994.19,02,MG-CORE-01,BR,BR-3497983389,False,Brasil,0.05,False,False,-1.1414473520897594
TXN00003885,CLI000804,2023-12-12,AJUSTE,1458.9,01,MG-CORE-01,BR,BR-1679348721,False,Brasil,0.05,False,False,-0.02118926440119337
TXN00003886,CLI001136,2023-10-03,PAGAMENTO,1109.8,00,BA-CORE-01,BR,BR-5925840748,False,Brasil,0.05,False,False,0.22165879268500502
TXN00003887,CLI000559,2023-09-11,PAGAMENTO,942.08,10,RJ-CORE-01,BR,BR-1606782223,False,Brasil,0.05,False,False,-0.41195700419651926
TXN00003888,CLI000726,2023-11-29,ESTORNO,-853.21,02,BA-CORE-01,BR,BR-2052463740,False,Brasil,0.05,False,False,-0.5062364344164594
TXN00003889,CLI000976,2023-08-17,AJUSTE,2629.67,02,SP-CORE-01,BR,BR-9643525901,False,Brasil,0.05,False,False,0.44607993057362744
TXN00003890,CLI000544,2023-08-27,PAGAMENTO,1481.22,10,RJ-CORE-01,BR,BR-2788831866,False,Brasil,0.05,False,False,-0.4566945213780405
TXN00003891,CLI000727,2023-01-12,AJUSTE,3354.88,10,MG-CORE-01,BR,BR-4287444025,False,Brasil,0.05,False,False,0.8506104159317076
TXN00003892,CLI000181,2023-06-07,FATURA,2096.77,02,SP-CORE-02,BR,BR-9369885242,False,Brasil,0.05,False,False,0.42272483277172357
TXN00003893,CLI000120,2023-06-12,FATURA,2645.25,01,SP-CORE-02,BR,BR-7314394350,False,Brasil,0.05,False,False,0.8103162441546896
TXN00003894,CLI000764,2023-11-26,FATURA,2517.34,02,SP-CORE-01,BR,BR-8398327804,False,Brasil,0.05,False,False,0.591084598200083
TXN00003895,CLI000540,2023-07-02,PAGAMENTO,2546.38,01,SP-CORE-02,BR,BR-5351701335,False,Brasil,0.05,False,False,0.7656502095449293
TXN00003896,CLI000370,2023-05-06,ESTORNO,-1848.16,02,MG-CORE-01,BR,BR-1477886699,False,Brasil,0.05,False,False,-1.1545105760347945
TXN00003897,CLI000028,2023-12-13,AJUSTE,472.87,10,MG-CORE-01,BR,BR-3759320154,False,Brasil,0.05,False,False,-0.3875585704888778
TXN00003898,CLI000503,2023-05-14,FATURA,1643.12,00,SP-CORE-01,BR,BR-1688692817,False,Brasil,0.05,False,False,0.08522951375273995
TXN00003899,CLI001028,2023-10-27,ESTORNO,-3463.81,02,MG-CORE-01,BR,BR-6271277159,False,Brasil,0.05,False,False,-1.3468176110002565
TXN00003900,CLI000652,2023-06-10,PAGAMENTO,3477.79,00,BA-CORE-01,BR,BR-5000548312,False,Brasil,0.05,False,False,-0.4873479580149083
TXN00003901,CLI000157,2023-08-18,AJUSTE,2760.69,02,MG-CORE-01,BR,BR-9984798963,False,Brasil,0.05,False,False,0.7610894837969843
TXN00003902,CLI000837,2023-06-06,ESTORNO,1656.94,10,SP-CORE-01,BR,BR-5084827615,False,Brasil,0.05,False,False,-0.09395399632078033
TXN00003903,CLI000819,2023-12-09,PAGAMENTO,20.21,10,BA-CORE-01,BR,BR-4191739394,False,Brasil,0.05,False,False,-0.7776246755985741
TXN00003904,CLI000756,2023-10-08,PAGAMENTO,3101.32,00,RJ-CORE-01,BR,BR-1240504531,False,Brasil,0.05,False,False,0.0
TXN00003905,CLI000139,2023-06-25,PAGAMENTO,3423.27,02,SP-CORE-01,BR,BR-2684876851,False,Brasil,0.05,False,False,0.5067574257756178
TXN00003906,CLI000381,2023-03-26,ESTORNO,2460.82,01,SP-CORE-01,BR,BR-8268916871,False,Brasil,0.05,False,False,0.25760029508620996
TXN00003907,CLI000986,2023-08-05,PAGAMENTO,3180.77,00,RJ-CORE-01,BR,BR-7345454550,False,Brasil,0.05,False,False,0.7071067811865476
TXN00003908,CLI000519,2023-11-16,AJUSTE,1881.9,01,SP-CORE-02,BR,BR-2634106492,False,Brasil,0.05,False,False,-0.013090485025238132
TXN00003909,CLI000771,2023-07-01,FATURA,253.97,00,BA-CORE-01,BR,BR-2822019158,False,Brasil,0.05,False,False,-0.030476712457907007
TXN00003910,CLI001131,2023-06-07,FATURA,1706.25,10,SP-CORE-02,BR,BR-2159295684,False,Brasil,0.05,False,False,-0.3786967634598003
TXN00003911,CLI000933,2023-05-10,FATURA,1599.16,02,SP-CORE-02,BR,BR-1448394850,False,Brasil,0.05,False,False,0.30750988870819485
TXN00003912,CLI000578,2023-06-04,ESTORNO,2900.1,00,SP-CORE-02,BR,BR-2440839808,False,Brasil,0.05,False,False,0.6546756716902511
TXN00003913,CLI000985,2023-01-09,FATURA,3256.48,01,SP-CORE-02,BR,BR-6323740456,False,Brasil,0.05,False,False,1.150566306474471
TXN00003914,CLI001018,2023-07-02,AJUSTE,3472.55,10,MG-CORE-01,BR,BR-1457261738,False,Brasil,0.05,False,False,1.452972547052957
TXN00003915,CLI000157,2023-06-04,PAGAMENTO,352.38,00,SP-CORE-02,BR,BR-9202043288,False,Brasil,0.05,False,False,-0.9164944726647328
TXN00003916,CLI000857,2023-01-05,AJUSTE,511.91,02,SP-CORE-02,BR,BR-4990891827,False,Brasil,0.05,False,False,0.40382646656331916
TXN00003917,CLI001102,2023-10-01,ESTORNO,2855.21,02,SP-CORE-02,BR,BR-6327198930,False,Brasil,0.05,False,False,0.6557228870564573
TXN00003918,CLI000704,2023-11-23,ESTORNO,603.9,00,MG-CORE-01,BR,BR-9782669254,False,Brasil,0.05,False,False,1.0719705083852031
TXN00003919,CLI000769,2023-10-23,FATURA,1838.35,00,SP-CORE-02,BR,BR-3077935216,False,Brasil,0.05,False,False,0.0
TXN00003920,CLI000365,2023-07-04,ESTORNO,-2830.63,00,MG-CORE-01,BR,BR-5501335775,False,Brasil,0.05,False,False,-1.0881224658663546
TXN00003921,CLI000638,2023-10-03,AJUSTE,735.26,00,BA-CORE-01,BR,BR-2325447786,False,Brasil,0.05,False,False,-0.19842526559093193
TXN00003922,CLI001092,2023-10-08,FATURA,3122.52,00,SP-CORE-01,BR,BR-9506361521,False,Brasil,0.05,False,False,0.9848737702621578
TXN00003923,CLI000355,2023-05-13,FATURA,3034.2,01,RJ-CORE-01,BR,BR-8523405865,False,Brasil,0.05,False,False,1.072055301824213
TXN00003924,CLI000496,2023-03-22,ESTORNO,377.73,02,BA-CORE-01,BR,BR-9412720049,False,Brasil,0.05,False,False,0.02357592922253764
TXN00003925,CLI001055,2023-10-28,FATURA,2579.56,00,SP-CORE-02,BR,BR-3148411730,False,Brasil,0.05,False,False,1.7192671546581675
TXN00003926,CLI000606,2023-03-21,ESTORNO,1663.19,01,RJ-CORE-01,BR,BR-3897756110,False,Brasil,0.05,False,False,-1.4346126298581656
TXN00003927,CLI000743,2023-02-15,PAGAMENTO,704.31,00,RJ-CORE-01,BR,BR-6717968085,False,Brasil,0.05,False,False,-0.37664453643581775
TXN00003928,CLI000389,2023-01-28,AJUSTE,3333.9,02,SP-CORE-02,BR,BR-3162852783,False,Brasil,0.05,False,False,1.2172110797414837
TXN00003929,CLI000181,2023-06-07,FATURA,1052.98,10,MG-CORE-01,BR,BR-4328858145,False,Brasil,0.05,False,False,-0.11472678371348954
TXN00003930,CLI001125,2023-01-25,FATURA,2165.9,10,RJ-CORE-01,BR,BR-9691662212,False,Brasil,0.05,False,False,0.563030675962013
TXN00003931,CLI000886,2023-12-06,ESTORNO,2692.83,02,MG-CORE-01,BR,BR-8714058899,False,Brasil,0.05,False,False,0.7445253885457642
TXN00003932,CLI000377,2023-06-06,AJUSTE,1152.87,02,SP-CORE-01,BR,BR-5455634687,False,Brasil,0.05,False,False,0.5839125578829134
TXN00003933,CLI000113,2023-03-14,FATURA,1435.0,02,RJ-CORE-01,BR,BR-1692447546,False,Brasil,0.05,False,False,0.7071067811865476
TXN00003934,CLI000215,2023-06-07,PAGAMENTO,2401.84,00,SP-CORE-01,BR,BR-8225741241,False,Brasil,0.05,False,False,0.2947660856089877
TXN00003935,CLI001079,2023-11-25,PAGAMENTO,1344.26,00,SP-CORE-01,BR,BR-3688446467,False,Brasil,0.05,False,False,-0.25381252488915446
TXN00003936,CLI001097,2023-03-23,AJUSTE,2331.26,01,SP-CORE-01,BR,BR-4086168237,False,Brasil,0.05,False,False,0.7150866580131048
TXN00003937,CLI001023,2023-08-02,AJUSTE,2888.31,01,SP-CORE-02,BR,BR-8596234712,False,Brasil,0.05,False,False,0.7071067811865475
TXN00003938,CLI000300,2023-11-23,ESTORNO,1419.34,10,BA-CORE-01,BR,BR-5858456593,False,Brasil,0.05,False,False,-0.9948480251574133
TXN00003939,CLI000177,2023-09-28,FATURA,693.56,02,MG-CORE-01,BR,BR-6544122414,False,Brasil,0.05,False,False,-0.9448389620692605
TXN00003940,CLI001009,2023-01-06,FATURA,1221.51,01,SP-CORE-02,BR,BR-9332842743,False,Brasil,0.05,False,False,-0.8408004719382055
TXN00003941,CLI000324,2023-03-09,AJUSTE,1938.41,10,SP-CORE-01,BR,BR-8227886543,False,Brasil,0.05,False,False,0.1407712385528456
TXN00003942,CLI000696,2023-01-16,AJUSTE,182.26,10,RJ-CORE-01,BR,BR-2026972351,False,Brasil,0.05,False,False,-0.4551705171891087
TXN00003943,CLI000251,2023-03-07,PAGAMENTO,904.23,01,BA-CORE-01,BR,BR-3606517080,False,Brasil,0.05,False,False,-0.3908530263130051
TXN00003944,CLI000092,2023-11-09,AJUSTE,1236.78,02,RJ-CORE-01,BR,BR-5114645902,False,Brasil,0.05,False,False,-1.138747747760793
TXN00003945,CLI000779,2023-12-13,ESTORNO,-3485.56,00,SP-CORE-02,BR,BR-9565902229,False,Brasil,0.05,False,False,-1.6488683905795127
TXN00003946,CLI000027,2023-05-28,FATURA,1942.41,01,SP-CORE-02,BR,BR-1064174343,False,Brasil,0.05,False,False,-0.21362295847154134
TXN00003947,CLI000818,2023-07-03,PAGAMENTO,2968.25,10,RJ-CORE-01,BR,BR-4844574882,False,Brasil,0.05,False,False,0.8293992536915892
TXN00003948,CLI001197,2023-01-22,ESTORNO,2518.7,00,RJ-CORE-01,BR,BR-3142811846,False,Brasil,0.05,False,False,1.3366279588624186
TXN00003949,CLI000797,2023-08-12,ESTORNO,-1384.66,02,SP-CORE-02,BR,BR-7248352168,False,Brasil,0.05,False,False,-1.4026858670612903
TXN00003950,CLI001008,2023-11-18,ESTORNO,2946.67,10,SP-CORE-02,BR,BR-2269627466,False,Brasil,0.05,False,False,0.7071067811865475
TXN00003951,CLI000798,2023-07-15,PAGAMENTO,1229.63,01,SP-CORE-01,BR,BR-5587720178,False,Brasil,0.05,False,False,-0.6201203131646369
TXN00003952,CLI000181,2023-08-02,FATURA,2272.1,01,BA-CORE-01,BR,BR-7771065861,False,Brasil,0.05,False,False,0.5130029461071189
TXN00003953,CLI000568,2023-04-10,FATURA,1954.92,00,RJ-CORE-01,BR,BR-2517706056,False,Brasil,0.05,False,False,0.22413379778972203
TXN00003954,CLI000035,2023-02-10,PAGAMENTO,2642.76,00,SP-CORE-02,BR,BR-1305517870,False,Brasil,0.05,False,False,0.456185111500693
TXN00003955,CLI000661,2023-06-18,AJUSTE,441.96,02,BA-CORE-01,BR,BR-7273835467,False,Brasil,0.05,False,False,0.2184668811122824
TXN00003956,CLI000250,2023-10-14,AJUSTE,606.34,02,RJ-CORE-01,BR,BR-9530420568,False,Brasil,0.05,False,False,-0.854016992844787
TXN00003957,CLI000263,2023-08-24,ESTORNO,-2834.9,00,RJ-CORE-01,BR,BR-9497523041,False,Brasil,0.05,False,False,-1.4856023468695372
TXN00003958,CLI000441,2023-10-29,AJUSTE,1267.26,00,MG-CORE-01,BR,BR-4969240305,False,Brasil,0.05,False,False,-1.0538107229362652
TXN00003959,CLI001011,2023-10-16,FATURA,1173.21,01,SP-CORE-02,BR,BR-5036536863,False,Brasil,0.05,False,False,0.16173693033602868
TXN00003960,CLI000680,2023-10-12,FATURA,910.35,10,BA-CORE-01,BR,BR-3097056432,False,Brasil,0.05,False,False,-0.21679155217618926
TXN00003961,CLI000381,2023-12-19,PAGAMENTO,2319.69,01,RJ-CORE-01,BR,BR-6526012592,False,Brasil,0.05,False,False,0.13676192593963118
TXN00003962,CLI000448,2023-09-27,AJUSTE,3173.69,00,SP-CORE-01,BR,BR-3923089394,False,Brasil,0.05,False,False,0.8747999679177707
TXN00003963,CLI001054,2023-05-06,AJUSTE,1319.84,00,MG-CORE-01,BR,BR-7188307752,False,Brasil,0.05,False,False,0.7752295764379314
TXN00003964,CLI001015,2023-08-07,ESTORNO,1882.42,02,MG-CORE-01,BR,BR-6642064072,False,Brasil,0.05,False,False,0.5635155074051579
TXN00003965,CLI000449,2023-11-09,FATURA,3322.83,02,RJ-CORE-01,BR,BR-9948523764,False,Brasil,0.05,False,False,0.9097845965570377
TXN00003966,CLI000686,2023-05-18,PAGAMENTO,2574.55,02,BA-CORE-01,BR,BR-7228098909,False,Brasil,0.05,False,False,1.0015670188968975
TXN00003967,CLI000661,2023-02-10,AJUSTE,824.06,01,SP-CORE-01,BR,BR-9773224781,False,Brasil,0.05,False,False,0.37518358156285986
TXN00003968,CLI001001,2023-12-17,ESTORNO,2759.77,02,BA-CORE-01,BR,BR-9834999739,False,Brasil,0.05,False,False,0.0
TXN00003969,CLI000597,2023-10-03,ESTORNO,2485.71,02,SP-CORE-01,BR,BR-4395560956,False,Brasil,0.05,False,False,-0.4755451699296866
TXN00003970,CLI000662,2023-12-17,PAGAMENTO,3107.88,01,MG-CORE-01,BR,BR-3408619421,False,Brasil,0.05,False,False,0.931077104470028
TXN00003971,CLI000686,2023-11-30,FATURA,430.0,10,MG-CORE-01,BR,BR-5747218802,False,Brasil,0.05,False,False,-0.40010562886424283
TXN00003972,CLI000734,2023-05-18,AJUSTE,2153.69,02,RJ-CORE-01,BR,BR-2614141871,False,Brasil,0.05,False,False,-1.0132882944474884
TXN00003973,CLI000875,2023-06-09,PAGAMENTO,3105.79,10,MG-CORE-01,BR,BR-7743673019,False,Brasil,0.05,False,False,1.1155113861662735
TXN00003974,CLI000719,2023-01-05,AJUSTE,3199.03,00,BA-CORE-01,BR,BR-4667168479,False,Brasil,0.05,False,False,1.1211548476114956
TXN00003975,CLI000176,2023-02-01,AJUSTE,2926.04,10,SP-CORE-02,BR,BR-6252965310,False,Brasil,0.05,False,False,0.8798297785769622
TXN00003976,CLI001074,2023-10-22,ESTORNO,-1674.39,01,SP-CORE-02,BR,BR-9049451104,False,Brasil,0.05,False,False,-1.6159914715398456
TXN00003977,CLI000782,2023-10-05,ESTORNO,-2775.74,01,RJ-CORE-01,BR,BR-3873979788,False,Brasil,0.05,False,False,-1.9869949812962477
TXN00003978,CLI000170,2023-10-11,PAGAMENTO,189.89,02,MG-CORE-01,BR,BR-6793644432,False,Brasil,0.05,False,False,-0.5057629300214938
TXN00003979,CLI001134,2023-05-21,FATURA,48.21,01,SP-CORE-02,BR,BR-8809494982,False,Brasil,0.05,False,False,-1.1729807137649322
TXN00003980,CLI000496,2023-02-06,FATURA,2938.0,02,SP-CORE-02,BR,BR-1468662769,False,Brasil,0.05,False,False,1.277025186614052
TXN00003981,CLI000559,2023-09-27,ESTORNO,-1408.98,10,SP-CORE-01,BR,BR-2860212181,False,Brasil,0.05,False,False,-0.425734417996593
TXN00003982,CLI000896,2023-01-09,PAGAMENTO,1220.78,01,MG-CORE-01,BR,BR-7019484591,False,Brasil,0.05,False,False,-0.31704292129119505
TXN00003983,CLI000279,2023-05-17,PAGAMENTO,3261.25,10,SP-CORE-02,BR,BR-5571870428,False,Brasil,0.05,False,False,0.8925218093051533
TXN00003984,CLI001175,2023-11-19,FATURA,1178.0,01,MG-CORE-01,BR,BR-7890714185,False,Brasil,0.05,False,False,-0.5558407051472275
TXN00003985,CLI000838,2023-02-24,FATURA,2105.57,01,BA-CORE-01,BR,BR-8478761088,False,Brasil,0.05,False,False,-1.0989688740935917
TXN00003986,CLI000088,2023-11-17,PAGAMENTO,3240.69,01,BA-CORE-01,BR,BR-5785995585,False,Brasil,0.05,False,False,1.8333733986110214
TXN00003987,CLI001141,2023-02-13,AJUSTE,3080.59,02,RJ-CORE-01,BR,BR-2952400435,False,Brasil,0.05,False,False,0.7875570947995238
TXN00003988,CLI001125,2023-01-11,AJUSTE,2364.05,10,RJ-CORE-01,BR,BR-3341106022,False,Brasil,0.05,False,False,0.6464481474907674
TXN00003989,CLI000533,2023-02-15,AJUSTE,3201.37,10,SP-CORE-02,BR,BR-9368888421,False,Brasil,0.05,False,False,1.2406191306481027
TXN00003990,CLI000591,2023-11-07,AJUSTE,1310.32,10,BA-CORE-01,BR,BR-6211814586,False,Brasil,0.05,False,False,0.15786981157079533
TXN00003991,CLI000169,2023-01-02,PAGAMENTO,1571.42,00,MG-CORE-01,BR,BR-3440428643,False,Brasil,0.05,False,False,-0.3479280880774228
TXN00003992,CLI000759,2023-11-07,FATURA,1776.96,10,MG-CORE-01,BR,BR-8620154699,False,Brasil,0.05,False,False,0.5267542162491117
TXN00003993,CLI000629,2023-03-20,FATURA,2012.6,02,RJ-CORE-01,BR,BR-8767592581,False,Brasil,0.05,False,False,0.506299531428302
TXN00003994,CLI001109,2023-06-23,AJUSTE,736.91,00,MG-CORE-01,BR,BR-8686097927,False,Brasil,0.05,False,False,-0.3367638253601197
TXN00003995,CLI001169,2023-09-24,AJUSTE,2662.49,01,BA-CORE-01,BR,BR-9497854045,False,Brasil,0.05,False,False,1.0538031227949407
TXN00003996,CLI000654,2023-05-20,PAGAMENTO,1551.11,10,RJ-CORE-01,BR,BR-1916635497,False,Brasil,0.05,False,False,-0.4149429829551827
TXN00003997,CLI000540,2023-09-04,FATURA,85.22,02,RJ-CORE-01,BR,BR-7111396382,False,Brasil,0.05,False,False,-1.5135844804190648
TXN00003998,CLI000965,2023-11-23,AJUSTE,2927.0,01,MG-CORE-01,BR,BR-1756367883,False,Brasil,0.05,False,False,0.9937298379934135
TXN00003999,CLI000289,2023-02-22,PAGAMENTO,1190.27,10,BA-CORE-01,BR,BR-1608759619,False,Brasil,0.05,False,False,-0.04207224847414987
TXN00004000,CLI000494,2023-10-26,FATURA,944.4,00,MG-CORE-01,BR,BR-6471381674,False,Brasil,0.05,False,False,-0.6007568478210253
TXN00004001,CLI000105,2023-02-27,ESTORNO,-1223.29,02,BA-CORE-01,BR,BR-5645905276,False,Brasil,0.05,False,False,-0.31404969866061105
TXN00004002,CLI000932,2023-02-26,FATURA,448.28,02,RJ-CORE-01,BR,BR-9130688289,False,Brasil,0.05,False,False,-0.7220632623113921
TXN00004003,CLI000538,2023-05-28,AJUSTE,2158.67,02,SP-CORE-02,BR,BR-1230821363,False,Brasil,0.05,False,False,0.8438463788922201
TXN00004004,CLI000690,2023-03-10,PAGAMENTO,621.86,02,MG-CORE-01,BR,BR-7135508095,False,Brasil,0.05,False,False,-0.34712399682791295
TXN00004005,CLI000633,2023-05-11,PAGAMENTO,381.44,02,RJ-CORE-01,BR,BR-2275197185,False,Brasil,0.05,False,False,0.7071067811865476
TXN00004006,CLI000644,2023-07-21,FATURA,1878.21,02,MG-CORE-01,BR,BR-6147970594,False,Brasil,0.05,False,False,-0.4056429594111231
TXN00004007,CLI001132,2023-05-02,AJUSTE,3015.25,02,RJ-CORE-01,BR,BR-9340575870,False,Brasil,0.05,False,False,0.5955944580541532
TXN00004008,CLI000618,2023-12-12,FATURA,2629.57,02,MG-CORE-01,BR,BR-7363532024,False,Brasil,0.05,False,False,0.21605418093332565
TXN00004009,CLI000091,2023-07-05,PAGAMENTO,3249.32,00,MG-CORE-01,BR,BR-4366641864,False,Brasil,0.05,False,False,0.7060026681767608
TXN00004010,CLI000841,2023-09-29,AJUSTE,2711.48,02,SP-CORE-01,BR,BR-7170940238,False,Brasil,0.05,False,False,0.8245792236670967
TXN00004011,CLI000616,2023-05-03,AJUSTE,762.65,02,MG-CORE-01,BR,BR-7744459607,False,Brasil,0.05,False,False,0.09414616392769024
TXN00004012,CLI000197,2023-08-27,FATURA,374.13,10,BA-CORE-01,BR,BR-4534825528,False,Brasil,0.05,False,False,-0.3786649135861406
TXN00004013,CLI000716,2023-09-10,ESTORNO,-2349.65,10,SP-CORE-02,BR,BR-1852808613,False,Brasil,0.05,False,False,-0.7364482042930065
TXN00004014,CLI000581,2023-10-20,ESTORNO,-1203.36,00,BA-CORE-01,BR,BR-5916093622,False,Brasil,0.05,False,False,-1.1447403074800235
TXN00004015,CLI000796,2023-07-26,ESTORNO,149.04,10,SP-CORE-01,BR,BR-8443722173,False,Brasil,0.05,False,False,-0.7553241646715931
TXN00004016,CLI000081,2023-01-10,FATURA,290.86,02,BA-CORE-01,BR,BR-1060931756,False,Brasil,0.05,False,False,0.00921515001674109
TXN00004017,CLI000553,2023-08-13,FATURA,2628.97,10,MG-CORE-01,BR,BR-9145410257,False,Brasil,0.05,False,False,0.7757712409412144
TXN00004018,CLI000643,2023-09-08,FATURA,1909.63,01,BA-CORE-01,BR,BR-5010723787,False,Brasil,0.05,False,False,0.860796033127853
TXN00004019,CLI001185,2023-07-23,FATURA,3165.45,01,SP-CORE-01,BR,BR-2358961337,False,Brasil,0.05,False,False,0.0
TXN00004020,CLI000512,2023-12-07,AJUSTE,1932.88,10,MG-CORE-01,BR,BR-8189540372,False,Brasil,0.05,False,False,0.49213656937370726
TXN00004021,CLI000730,2023-04-12,ESTORNO,2771.24,10,SP-CORE-02,BR,BR-4102194933,False,Brasil,0.05,False,False,1.064195672340806
TXN00004022,CLI001094,2023-01-24,PAGAMENTO,1721.89,10,SP-CORE-02,BR,BR-9539419788,False,Brasil,0.05,False,False,-0.5511977542262283
TXN00004023,CLI000219,2023-05-19,AJUSTE,2731.23,01,SP-CORE-02,BR,BR-4681934042,False,Brasil,0.05,False,False,0.8437234406805617
TXN00004024,CLI000959,2023-11-10,AJUSTE,45.41,02,SP-CORE-02,BR,BR-8019235213,False,Brasil,0.05,False,False,-0.7071067811865475
TXN00004025,CLI000461,2023-03-26,ESTORNO,-1733.9,02,BA-CORE-01,BR,BR-3484110392,False,Brasil,0.05,False,False,-1.341307215804924
TXN00004026,CLI000549,2023-09-03,ESTORNO,2498.69,10,MG-CORE-01,BR,BR-1156706071,False,Brasil,0.05,False,False,1.480093004119153
TXN00004027,CLI000468,2023-04-11,FATURA,2468.51,00,SP-CORE-01,BR,BR-6100947738,False,Brasil,0.05,False,False,0.7071067811865466
TXN00004028,CLI000052,2023-11-18,ESTORNO,-1540.6,02,BA-CORE-01,BR,BR-4325955655,False,Brasil,0.05,False,False,-1.393437943053941
TXN00004029,CLI000542,2023-06-25,AJUSTE,651.53,10,SP-CORE-02,BR,BR-7875999388,False,Brasil,0.05,False,False,-1.1382492860900433
TXN00004030,CLI000213,2023-03-14,FATURA,3104.52,10,MG-CORE-01,BR,BR-6223269868,False,Brasil,0.05,False,False,0.5268501087337242
TXN00004031,CLI000541,2023-03-06,FATURA,2359.32,01,SP-CORE-02,BR,BR-5102142411,False,Brasil,0.05,False,False,0.31477758331945027
TXN00004032,CLI001200,2023-06-15,AJUSTE,3036.25,10,SP-CORE-01,BR,BR-2562485301,False,Brasil,0.05,False,False,1.187385259114647
TXN00004033,CLI000627,2023-11-25,PAGAMENTO,1922.01,01,RJ-CORE-01,BR,BR-9585846518,False,Brasil,0.05,False,False,0.22980003092064924
TXN00004034,CLI000763,2023-06-13,PAGAMENTO,1591.24,02,RJ-CORE-01,BR,BR-7073314496,False,Brasil,0.05,False,False,0.056358681102125864
TXN00004035,CLI000157,2023-04-03,AJUSTE,1324.25,02,RJ-CORE-01,BR,BR-6805631767,False,Brasil,0.05,False,False,-0.23950790541780484
TXN00004036,CLI000783,2023-09-24,FATURA,359.49,02,SP-CORE-01,BR,BR-2442364344,False,Brasil,0.05,False,False,-0.7071067811865476
TXN00004037,CLI000119,2023-04-07,PAGAMENTO,1799.01,00,RJ-CORE-01,BR,BR-4978638053,False,Brasil,0.05,False,False,0.0
TXN00004038,CLI000911,2023-10-10,AJUSTE,2892.84,00,BA-CORE-01,BR,BR-7265599490,False,Brasil,0.05,False,False,1.028053281245169
TXN00004039,CLI001018,2023-09-20,PAGAMENTO,1067.16,00,BA-CORE-01,BR,BR-2602544581,False,Brasil,0.05,False,False,-1.3249356209391843
TXN00004040,CLI000153,2023-05-14,FATURA,1349.37,01,SP-CORE-02,BR,BR-7167041161,False,Brasil,0.05,False,False,0.8868764777879993
TXN00004041,CLI000123,2023-12-05,ESTORNO,-1837.35,01,SP-CORE-02,BR,BR-8216755528,False,Brasil,0.05,False,False,-1.4674572101774963
TXN00004042,CLI000798,2023-02-26,FATURA,662.35,01,BA-CORE-01,BR,BR-8018437138,False,Brasil,0.05,False,False,-1.1467024068810796
TXN00004043,CLI000960,2023-04-11,FATURA,25.64,10,MG-CORE-01,BR,BR-4595894877,False,Brasil,0.05,False,False,-0.9458370311719204
TXN00004044,CLI000892,2023-01-24,PAGAMENTO,2568.45,00,MG-CORE-01,BR,BR-9974926617,False,Brasil,0.05,False,False,0.7021202192795113
TXN00004045,CLI000765,2023-10-06,FATURA,845.59,10,MG-CORE-01,BR,BR-9660485827,False,Brasil,0.05,False,False,-0.02096252469871398
TXN00004046,CLI000380,2023-09-05,FATURA,1485.32,10,SP-CORE-01,BR,BR-9300010365,False,Brasil,0.05,False,False,0.061193430349201376
TXN00004047,CLI001058,2023-09-13,FATURA,532.54,02,BA-CORE-01,BR,BR-5740249331,False,Brasil,0.05,False,False,-0.8445509457568687
TXN00004048,CLI000799,2023-10-15,PAGAMENTO,191.65,02,SP-CORE-01,BR,BR-3339613607,False,Brasil,0.05,False,False,0.7071067811865475
TXN00004049,CLI000673,2023-01-23,AJUSTE,807.13,01,MG-CORE-01,BR,BR-8015937115,False,Brasil,0.05,False,False,0.7071067811865476
TXN00004050,CLI000171,2023-05-12,PAGAMENTO,2159.36,10,RJ-CORE-01,BR,BR-4461188083,False,Brasil,0.05,False,False,0.23119724919526374
TXN00004051,CLI000793,2023-01-19,PAGAMENTO,1143.7,01,BA-CORE-01,BR,BR-8162760510,False,Brasil,0.05,False,False,0.09208493078459498
TXN00004052,CLI000689,2023-10-19,ESTORNO,-135.5,10,SP-CORE-01,BR,BR-8953013516,False,Brasil,0.05,False,False,-0.824187025177428
TXN00004053,CLI001132,2023-12-28,FATURA,3365.42,10,SP-CORE-01,BR,BR-1909979573,False,Brasil,0.05,False,False,0.8771232054749802
TXN00004054,CLI001116,2023-07-11,FATURA,1964.11,00,SP-CORE-02,BR,BR-8631642583,False,Brasil,0.05,False,False,1.3442547358818806
TXN00004055,CLI000359,2023-10-24,AJUSTE,1381.58,00,MG-CORE-01,BR,BR-7664019331,False,Brasil,0.05,False,False,0.3390040387588858
TXN00004056,CLI000816,2023-06-20,FATURA,3229.51,00,BA-CORE-01,BR,BR-1491778504,False,Brasil,0.05,False,False,0.8467997246007598
TXN00004057,CLI000357,2023-06-24,AJUSTE,3335.05,10,SP-CORE-01,BR,BR-8972930896,False,Brasil,0.05,False,False,1.8115407313523724
TXN00004058,CLI000933,2023-08-05,FATURA,2008.43,00,BA-CORE-01,BR,BR-5082587589,False,Brasil,0.05,False,False,0.6402613062586489
TXN00004059,CLI000754,2023-05-22,ESTORNO,-1810.11,01,BA-CORE-01,BR,BR-7287605035,False,Brasil,0.05,False,False,-1.648403926425942
TXN00004060,CLI000009,2023-09-15,AJUSTE,2899.9,01,BA-CORE-01,BR,BR-2699984810,False,Brasil,0.05,False,False,0.5443433223700994
TXN00004061,CLI000638,2023-07-05,PAGAMENTO,1581.25,02,SP-CORE-01,BR,BR-9330590753,False,Brasil,0.05,False,False,0.4618398006349668
TXN00004062,CLI000334,2023-05-10,ESTORNO,-1333.29,01,RJ-CORE-01,BR,BR-4359506482,False,Brasil,0.05,False,False,-0.5883649355528171
TXN00004063,CLI000501,2023-06-05,FATURA,183.86,00,SP-CORE-02,BR,BR-7474924386,False,Brasil,0.05,False,False,0.37268202579677684
TXN00004064,CLI000988,2023-02-14,AJUSTE,2008.32,02,BA-CORE-01,BR,BR-8123984285,False,Brasil,0.05,False,False,-0.04126303167575781
TXN00004065,CLI001010,2023-04-23,FATURA,1199.28,10,SP-CORE-01,BR,BR-9200543022,False,Brasil,0.05,False,False,-0.9952470374376031
TXN00004066,CLI000842,2023-09-06,FATURA,2453.42,01,SP-CORE-01,BR,BR-3891804979,False,Brasil,0.05,False,False,0.1593157120729531
TXN00004067,CLI000520,2023-01-30,PAGAMENTO,3128.52,02,SP-CORE-01,BR,BR-9199346195,False,Brasil,0.05,False,False,0.6749450183101483
TXN00004068,CLI000475,2023-01-03,PAGAMENTO,1168.26,10,RJ-CORE-01,BR,BR-1140336385,False,Brasil,0.05,False,False,0.28382932400753763
TXN00004069,CLI001142,2023-04-17,ESTORNO,-851.96,10,BA-CORE-01,BR,BR-1112729226,False,Brasil,0.05,False,False,-0.9402631093360668
TXN00004070,CLI000795,2023-07-26,PAGAMENTO,1612.12,10,SP-CORE-01,BR,BR-8690182456,False,Brasil,0.05,False,False,0.7504219182017392
TXN00004071,CLI000968,2023-04-25,ESTORNO,1099.37,10,SP-CORE-02,BR,BR-6658494712,False,Brasil,0.05,False,False,-0.1030591011937041
TXN00004072,CLI000861,2023-01-23,AJUSTE,812.21,01,RJ-CORE-01,BR,BR-2846920487,False,Brasil,0.05,False,False,0.0326143841776749
TXN00004073,CLI000239,2023-06-20,PAGAMENTO,3195.18,10,RJ-CORE-01,BR,BR-2680888691,False,Brasil,0.05,False,False,0.7275099659243114
TXN00004074,CLI000899,2023-06-04,FATURA,1909.1,00,BA-CORE-01,BR,BR-2842980985,False,Brasil,0.05,False,False,0.5843876220456068
TXN00004075,CLI000699,2023-03-01,AJUSTE,1904.08,02,MG-CORE-01,BR,BR-4127220285,False,Brasil,0.05,False,False,0.707106781186548
TXN00004076,CLI000738,2023-03-25,ESTORNO,1703.1,10,BA-CORE-01,BR,BR-5975477610,False,Brasil,0.05,False,False,0.3465494087316056
TXN00004077,CLI001180,2023-09-02,ESTORNO,-1459.18,00,SP-CORE-01,BR,BR-1992006484,False,Brasil,0.05,False,False,-1.482207419156203
TXN00004078,CLI000720,2023-07-20,PAGAMENTO,1087.22,10,RJ-CORE-01,BR,BR-9232015048,False,Brasil,0.05,False,False,-0.152653006089933
TXN00004079,CLI000794,2023-06-24,PAGAMENTO,1625.44,10,SP-CORE-02,BR,BR-2384717361,False,Brasil,0.05,False,False,-0.7071067811865476
TXN00004080,CLI001188,2023-06-01,AJUSTE,1784.05,02,SP-CORE-01,BR,BR-1400524723,False,Brasil,0.05,False,False,0.2322174466774526
TXN00004081,CLI000854,2023-11-08,FATURA,1786.0,10,BA-CORE-01,BR,BR-5405091237,False,Brasil,0.05,False,False,-0.7475846153433294
TXN00004082,CLI000448,2023-08-11,FATURA,1338.77,01,MG-CORE-01,BR,BR-9639490447,False,Brasil,0.05,False,False,-0.6521878871787046
TXN00004083,CLI000907,2023-07-29,AJUSTE,2740.62,10,SP-CORE-01,BR,BR-1657338801,False,Brasil,0.05,False,False,0.610658598815629
TXN00004084,CLI000421,2023-08-22,PAGAMENTO,1547.83,02,MG-CORE-01,BR,BR-5176425710,False,Brasil,0.05,False,False,0.454630684766831
TXN00004085,CLI000377,2023-03-15,PAGAMENTO,1329.34,10,MG-CORE-01,BR,BR-7750803127,False,Brasil,0.05,False,False,0.7190066897604588
TXN00004086,CLI000489,2023-02-05,PAGAMENTO,2351.88,00,SP-CORE-01,BR,BR-9698553771,False,Brasil,0.05,False,False,0.5171282671618475
TXN00004087,CLI000067,2023-03-05,ESTORNO,472.46,10,SP-CORE-02,BR,BR-4153232553,False,Brasil,0.05,False,False,-1.3383429173654335
TXN00004088,CLI000336,2023-10-04,PAGAMENTO,3384.59,01,RJ-CORE-01,BR,BR-9518699099,False,Brasil,0.05,False,False,1.0968203725057606
TXN00004089,CLI000442,2023-04-09,AJUSTE,2401.75,01,SP-CORE-01,BR,BR-8634689853,False,Brasil,0.05,False,False,0.9333967332918734
TXN00004090,CLI000057,2023-05-10,AJUSTE,183571.51,9A,SANTOS-PORT-07,LU,OFFSHORE-112442FH,True,Luxemburgo,0.8,True,True,1.499869701104329
TXN00004091,CLI000817,2023-10-17,PAGAMENTO,3447.49,02,SP-CORE-02,BR,BR-1398474792,False,Brasil,0.05,False,False,0.7071067811865474
TXN00004092,CLI000662,2023-12-02,ESTORNO,474.19,02,MG-CORE-01,BR,BR-4600539313,False,Brasil,0.05,False,False,-0.8851959838499373
TXN00004093,CLI000497,2023-11-03,AJUSTE,1083.21,01,BA-CORE-01,BR,BR-2678474117,False,Brasil,0.05,False,False,0.5175591836092153
TXN00004094,CLI001088,2023-01-25,PAGAMENTO,134.86,10,RJ-CORE-01,BR,BR-5389271768,False,Brasil,0.05,False,False,-1.405272922015243
TXN00004095,CLI001186,2023-05-28,ESTORNO,-1870.34,02,SP-CORE-02,BR,BR-5610973669,False,Brasil,0.05,False,False,-0.7071067811865476
TXN00004096,CLI001085,2023-05-12,FATURA,600.18,02,RJ-CORE-01,BR,BR-1327760496,False,Brasil,0.05,False,False,-1.422759243757698
TXN00004097,CLI000271,2023-06-15,FATURA,881.58,10,MG-CORE-01,BR,BR-8247054708,False,Brasil,0.05,False,False,-0.4876863578621288
TXN00004098,CLI000915,2023-06-20,ESTORNO,2806.49,10,BA-CORE-01,BR,BR-9196096398,False,Brasil,0.05,False,False,0.622916610093403
TXN00004099,CLI000267,2023-01-15,PAGAMENTO,2382.0,00,SP-CORE-02,BR,BR-4472691748,False,Brasil,0.05,False,False,-0.5006226110058313
TXN00004100,CLI000191,2023-03-04,AJUSTE,886.89,00,MG-CORE-01,BR,BR-6067230051,False,Brasil,0.05,False,False,-0.5382537740791441
TXN00004101,CLI000270,2023-10-14,ESTORNO,1416.47,10,SP-CORE-02,BR,BR-1135078768,False,Brasil,0.05,False,False,-0.3610875481753483
TXN00004102,CLI001018,2023-10-17,PAGAMENTO,1845.2,10,SP-CORE-02,BR,BR-9486494079,False,Brasil,0.05,False,False,-0.4264020479948361
TXN00004103,CLI000742,2023-12-25,AJUSTE,285.48,01,RJ-CORE-01,BR,BR-9563046274,False,Brasil,0.05,False,False,-1.1544999400245275
TXN00004104,CLI000804,2023-03-30,PAGAMENTO,2025.44,00,MG-CORE-01,BR,BR-3347125656,False,Brasil,0.05,False,False,1.0104262486768918
TXN00004105,CLI001110,2023-06-03,ESTORNO,419.7,00,SP-CORE-02,BR,BR-8480530923,False,Brasil,0.05,False,False,-0.6335737600316983
TXN00004106,CLI000367,2023-08-30,FATURA,35.62,02,SP-CORE-01,BR,BR-4979644466,False,Brasil,0.05,False,False,0.3663577861327891
TXN00004107,CLI000302,2023-06-09,PAGAMENTO,1197.89,00,SP-CORE-02,BR,BR-9716873396,False,Brasil,0.05,False,False,-0.2413113713068834
TXN00004108,CLI000740,2023-12-27,AJUSTE,2303.17,00,SP-CORE-01,BR,BR-9688882785,False,Brasil,0.05,False,False,0.39525019933165106
TXN00004109,CLI000282,2023-07-07,ESTORNO,3315.96,00,MG-CORE-01,BR,BR-1654321163,False,Brasil,0.05,False,False,0.9236286884512368
TXN00004110,CLI000270,2023-01-29,FATURA,3042.18,02,MG-CORE-01,BR,BR-9018163876,False,Brasil,0.05,False,False,1.2192801698578744
TXN00004111,CLI000351,2023-06-13,PAGAMENTO,2282.81,00,SP-CORE-01,BR,BR-1931826598,False,Brasil,0.05,False,False,-0.7235942303436449
TXN00004112,CLI000350,2023-12-15,PAGAMENTO,2388.3,10,RJ-CORE-01,BR,BR-2406772445,False,Brasil,0.05,False,False,0.37233729136875543
TXN00004113,CLI001095,2023-04-28,FATURA,3039.67,10,SP-CORE-01,BR,BR-1943866804,False,Brasil,0.05,False,False,1.0829249400173608
TXN00004114,CLI000763,2023-05-30,ESTORNO,2577.61,01,SP-CORE-02,BR,BR-5036616886,False,Brasil,0.05,False,False,0.5147345215041892
TXN00004115,CLI000022,2023-03-14,PAGAMENTO,3159.26,01,MG-CORE-01,BR,BR-6444259885,False,Brasil,0.05,False,False,1.1999528763103706
TXN00004116,CLI000315,2023-01-26,PAGAMENTO,2788.76,02,RJ-CORE-01,BR,BR-3068348342,False,Brasil,0.05,False,False,1.079552965226468
TXN00004117,CLI000701,2023-03-10,AJUSTE,1416.65,00,RJ-CORE-01,BR,BR-5094088928,False,Brasil,0.05,False,False,1.4276591503364553
TXN00004118,CLI000091,2023-11-14,FATURA,2227.25,00,SP-CORE-01,BR,BR-6559065835,False,Brasil,0.05,False,False,0.29096280997935836
TXN00004119,CLI000265,2023-10-17,FATURA,1524.35,10,SP-CORE-02,BR,BR-7424419411,False,Brasil,0.05,False,False,-0.36692807631593416
TXN00004120,CLI000723,2023-02-07,ESTORNO,-2008.67,00,SP-CORE-01,BR,BR-6124128956,False,Brasil,0.05,False,False,-0.7071067811865476
TXN00004121,CLI000008,2023-05-02,AJUSTE,809.42,01,BA-CORE-01,BR,BR-1742855478,False,Brasil,0.05,False,False,-0.440657957214295
TXN00004122,CLI000331,2023-10-22,ESTORNO,-2273.11,01,MG-CORE-01,BR,BR-2687174501,False,Brasil,0.05,False,False,-1.5884080008355788
TXN00004123,CLI000159,2023-06-25,FATURA,1883.63,02,RJ-CORE-01,BR,BR-2338247946,False,Brasil,0.05,False,False,1.129757267335333
TXN00004124,CLI000338,2023-04-19,PAGAMENTO,2811.21,10,SP-CORE-01,BR,BR-4410631499,False,Brasil,0.05,False,False,0.6865782806577805
TXN00004125,CLI000635,2023-08-27,FATURA,1183.18,10,RJ-CORE-01,BR,BR-7390188891,False,Brasil,0.05,False,False,-0.6220648956215701
TXN00004126,CLI000844,2023-06-03,AJUSTE,1973.28,10,SP-CORE-02,BR,BR-9086810658,False,Brasil,0.05,False,False,-0.9344877654936138
TXN00004127,CLI000487,2023-07-17,AJUSTE,473.4,00,BA-CORE-01,BR,BR-8503648320,False,Brasil,0.05,False,False,-0.8708447719195545
TXN00004128,CLI000890,2023-04-02,FATURA,1065.32,10,MG-CORE-01,BR,BR-8799197622,False,Brasil,0.05,False,False,-0.12155274797640209
TXN00004129,CLI000627,2023-09-03,PAGAMENTO,618.04,02,RJ-CORE-01,BR,BR-3675382218,False,Brasil,0.05,False,False,-1.3836629580929138
TXN00004130,CLI001063,2023-11-19,AJUSTE,3094.03,02,BA-CORE-01,BR,BR-7903282246,False,Brasil,0.05,False,False,0.39006101447886027
TXN00004131,CLI000226,2023-03-26,PAGAMENTO,2120.53,10,RJ-CORE-01,BR,BR-2843885186,False,Brasil,0.05,False,False,-0.42761299664194896
TXN00004132,CLI000089,2023-07-27,ESTORNO,2639.34,02,SP-CORE-02,BR,BR-7730823799,False,Brasil,0.05,False,False,0.128775971238889
TXN00004133,CLI001094,2023-11-11,AJUSTE,3206.95,00,SP-CORE-02,BR,BR-5570988739,False,Brasil,0.05,False,False,0.9710705741780717
TXN00004134,CLI000858,2023-11-25,FATURA,1052.96,02,MG-CORE-01,BR,BR-7491228078,False,Brasil,0.05,False,False,-0.20742492749004607
TXN00004135,CLI000020,2023-11-17,FATURA,126.39,00,BA-CORE-01,BR,BR-7815551519,False,Brasil,0.05,False,False,-0.9380156197748878
TXN00004136,CLI000851,2023-08-03,FATURA,2452.53,10,SP-CORE-02,BR,BR-6807883867,False,Brasil,0.05,False,False,0.5396442064773613
TXN00004137,CLI000258,2023-05-28,AJUSTE,3078.85,10,MG-CORE-01,BR,BR-1128591125,False,Brasil,0.05,False,False,0.0
TXN00004138,CLI000473,2023-05-14,ESTORNO,2086.77,00,SP-CORE-02,BR,BR-6680872342,False,Brasil,0.05,False,False,-0.6730871140925836
TXN00004139,CLI000681,2023-11-01,FATURA,2666.45,02,SP-CORE-01,BR,BR-4396874072,False,Brasil,0.05,False,False,0.3019094391997731
TXN00004140,CLI000374,2023-08-27,AJUSTE,-169438.92,9A,SANTOS-PORT-07,LU,OFFSHORE-164938LH,True,Luxemburgo,0.8,True,True,-0.7071067811865476
TXN00004141,CLI000863,2023-06-09,PAGAMENTO,3191.82,02,MG-CORE-01,BR,BR-1933998295,False,Brasil,0.05,False,False,1.2880945647246156
TXN00004142,CLI000457,2023-01-06,FATURA,2226.79,02,SP-CORE-02,BR,BR-7704266577,False,Brasil,0.05,False,False,1.104472886422945
TXN00004143,CLI000336,2023-06-18,AJUSTE,2145.65,02,MG-CORE-01,BR,BR-3883404698,False,Brasil,0.05,False,False,-0.21689874369806703
TXN00004144,CLI000855,2023-10-22,AJUSTE,1894.69,01,RJ-CORE-01,BR,BR-8070676290,False,Brasil,0.05,False,False,1.1449121946015846
TXN00004145,CLI000511,2023-12-22,PAGAMENTO,1694.92,10,SP-CORE-01,BR,BR-7164160975,False,Brasil,0.05,False,False,0.7071067811865475
TXN00004146,CLI000484,2023-03-28,FATURA,598.25,01,RJ-CORE-01,BR,BR-8788469970,False,Brasil,0.05,False,False,-1.101421259914124
TXN00004147,CLI001153,2023-06-16,PAGAMENTO,56.88,01,SP-CORE-02,BR,BR-1851049558,False,Brasil,0.05,False,False,-0.3664615310934561
TXN00004148,CLI000929,2023-10-22,FATURA,152.02,00,MG-CORE-01,BR,BR-7416398798,False,Brasil,0.05,False,False,0.5842900154688658
TXN00004149,CLI000925,2023-02-04,PAGAMENTO,3029.04,02,RJ-CORE-01,BR,BR-6473572695,False,Brasil,0.05,False,False,1.017043145495546
TXN00004150,CLI000108,2023-05-08,PAGAMENTO,2950.28,02,RJ-CORE-01,BR,BR-1512213630,False,Brasil,0.05,False,False,-0.7071067811865468
TXN00004151,CLI000295,2023-04-01,ESTORNO,-2251.72,00,MG-CORE-01,BR,BR-2944697243,False,Brasil,0.05,False,False,-1.8483185702465417
TXN00004152,CLI000461,2023-08-10,FATURA,1561.2,02,RJ-CORE-01,BR,BR-7878092406,False,Brasil,0.05,False,False,0.401936395759849
TXN00004153,CLI000568,2023-06-06,AJUSTE,3346.73,10,BA-CORE-01,BR,BR-7834027827,False,Brasil,0.05,False,False,1.3005622658040181
TXN00004154,CLI001143,2023-04-19,ESTORNO,2592.91,01,RJ-CORE-01,BR,BR-5386315651,False,Brasil,0.05,False,False,0.7071067811865475
TXN00004155,CLI000454,2023-06-21,AJUSTE,1609.22,01,BA-CORE-01,BR,BR-9666540904,False,Brasil,0.05,False,False,0.25096575019904754
TXN00004156,CLI000510,2023-01-11,AJUSTE,3271.2,01,RJ-CORE-01,BR,BR-7278262300,False,Brasil,0.05,False,False,0.8735942940155033
TXN00004157,CLI000208,2023-01-26,AJUSTE,649.14,01,MG-CORE-01,BR,BR-9447571702,False,Brasil,0.05,False,False,-0.3108807919751637
TXN00004158,CLI001168,2023-03-20,AJUSTE,1040.06,10,RJ-CORE-01,BR,BR-3265654028,False,Brasil,0.05,False,False,-1.149228828893914
TXN00004159,CLI000711,2023-04-08,ESTORNO,-2506.74,10,SP-CORE-02,BR,BR-1069888983,False,Brasil,0.05,False,False,-1.122254826725616
TXN00004160,CLI000510,2023-06-15,FATURA,3207.17,10,SP-CORE-01,BR,BR-3018176579,False,Brasil,0.05,False,False,0.7706903977986576
TXN00004161,CLI000749,2023-06-17,AJUSTE,353.51,00,MG-CORE-01,BR,BR-6587745053,False,Brasil,0.05,False,False,-0.9961411271419063
TXN00004162,CLI000547,2023-06-16,ESTORNO,1879.44,10,SP-CORE-01,BR,BR-6780272082,False,Brasil,0.05,False,False,0.17461289912794617
TXN00004163,CLI000626,2023-05-20,FATURA,548.56,02,RJ-CORE-01,BR,BR-9932532156,False,Brasil,0.05,False,False,-1.289018983673712
TXN00004164,CLI000180,2023-02-10,FATURA,2086.18,01,RJ-CORE-01,BR,BR-8621906659,False,Brasil,0.05,False,False,0.1332283711413144
TXN00004165,CLI000155,2023-06-14,AJUSTE,829.34,00,MG-CORE-01,BR,BR-5497143326,False,Brasil,0.05,False,False,-0.4834423729518961
TXN00004166,CLI000458,2023-05-08,FATURA,2881.59,02,SP-CORE-01,BR,BR-9521072699,False,Brasil,0.05,False,False,0.8694549915351578
TXN00004167,CLI001019,2023-11-09,ESTORNO,-3364.27,00,BA-CORE-01,BR,BR-4910446704,False,Brasil,0.05,False,False,-1.7351178019459077
TXN00004168,CLI000356,2023-07-03,ESTORNO,1746.7,00,MG-CORE-01,BR,BR-8915949601,False,Brasil,0.05,False,False,0.14172572410459305
TXN00004169,CLI000841,2023-05-23,AJUSTE,1445.34,00,MG-CORE-01,BR,BR-1441280475,False,Brasil,0.05,False,False,0.32384169578741484
TXN00004170,CLI000648,2023-02-08,AJUSTE,2356.3,02,MG-CORE-01,BR,BR-1962134345,False,Brasil,0.05,False,False,0.5411964950070344
TXN00004171,CLI000150,2023-01-05,AJUSTE,3061.52,00,MG-CORE-01,BR,BR-4545308821,False,Brasil,0.05,False,False,0.40100582278692065
TXN00004172,CLI000790,2023-01-22,ESTORNO,1026.28,00,RJ-CORE-01,BR,BR-1595859831,False,Brasil,0.05,False,False,-0.21484154736513034
TXN00004173,CLI000442,2023-12-08,ESTORNO,-2289.42,10,MG-CORE-01,BR,BR-9562190704,False,Brasil,0.05,False,False,-1.0554070413824694
TXN00004174,CLI000224,2023-01-13,PAGAMENTO,3196.91,00,BA-CORE-01,BR,BR-8405611782,False,Brasil,0.05,False,False,0.7071067811865476
TXN00004175,CLI000444,2023-02-10,FATURA,3209.28,10,SP-CORE-01,BR,BR-1972128295,False,Brasil,0.05,False,False,0.6348749432333562
TXN00004176,CLI000425,2023-09-06,AJUSTE,2912.08,00,BA-CORE-01,BR,BR-1378028953,False,Brasil,0.05,False,False,0.925623894806649
TXN00004177,CLI000498,2023-05-24,FATURA,2801.39,10,SP-CORE-01,BR,BR-8783691893,False,Brasil,0.05,False,False,0.824932024654278
TXN00004178,CLI000182,2023-07-28,FATURA,3384.76,10,BA-CORE-01,BR,BR-5520414347,False,Brasil,0.05,False,False,1.1034152036335942
TXN00004179,CLI000782,2023-08-04,ESTORNO,3259.75,00,RJ-CORE-01,BR,BR-1185010792,False,Brasil,0.05,False,False,0.784887995009973
TXN00004180,CLI000071,2023-07-24,ESTORNO,-2660.43,01,MG-CORE-01,BR,BR-2306916015,False,Brasil,0.05,False,False,-0.4706020224189338
TXN00004181,CLI001135,2023-09-03,FATURA,3323.38,10,SP-CORE-02,BR,BR-6427666706,False,Brasil,0.05,False,False,0.9218003757578634
TXN00004182,CLI000396,2023-12-11,FATURA,2347.3,02,MG-CORE-01,BR,BR-6925149894,False,Brasil,0.05,False,False,-0.7973154762970323
TXN00004183,CLI001057,2023-04-18,PAGAMENTO,1243.93,02,SP-CORE-01,BR,BR-4000742597,False,Brasil,0.05,False,False,-0.7071067811865479
TXN00004184,CLI000909,2023-12-31,AJUSTE,2738.12,01,SP-CORE-01,BR,BR-4972236629,False,Brasil,0.05,False,False,0.8167772880542608
TXN00004185,CLI000844,2023-02-22,ESTORNO,2252.57,02,RJ-CORE-01,BR,BR-7800879736,False,Brasil,0.05,False,False,-0.12016522690937158
TXN00004186,CLI000073,2023-02-10,PAGAMENTO,925.54,10,RJ-CORE-01,BR,BR-1514972684,False,Brasil,0.05,False,False,0.0
TXN00004187,CLI000141,2023-07-14,PAGAMENTO,1853.46,10,MG-CORE-01,BR,BR-9141012041,False,Brasil,0.05,False,False,0.5366077775841855
TXN00004188,CLI000094,2023-09-09,ESTORNO,-3128.39,00,MG-CORE-01,BR,BR-8030447630,False,Brasil,0.05,False,False,-1.299218627777627
TXN00004189,CLI000510,2023-12-09,ESTORNO,2134.52,02,MG-CORE-01,BR,BR-3870048566,False,Brasil,0.05,False,False,-0.9531869140395438
TXN00004190,CLI000301,2023-09-15,FATURA,189.87,10,SP-CORE-02,BR,BR-6499884316,False,Brasil,0.05,False,False,-1.1714349095071108
TXN00004191,CLI000439,2023-01-17,FATURA,488.77,02,MG-CORE-01,BR,BR-3073207837,False,Brasil,0.05,False,False,-0.46660203872342115
TXN00004192,CLI000410,2023-08-29,AJUSTE,2468.2,10,SP-CORE-02,BR,BR-5689242601,False,Brasil,0.05,False,False,0.9940566308942368
TXN00004193,CLI000330,2023-07-13,FATURA,1743.05,10,SP-CORE-01,BR,BR-8585779744,False,Brasil,0.05,False,False,0.7071067811865475
TXN00004194,CLI000212,2023-02-25,PAGAMENTO,1311.69,10,SP-CORE-02,BR,BR-4055359754,False,Brasil,0.05,False,False,-1.2304719372725008
TXN00004195,CLI000691,2023-05-15,AJUSTE,2333.46,01,RJ-CORE-01,BR,BR-4675905639,False,Brasil,0.05,False,False,-0.7570299148971478
TXN00004196,CLI001039,2023-01-13,ESTORNO,2310.48,02,RJ-CORE-01,BR,BR-3984852250,False,Brasil,0.05,False,False,-0.17509862905944598
TXN00004197,CLI000823,2023-12-07,FATURA,1981.28,01,BA-CORE-01,BR,BR-3124315530,False,Brasil,0.05,False,False,1.123510030568328
TXN00004198,CLI000774,2023-05-02,PAGAMENTO,1831.09,10,SP-CORE-02,BR,BR-1912575226,False,Brasil,0.05,False,False,0.4173590141105086
TXN00004199,CLI001078,2023-07-20,FATURA,766.65,01,RJ-CORE-01,BR,BR-3879771081,False,Brasil,0.05,False,False,-0.6100118653538319
TXN00004200,CLI000597,2023-12-10,AJUSTE,226.85,00,BA-CORE-01,BR,BR-2653821070,False,Brasil,0.05,False,False,-0.5173292835541061
TXN00004201,CLI000037,2023-06-10,AJUSTE,567.71,02,BA-CORE-01,BR,BR-3094421807,False,Brasil,0.05,False,False,-1.1470965314683568
TXN00004202,CLI001164,2023-12-21,PAGAMENTO,3408.33,02,SP-CORE-01,BR,BR-2462222211,False,Brasil,0.05,False,False,1.0864202291647203
TXN00004203,CLI001049,2023-06-10,PAGAMENTO,3466.49,10,MG-CORE-01,BR,BR-9351054360,False,Brasil,0.05,False,False,0.7641964954797246
TXN00004204,CLI000774,2023-12-21,PAGAMENTO,697.39,00,BA-CORE-01,BR,BR-8338004726,False,Brasil,0.05,False,False,0.40938830819017313
TXN00004205,CLI000115,2023-03-16,AJUSTE,1192.15,10,RJ-CORE-01,BR,BR-3814446299,False,Brasil,0.05,False,False,0.06753612173264913
TXN00004206,CLI000588,2023-03-26,FATURA,463.33,00,SP-CORE-02,BR,BR-1558605632,False,Brasil,0.05,False,False,-0.3347292362306925
TXN00004207,CLI000378,2023-07-10,FATURA,1350.2,10,MG-CORE-01,BR,BR-9232151988,False,Brasil,0.05,False,False,-0.11199418548762677
TXN00004208,CLI000340,2023-02-10,ESTORNO,2314.35,00,RJ-CORE-01,BR,BR-2718866989,False,Brasil,0.05,False,False,0.7071067811865476
TXN00004209,CLI001111,2023-06-22,FATURA,261.69,10,MG-CORE-01,BR,BR-5589770880,False,Brasil,0.05,False,False,-1.36059993187315
TXN00004210,CLI001134,2023-04-03,FATURA,776.93,01,MG-CORE-01,BR,BR-2817174845,False,Brasil,0.05,False,False,-0.5596725369565859
TXN00004211,CLI000397,2023-05-22,ESTORNO,-1710.98,00,BA-CORE-01,BR,BR-8242457324,False,Brasil,0.05,False,False,-1.6083377546305686
TXN00004212,CLI000662,2023-02-12,PAGAMENTO,1155.82,10,MG-CORE-01,BR,BR-1438363066,False,Brasil,0.05,False,False,-0.415123110735965
TXN00004213,CLI000532,2023-06-05,ESTORNO,1074.2,00,SP-CORE-02,BR,BR-1473301871,False,Brasil,0.05,False,False,-1.4800328706042485
TXN00004214,CLI000501,2023-05-09,AJUSTE,1887.69,10,SP-CORE-02,BR,BR-2979322046,False,Brasil,0.05,False,False,0.3836186313191103
TXN00004215,CLI000464,2023-05-01,PAGAMENTO,1627.84,02,RJ-CORE-01,BR,BR-2145711176,False,Brasil,0.05,False,False,-0.15130137195768398
TXN00004216,CLI000780,2023-02-26,FATURA,3198.63,00,SP-CORE-02,BR,BR-7575102757,False,Brasil,0.05,False,False,1.1577877955763651
TXN00004217,CLI000014,2023-05-15,FATURA,2762.19,01,BA-CORE-01,BR,BR-6806610347,False,Brasil,0.05,False,False,1.3707606759765016
TXN00004218,CLI001163,2023-02-13,PAGAMENTO,105.29,10,SP-CORE-01,BR,BR-3363538831,False,Brasil,0.05,False,False,-0.3321176173168016
TXN00004219,CLI000293,2023-02-22,FATURA,2854.75,01,RJ-CORE-01,BR,BR-6817218959,False,Brasil,0.05,False,False,1.089753283983666
TXN00004220,CLI000452,2023-09-06,ESTORNO,1444.04,01,RJ-CORE-01,BR,BR-1910816645,False,Brasil,0.05,False,False,-0.603256949178099
TXN00004221,CLI001152,2023-02-10,ESTORNO,-997.54,01,SP-CORE-01,BR,BR-2433400257,False,Brasil,0.05,False,False,-0.5694348887068608
TXN00004222,CLI000321,2023-06-09,FATURA,53.78,02,SP-CORE-01,BR,BR-7190510734,False,Brasil,0.05,False,False,-0.5337333048775342
TXN00004223,CLI001029,2023-11-22,ESTORNO,-423.14,00,RJ-CORE-01,BR,BR-2588195929,False,Brasil,0.05,False,False,-0.7344277248171512
TXN00004224,CLI000607,2023-08-01,ESTORNO,-24.75,02,SP-CORE-01,BR,BR-9800965219,False,Brasil,0.05,False,False,0.3969605378733226
TXN00004225,CLI000538,2023-09-27,PAGAMENTO,760.13,00,SP-CORE-02,BR,BR-9280782675,False,Brasil,0.05,False,False,0.2606765956570393
TXN00004226,CLI000968,2023-07-19,ESTORNO,-965.75,10,SP-CORE-02,BR,BR-6127897303,False,Brasil,0.05,False,False,-1.4734996102545022
TXN00004227,CLI000922,2023-01-28,ESTORNO,-1603.38,02,SP-CORE-01,BR,BR-6108647286,False,Brasil,0.05,False,False,-1.0918981165922088
TXN00004228,CLI000506,2023-05-13,ESTORNO,2171.46,10,SP-CORE-01,BR,BR-7903937176,False,Brasil,0.05,False,False,0.3422636583560213
TXN00004229,CLI000829,2023-12-29,FATURA,816.08,02,SP-CORE-01,BR,BR-7522416609,False,Brasil,0.05,False,False,-0.3571098457555195
TXN00004230,CLI000924,2023-02-06,ESTORNO,-34.99,10,SP-CORE-01,BR,BR-9804130816,False,Brasil,0.05,False,False,-0.8616220739005028
TXN00004231,CLI000813,2023-04-30,ESTORNO,3292.26,00,RJ-CORE-01,BR,BR-1477096961,False,Brasil,0.05,False,False,1.1684604042573874
TXN00004232,CLI001094,2023-02-14,AJUSTE,2405.35,00,SP-CORE-01,BR,BR-1494728301,False,Brasil,0.05,False,False,0.1493864051553474
TXN00004233,CLI000660,2023-11-26,PAGAMENTO,1176.36,10,SP-CORE-01,BR,BR-4844246833,False,Brasil,0.05,False,False,0.1341718445443185
TXN00004234,CLI000576,2023-07-22,AJUSTE,150.33,02,SP-CORE-01,BR,BR-7765563516,False,Brasil,0.05,False,False,-0.4096222848400653
TXN00004235,CLI000616,2023-05-29,PAGAMENTO,3328.03,10,MG-CORE-01,BR,BR-2025497024,False,Brasil,0.05,False,False,1.1309381193551125
TXN00004236,CLI001059,2023-11-22,PAGAMENTO,2233.8,02,BA-CORE-01,BR,BR-3285488356,False,Brasil,0.05,False,False,1.0971284226310103
TXN00004237,CLI000052,2023-08-28,FATURA,62.17,01,MG-CORE-01,BR,BR-2183089470,False,Brasil,0.05,False,False,-0.5540130152980178
TXN00004238,CLI000996,2023-08-22,FATURA,2796.8,00,SP-CORE-01,BR,BR-7032536684,False,Brasil,0.05,False,False,1.3391654758090508
TXN00004239,CLI000414,2023-12-01,AJUSTE,1692.04,02,BA-CORE-01,BR,BR-2687430058,False,Brasil,0.05,False,False,0.24474326199519525
TXN00004240,CLI000219,2023-08-16,FATURA,1856.76,00,SP-CORE-01,BR,BR-8265726536,False,Brasil,0.05,False,False,0.2538347715707937
TXN00004241,CLI000349,2023-01-27,PAGAMENTO,3474.6,02,BA-CORE-01,BR,BR-3126746095,False,Brasil,0.05,False,False,1.478731419542631
TXN00004242,CLI000867,2023-05-18,FATURA,1017.42,00,RJ-CORE-01,BR,BR-6169317325,False,Brasil,0.05,False,False,-0.2597063925767187
TXN00004243,CLI001157,2023-05-24,PAGAMENTO,811.52,01,BA-CORE-01,BR,BR-8030428597,False,Brasil,0.05,False,False,-0.005710053340729932
TXN00004244,CLI001163,2023-12-26,PAGAMENTO,3241.15,02,SP-CORE-02,BR,BR-1013343914,False,Brasil,0.05,False,False,1.2282098144679165
TXN00004245,CLI000738,2023-09-03,FATURA,2721.02,00,SP-CORE-02,BR,BR-7966945268,False,Brasil,0.05,False,False,0.8297982516866056
TXN00004246,CLI001200,2023-01-01,AJUSTE,3069.99,00,RJ-CORE-01,BR,BR-8469337898,False,Brasil,0.05,False,False,1.2071833541498642
TXN00004247,CLI000229,2023-07-16,AJUSTE,2200.25,02,SP-CORE-02,BR,BR-3954662289,False,Brasil,0.05,False,False,-0.25689452685477193
TXN00004248,CLI000444,2023-11-28,PAGAMENTO,2913.52,01,SP-CORE-01,BR,BR-6026110651,False,Brasil,0.05,False,False,0.4968698769560356
TXN00004249,CLI000312,2023-08-07,ESTORNO,-2436.76,01,RJ-CORE-01,BR,BR-3926773184,False,Brasil,0.05,False,False,-1.6921659840962062
TXN00004250,CLI000315,2023-10-14,AJUSTE,2882.94,10,RJ-CORE-01,BR,BR-1715736788,False,Brasil,0.05,False,False,1.1609280193632492
TXN00004251,CLI000161,2023-12-04,PAGAMENTO,2846.0,10,SP-CORE-01,BR,BR-2955139212,False,Brasil,0.05,False,False,0.5857457353392838
TXN00004252,CLI000800,2023-05-21,AJUSTE,2026.24,00,MG-CORE-01,BR,BR-5132802357,False,Brasil,0.05,False,False,-0.9274349092360009
TXN00004253,CLI000208,2023-01-18,PAGAMENTO,1517.87,02,RJ-CORE-01,BR,BR-8155550288,False,Brasil,0.05,False,False,-0.2966402141805479
TXN00004254,CLI000243,2023-04-28,PAGAMENTO,2890.15,10,BA-CORE-01,BR,BR-7132880644,False,Brasil,0.05,False,False,0.0
TXN00004255,CLI001142,2023-07-18,FATURA,494.14,00,MG-CORE-01,BR,BR-1089450635,False,Brasil,0.05,False,False,-0.010662677856066604
TXN00004256,CLI000428,2023-07-09,AJUSTE,2630.4,10,RJ-CORE-01,BR,BR-9479858251,False,Brasil,0.05,False,False,0.5380004465315058
TXN00004257,CLI000996,2023-01-08,PAGAMENTO,373.65,02,RJ-CORE-01,BR,BR-4784972278,False,Brasil,0.05,False,False,-1.5437915976168286
TXN00004258,CLI000974,2023-04-29,FATURA,2105.56,01,RJ-CORE-01,BR,BR-9631741253,False,Brasil,0.05,False,False,0.018053372390438208
TXN00004259,CLI000742,2023-10-04,FATURA,3449.76,10,BA-CORE-01,BR,BR-5299290068,False,Brasil,0.05,False,False,0.5958890784276845
TXN00004260,CLI000356,2023-03-06,ESTORNO,2123.09,00,RJ-CORE-01,BR,BR-4750445064,False,Brasil,0.05,False,False,0.34617992400389846
TXN00004261,CLI000171,2023-01-28,PAGAMENTO,44.67,00,SP-CORE-01,BR,BR-3029665156,False,Brasil,0.05,False,False,-1.4480074070739952
TXN00004262,CLI000529,2023-08-06,ESTORNO,-276.82,00,BA-CORE-01,BR,BR-9664627586,False,Brasil,0.05,False,False,-1.6266493712187198
TXN00004263,CLI000003,2023-11-16,ESTORNO,2201.26,00,SP-CORE-02,BR,BR-3160997637,False,Brasil,0.05,False,False,0.7071067811865477
TXN00004264,CLI000621,2023-12-11,FATURA,2594.74,01,SP-CORE-02,BR,BR-4242668018,False,Brasil,0.05,False,False,-0.034516937915007664
TXN00004265,CLI000403,2023-10-21,PAGAMENTO,2193.24,10,MG-CORE-01,BR,BR-4329701564,False,Brasil,0.05,False,False,0.35848205377621917
TXN00004266,CLI001012,2023-02-07,AJUSTE,233.54,02,BA-CORE-01,BR,BR-5724431673,False,Brasil,0.05,False,False,0.0
TXN00004267,CLI000859,2023-11-18,PAGAMENTO,872.64,10,RJ-CORE-01,BR,BR-6736690534,False,Brasil,0.05,False,False,0.5006079688605699
TXN00004268,CLI000279,2023-11-07,FATURA,501.99,00,BA-CORE-01,BR,BR-7638795698,False,Brasil,0.05,False,False,-1.0807320347570062
TXN00004269,CLI000589,2023-01-11,AJUSTE,1449.1,00,BA-CORE-01,BR,BR-8144285185,False,Brasil,0.05,False,False,-0.2518038703983711
TXN00004270,CLI000389,2023-09-04,FATURA,1357.73,01,SP-CORE-01,BR,BR-6383899766,False,Brasil,0.05,False,False,0.3240947134567815
TXN00004271,CLI000868,2023-05-15,PAGAMENTO,2680.73,10,BA-CORE-01,BR,BR-2970319532,False,Brasil,0.05,False,False,0.679342577677562
TXN00004272,CLI000890,2023-06-12,AJUSTE,3197.45,00,MG-CORE-01,BR,BR-8850124241,False,Brasil,0.05,False,False,1.1196154391629654
TXN00004273,CLI001171,2023-01-08,ESTORNO,2931.37,01,SP-CORE-02,BR,BR-3080288209,False,Brasil,0.05,False,False,-0.36796685700382187
TXN00004274,CLI000306,2023-12-04,AJUSTE,645.3,02,SP-CORE-02,BR,BR-3747921408,False,Brasil,0.05,False,False,-0.3939573507853491
TXN00004275,CLI000493,2023-08-21,PAGAMENTO,3192.05,01,MG-CORE-01,BR,BR-5269571438,False,Brasil,0.05,False,False,1.3208756401474562
TXN00004276,CLI000642,2023-10-26,PAGAMENTO,924.93,02,SP-CORE-02,BR,BR-6829105597,False,Brasil,0.05,False,False,-0.23232372090437406
TXN00004277,CLI001066,2023-11-11,AJUSTE,1462.37,02,RJ-CORE-01,BR,BR-1132734573,False,Brasil,0.05,False,False,-0.7071067811865475
TXN00004278,CLI000238,2023-05-08,ESTORNO,2808.99,10,BA-CORE-01,BR,BR-7144897817,False,Brasil,0.05,False,False,0.8011731662404777
TXN00004279,CLI000873,2023-06-08,FATURA,2745.37,01,SP-CORE-02,BR,BR-1383428853,False,Brasil,0.05,False,False,0.6689246005726261
TXN00004280,CLI000175,2023-01-13,ESTORNO,-2125.4,00,RJ-CORE-01,BR,BR-9213654445,False,Brasil,0.05,False,False,-0.37841044604418217
TXN00004281,CLI001087,2023-06-12,ESTORNO,2464.63,00,MG-CORE-01,BR,BR-6046381494,False,Brasil,0.05,False,False,0.39395713694406287
TXN00004282,CLI000312,2023-11-09,PAGAMENTO,201.41,02,BA-CORE-01,BR,BR-6717441860,False,Brasil,0.05,False,False,0.30832165579643495
TXN00004283,CLI000239,2023-05-17,FATURA,3341.76,01,MG-CORE-01,BR,BR-7825337991,False,Brasil,0.05,False,False,0.8411201812001121
TXN00004284,CLI000444,2023-04-02,PAGAMENTO,3104.41,10,MG-CORE-01,BR,BR-6481439687,False,Brasil,0.05,False,False,0.5859413778407992
TXN00004285,CLI000014,2023-04-08,AJUSTE,1147.52,02,SP-CORE-01,BR,BR-1818503364,False,Brasil,0.05,False,False,-0.5146581381045372
TXN00004286,CLI000933,2023-11-15,AJUSTE,1131.77,10,MG-CORE-01,BR,BR-8309328395,False,Brasil,0.05,False,False,-0.07249520584773826
TXN00004287,CLI000710,2023-11-05,AJUSTE,2910.41,10,BA-CORE-01,BR,BR-5823081903,False,Brasil,0.05,False,False,0.5023534591517446
TXN00004288,CLI000552,2023-10-16,FATURA,3366.61,01,RJ-CORE-01,BR,BR-8710896127,False,Brasil,0.05,False,False,-0.22004383923328902
TXN00004289,CLI000025,2023-02-07,FATURA,244.08,01,MG-CORE-01,BR,BR-6785311561,False,Brasil,0.05,False,False,-1.1426198141814252
TXN00004290,CLI000949,2023-12-30,AJUSTE,1856.42,01,RJ-CORE-01,BR,BR-5330765328,False,Brasil,0.05,False,False,0.7071067811865476
TXN00004291,CLI000329,2023-02-23,PAGAMENTO,379.87,02,BA-CORE-01,BR,BR-5926890511,False,Brasil,0.05,False,False,-0.23813152036608745
TXN00004292,CLI000741,2023-04-17,AJUSTE,126.59,00,BA-CORE-01,BR,BR-3924542318,False,Brasil,0.05,False,False,-0.8047069841197741
TXN00004293,CLI000518,2023-05-08,PAGAMENTO,131.62,01,BA-CORE-01,BR,BR-5993358302,False,Brasil,0.05,False,False,-0.6492317648315967
TXN00004294,CLI000967,2023-09-19,AJUSTE,1642.86,01,SP-CORE-01,BR,BR-7385863902,False,Brasil,0.05,False,False,-0.13630679432100984
TXN00004295,CLI000724,2023-02-12,AJUSTE,617.74,10,SP-CORE-02,BR,BR-2265841695,False,Brasil,0.05,False,False,0.7828849324066232
TXN00004296,CLI000132,2023-10-06,ESTORNO,-1234.3,01,SP-CORE-01,BR,BR-2949306060,False,Brasil,0.05,False,False,-1.1494929851309408
TXN00004297,CLI000519,2023-01-12,PAGAMENTO,1935.44,01,BA-CORE-01,BR,BR-6228372352,False,Brasil,0.05,False,False,0.04828119345560641
TXN00004298,CLI000881,2023-08-12,FATURA,2392.94,01,MG-CORE-01,BR,BR-1530152576,False,Brasil,0.05,False,False,1.1353582011560512
TXN00004299,CLI000671,2023-11-19,AJUSTE,1396.55,00,SP-CORE-02,BR,BR-7392485211,False,Brasil,0.05,False,False,-1.0777704371075194
TXN00004300,CLI000067,2023-06-19,ESTORNO,337.98,00,SP-CORE-01,BR,BR-5316829737,False,Brasil,0.05,False,False,-1.4703234584495022
TXN00004301,CLI000880,2023-11-13,FATURA,1076.44,02,SP-CORE-02,BR,BR-4582475407,False,Brasil,0.05,False,False,0.22887822708673236
TXN00004302,CLI000022,2023-04-17,AJUSTE,2421.48,00,SP-CORE-02,BR,BR-5509294947,False,Brasil,0.05,False,False,0.511239855607127
TXN00004303,CLI001084,2023-03-10,PAGAMENTO,468.93,02,SP-CORE-01,BR,BR-5886464965,False,Brasil,0.05,False,False,-0.2008303123915165
TXN00004304,CLI000563,2023-01-02,AJUSTE,2474.76,01,RJ-CORE-01,BR,BR-9069049958,False,Brasil,0.05,False,False,0.7071067811865475
TXN00004305,CLI000891,2023-08-22,AJUSTE,1171.51,01,BA-CORE-01,BR,BR-3408399111,False,Brasil,0.05,False,False,-0.9454453429207514
TXN00004306,CLI000453,2023-10-14,AJUSTE,124.87,00,MG-CORE-01,BR,BR-5096047004,False,Brasil,0.05,False,False,-0.34646278238017036
TXN00004307,CLI001144,2023-08-05,FATURA,2944.01,10,BA-CORE-01,BR,BR-8358125511,False,Brasil,0.05,False,False,1.58119330437675
TXN00004308,CLI000521,2023-12-13,PAGAMENTO,1083.31,01,SP-CORE-02,BR,BR-4148439236,False,Brasil,0.05,False,False,0.13958188959833676
TXN00004309,CLI000801,2023-05-23,ESTORNO,-3186.39,00,SP-CORE-01,BR,BR-4943895991,False,Brasil,0.05,False,False,-0.7907989004128253
TXN00004310,CLI000679,2023-10-25,ESTORNO,-1635.79,00,BA-CORE-01,BR,BR-2248985201,False,Brasil,0.05,False,False,-1.1965239767227283
TXN00004311,CLI000614,2023-02-21,FATURA,1165.61,00,MG-CORE-01,BR,BR-5432993319,False,Brasil,0.05,False,False,-1.1448570595044048
TXN00004312,CLI000266,2023-10-25,AJUSTE,3309.89,01,BA-CORE-01,BR,BR-9301891589,False,Brasil,0.05,False,False,1.2575841384183533
TXN00004313,CLI000836,2023-02-19,ESTORNO,434.17,00,RJ-CORE-01,BR,BR-6953859063,False,Brasil,0.05,False,False,0.7071067811865476
TXN00004314,CLI000333,2023-02-20,PAGAMENTO,2563.21,01,SP-CORE-01,BR,BR-4883349761,False,Brasil,0.05,False,False,0.28617535573464675
TXN00004315,CLI001132,2023-07-10,ESTORNO,576.09,01,SP-CORE-02,BR,BR-9130517572,False,Brasil,0.05,False,False,-1.3654349264133463
TXN00004316,CLI000623,2023-06-16,FATURA,1771.19,01,MG-CORE-01,BR,BR-9247171004,False,Brasil,0.05,False,False,-0.7071067811865479
TXN00004317,CLI000829,2023-06-29,AJUSTE,3225.89,00,RJ-CORE-01,BR,BR-7859229401,False,Brasil,0.05,False,False,-0.3393014017656018
TXN00004318,CLI000096,2023-06-24,AJUSTE,2616.61,01,BA-CORE-01,BR,BR-9057068336,False,Brasil,0.05,False,False,0.6562015998203942
TXN00004319,CLI000655,2023-02-14,FATURA,423.02,02,SP-CORE-02,BR,BR-4297076131,False,Brasil,0.05,False,False,-1.1927242386049453
TXN00004320,CLI000453,2023-04-03,PAGAMENTO,1631.26,01,MG-CORE-01,BR,BR-2073829642,False,Brasil,0.05,False,False,0.8191914220837423
TXN00004321,CLI000522,2023-08-16,FATURA,981.73,00,SP-CORE-02,BR,BR-6151912812,False,Brasil,0.05,False,False,-0.7071067811865472
TXN00004322,CLI001114,2023-10-01,ESTORNO,-3120.31,00,BA-CORE-01,BR,BR-2309948279,False,Brasil,0.05,False,False,-1.5730945129012024
TXN00004323,CLI000451,2023-02-04,PAGAMENTO,2801.47,02,SP-CORE-02,BR,BR-6082544784,False,Brasil,0.05,False,False,0.43834797394885266
TXN00004324,CLI000093,2023-12-26,ESTORNO,1163.1,02,RJ-CORE-01,BR,BR-8876335861,False,Brasil,0.05,False,False,-0.5616488305599444
TXN00004325,CLI000181,2023-06-30,ESTORNO,-1981.09,10,RJ-CORE-01,BR,BR-1412498542,False,Brasil,0.05,False,False,-1.6769814767353526
TXN00004326,CLI000458,2023-12-15,FATURA,675.52,10,BA-CORE-01,BR,BR-7556574228,False,Brasil,0.05,False,False,-1.2574517978497786
TXN00004327,CLI000293,2023-12-29,FATURA,1082.97,02,MG-CORE-01,BR,BR-8276247494,False,Brasil,0.05,False,False,-1.2574952757726519
TXN00004328,CLI000002,2023-05-09,PAGAMENTO,1151.48,00,SP-CORE-01,BR,BR-6830671474,False,Brasil,0.05,False,False,0.20729484236800894
TXN00004329,CLI000344,2023-09-29,ESTORNO,2005.13,00,SP-CORE-01,BR,BR-6816218289,False,Brasil,0.05,False,False,-0.28488407769511187
TXN00004330,CLI000770,2023-03-01,AJUSTE,2722.53,01,MG-CORE-01,BR,BR-7298795267,False,Brasil,0.05,False,False,0.7237541263009158
TXN00004331,CLI000887,2023-01-04,FATURA,3205.64,01,RJ-CORE-01,BR,BR-9424350379,False,Brasil,0.05,False,False,0.0
TXN00004332,CLI000576,2023-03-08,FATURA,2357.23,01,SP-CORE-01,BR,BR-2981199619,False,Brasil,0.05,False,False,1.4582449066783285
TXN00004333,CLI000982,2023-02-24,PAGAMENTO,2596.85,01,BA-CORE-01,BR,BR-8588218088,False,Brasil,0.05,False,False,0.6949942848970557
TXN00004334,CLI000452,2023-08-27,AJUSTE,385.86,02,MG-CORE-01,BR,BR-9189853166,False,Brasil,0.05,False,False,-1.5614114072977983
TXN00004335,CLI000749,2023-09-24,AJUSTE,2375.12,02,SP-CORE-02,BR,BR-4378559057,False,Brasil,0.05,False,False,1.0038147094711694
TXN00004336,CLI000958,2023-09-20,PAGAMENTO,2288.82,02,SP-CORE-02,BR,BR-2602500198,False,Brasil,0.05,False,False,0.707106781186547
TXN00004337,CLI000486,2023-12-23,PAGAMENTO,864.64,00,SP-CORE-01,BR,BR-9065112088,False,Brasil,0.05,False,False,-0.4205215758397551
TXN00004338,CLI000948,2023-10-28,PAGAMENTO,1010.29,02,RJ-CORE-01,BR,BR-8924675684,False,Brasil,0.05,False,False,-1.119684396087214
TXN00004339,CLI000349,2023-06-08,ESTORNO,984.32,00,MG-CORE-01,BR,BR-5835857609,False,Brasil,0.05,False,False,-0.5615230430085478
TXN00004340,CLI000610,2023-03-11,PAGAMENTO,1361.89,02,RJ-CORE-01,BR,BR-3877968405,False,Brasil,0.05,False,False,0.7879323032716407
TXN00004341,CLI000531,2023-07-01,PAGAMENTO,3477.43,00,MG-CORE-01,BR,BR-7519795910,False,Brasil,0.05,False,False,1.1496266438719625
TXN00004342,CLI000675,2023-06-24,AJUSTE,2037.49,01,BA-CORE-01,BR,BR-4604328146,False,Brasil,0.05,False,False,-0.15474139749675284
TXN00004343,CLI000644,2023-08-25,FATURA,2847.06,10,RJ-CORE-01,BR,BR-1363608048,False,Brasil,0.05,False,False,-0.3948416082163117
TXN00004344,CLI001131,2023-09-17,PAGAMENTO,2652.02,10,RJ-CORE-01,BR,BR-5754738881,False,Brasil,0.05,False,False,-0.36630630458537017
TXN00004345,CLI000080,2023-07-13,FATURA,1679.79,02,SP-CORE-02,BR,BR-3552669535,False,Brasil,0.05,False,False,0.5056584254959271
TXN00004346,CLI000954,2023-12-22,PAGAMENTO,752.6,10,SP-CORE-01,BR,BR-8825173287,False,Brasil,0.05,False,False,-0.8785724390849464
TXN00004347,CLI000006,2023-02-18,PAGAMENTO,3082.96,01,RJ-CORE-01,BR,BR-7723528199,False,Brasil,0.05,False,False,0.8716209369112796
TXN00004348,CLI000305,2023-09-18,PAGAMENTO,1880.41,10,BA-CORE-01,BR,BR-8261041225,False,Brasil,0.05,False,False,0.7071067811865472
TXN00004349,CLI000484,2023-04-12,AJUSTE,2509.93,02,RJ-CORE-01,BR,BR-4712200911,False,Brasil,0.05,False,False,0.6387130444218126
TXN00004350,CLI000683,2023-07-29,AJUSTE,2044.12,02,SP-CORE-02,BR,BR-4079282743,False,Brasil,0.05,False,False,0.7319671795748404
TXN00004351,CLI000401,2023-04-06,FATURA,800.24,01,MG-CORE-01,BR,BR-4013231659,False,Brasil,0.05,False,False,-0.44742072366702956
TXN00004352,CLI000923,2023-08-23,AJUSTE,847.87,02,SP-CORE-01,BR,BR-3217337132,False,Brasil,0.05,False,False,-0.4044804006012774
TXN00004353,CLI000263,2023-05-15,AJUSTE,2087.94,00,SP-CORE-02,BR,BR-9449396649,False,Brasil,0.05,False,False,0.4858869978631058
TXN00004354,CLI000676,2023-05-18,AJUSTE,1697.61,00,RJ-CORE-01,BR,BR-1585845375,False,Brasil,0.05,False,False,0.8162158465252946
TXN00004355,CLI000706,2023-10-27,FATURA,865.73,02,RJ-CORE-01,BR,BR-5959722992,False,Brasil,0.05,False,False,-1.1474559153542594
TXN00004356,CLI000842,2023-01-22,PAGAMENTO,3198.1,01,SP-CORE-01,BR,BR-7993235236,False,Brasil,0.05,False,False,0.8532656556591768
TXN00004357,CLI000544,2023-08-29,FATURA,895.14,01,MG-CORE-01,BR,BR-5022370931,False,Brasil,0.05,False,False,-1.203008464221439
TXN00004358,CLI000221,2023-10-16,ESTORNO,973.85,10,MG-CORE-01,BR,BR-8755065294,False,Brasil,0.05,False,False,-0.7335337595407602
TXN00004359,CLI000858,2023-12-06,AJUSTE,2097.79,01,MG-CORE-01,BR,BR-1861999412,False,Brasil,0.05,False,False,0.31871382604616105
TXN00004360,CLI000307,2023-01-16,ESTORNO,-1542.85,10,SP-CORE-01,BR,BR-1288372981,False,Brasil,0.05,False,False,0.3171835206866123
TXN00004361,CLI000607,2023-12-02,AJUSTE,2491.09,00,RJ-CORE-01,BR,BR-4779137718,False,Brasil,0.05,False,False,0.4119593972088213
TXN00004362,CLI000760,2023-08-03,ESTORNO,1959.95,02,SP-CORE-02,BR,BR-3232620908,False,Brasil,0.05,False,False,0.4302055407568418
TXN00004363,CLI000836,2023-06-15,ESTORNO,-2843.25,02,BA-CORE-01,BR,BR-2061742064,False,Brasil,0.05,False,False,-0.7071067811865476
TXN00004364,CLI000998,2023-12-28,AJUSTE,1178.25,00,MG-CORE-01,BR,BR-5739956073,False,Brasil,0.05,False,False,-0.7761796634666679
TXN00004365,CLI000393,2023-04-21,ESTORNO,827.66,01,MG-CORE-01,BR,BR-7467381113,False,Brasil,0.05,False,False,0.8835177166857056
TXN00004366,CLI001065,2023-05-15,FATURA,2380.74,10,SP-CORE-01,BR,BR-2678103394,False,Brasil,0.05,False,False,1.1220751001076423
TXN00004367,CLI000773,2023-12-22,AJUSTE,2601.57,01,MG-CORE-01,BR,BR-4977330607,False,Brasil,0.05,False,False,0.9676002279607516
TXN00004368,CLI000307,2023-08-06,AJUSTE,3116.48,00,SP-CORE-02,BR,BR-6583130018,False,Brasil,0.05,False,False,0.3717487254147962
TXN00004369,CLI000214,2023-10-16,FATURA,1565.55,02,SP-CORE-01,BR,BR-5824092354,False,Brasil,0.05,False,False,-0.6791616970086439
TXN00004370,CLI000698,2023-11-07,PAGAMENTO,149.2,10,SP-CORE-01,BR,BR-1093019873,False,Brasil,0.05,False,False,-1.0112260133942315
TXN00004371,CLI000518,2023-03-30,FATURA,154.58,01,BA-CORE-01,BR,BR-2033720874,False,Brasil,0.05,False,False,-0.6284076377973491
TXN00004372,CLI000235,2023-11-10,ESTORNO,135.41,10,BA-CORE-01,BR,BR-6155468456,False,Brasil,0.05,False,False,-1.359382820864582
TXN00004373,CLI000149,2023-04-04,PAGAMENTO,2553.84,01,SP-CORE-02,BR,BR-7358555069,False,Brasil,0.05,False,False,0.7475022706773023
TXN00004374,CLI000691,2023-10-23,AJUSTE,3221.13,01,SP-CORE-01,BR,BR-7823688564,False,Brasil,0.05,False,False,0.8656216387885711
TXN00004375,CLI000087,2023-01-13,AJUSTE,1691.74,01,SP-CORE-02,BR,BR-6476862198,False,Brasil,0.05,False,False,0.6332997285340437
TXN00004376,CLI000949,2023-10-14,FATURA,-126591.64,9A,SANTOS-PORT-07,PA,OFFSHORE-052774MW,True,Panamá,0.9,True,True,-0.7071067811865476
TXN00004377,CLI001147,2023-05-24,PAGAMENTO,652.77,00,RJ-CORE-01,BR,BR-5974923010,False,Brasil,0.05,False,False,1.2530669810328539
TXN00004378,CLI000128,2023-09-09,ESTORNO,2578.98,10,SP-CORE-02,BR,BR-6200261098,False,Brasil,0.05,False,False,0.228333009814721
TXN00004379,CLI000864,2023-04-10,PAGAMENTO,544.53,00,SP-CORE-01,BR,BR-7550064137,False,Brasil,0.05,False,False,-0.7183749215657234
TXN00004380,CLI001188,2023-05-30,FATURA,920.23,10,RJ-CORE-01,BR,BR-3203512161,False,Brasil,0.05,False,False,-0.7934457249391511
TXN00004381,CLI001163,2023-03-12,ESTORNO,-2597.47,02,MG-CORE-01,BR,BR-5945236997,False,Brasil,0.05,False,False,-1.67694505525423
TXN00004382,CLI000319,2023-12-21,PAGAMENTO,2880.27,10,RJ-CORE-01,BR,BR-7713668526,False,Brasil,0.05,False,False,0.9737509433310735
TXN00004383,CLI000514,2023-06-25,ESTORNO,635.56,10,SP-CORE-02,BR,BR-5896431504,False,Brasil,0.05,False,False,0.02199575929626133
TXN00004384,CLI000008,2023-09-11,PAGAMENTO,1925.14,02,SP-CORE-01,BR,BR-8122962522,False,Brasil,0.05,False,False,1.0581253860124091
TXN00004385,CLI000177,2023-08-02,ESTORNO,1126.92,10,MG-CORE-01,BR,BR-9261270535,False,Brasil,0.05,False,False,-0.49137385377693926
TXN00004386,CLI000628,2023-11-11,AJUSTE,1808.54,10,SP-CORE-02,BR,BR-7372634805,False,Brasil,0.05,False,False,0.23986231996911986
TXN00004387,CLI000822,2023-07-24,AJUSTE,1838.14,01,BA-CORE-01,BR,BR-9429109595,False,Brasil,0.05,False,False,0.33943207947337733
TXN00004388,CLI000897,2023-12-29,FATURA,2260.78,10,RJ-CORE-01,BR,BR-2113367267,False,Brasil,0.05,False,False,0.7071067811865509
TXN00004389,CLI000869,2023-01-01,FATURA,1208.77,10,SP-CORE-01,BR,BR-8291861073,False,Brasil,0.05,False,False,-0.2746730884653951
TXN00004390,CLI000022,2023-06-21,FATURA,1367.43,10,BA-CORE-01,BR,BR-7789160970,False,Brasil,0.05,False,False,-0.47270923419234406
TXN00004391,CLI000967,2023-02-08,AJUSTE,2421.11,10,MG-CORE-01,BR,BR-8859301687,False,Brasil,0.05,False,False,0.3835376782318885
TXN00004392,CLI000253,2023-11-22,ESTORNO,-243.08,10,BA-CORE-01,BR,BR-1290210829,False,Brasil,0.05,False,False,-0.7276778562738456
TXN00004393,CLI000554,2023-05-15,AJUSTE,129408.38,4F,SANTOS-PORT-07,KY,OFFSHORE-101759AX,True,Ilhas Cayman,0.95,True,True,1.7886921376860636
TXN00004394,CLI000176,2023-07-24,FATURA,2775.48,00,BA-CORE-01,BR,BR-6042580412,False,Brasil,0.05,False,False,0.5742943617924586
TXN00004395,CLI001054,2023-10-12,ESTORNO,-88.63,10,SP-CORE-01,BR,BR-7225596472,False,Brasil,0.05,False,False,-1.1287384809058876
TXN00004396,CLI000081,2023-09-06,PAGAMENTO,3055.33,00,RJ-CORE-01,BR,BR-3390012828,False,Brasil,0.05,False,False,1.4012919678735796
TXN00004397,CLI000120,2023-08-28,PAGAMENTO,2278.05,00,MG-CORE-01,BR,BR-6135569472,False,Brasil,0.05,False,False,0.5166962652521719
TXN00004398,CLI000311,2023-04-26,ESTORNO,-802.78,02,MG-CORE-01,BR,BR-7404238705,False,Brasil,0.05,False,False,-1.8845065911339818
TXN00004399,CLI001169,2023-07-31,ESTORNO,-309.67,00,RJ-CORE-01,BR,BR-8210601642,False,Brasil,0.05,False,False,-1.425883951788901
TXN00004400,CLI001138,2023-01-27,FATURA,2373.47,00,SP-CORE-01,BR,BR-1968500282,False,Brasil,0.05,False,False,0.6117383309968178
TXN00004401,CLI000592,2023-01-15,ESTORNO,-2548.26,00,RJ-CORE-01,BR,BR-4187526779,False,Brasil,0.05,False,False,-1.4894818454821408
TXN00004402,CLI000068,2023-03-25,PAGAMENTO,2407.55,01,BA-CORE-01,BR,BR-4393042281,False,Brasil,0.05,False,False,0.42653776449612324
TXN00004403,CLI000747,2023-01-07,FATURA,3464.36,01,BA-CORE-01,BR,BR-9959380382,False,Brasil,0.05,False,False,0.5037560566171387
TXN00004404,CLI000865,2023-05-18,PAGAMENTO,2276.51,02,SP-CORE-02,BR,BR-9694057718,False,Brasil,0.05,False,False,-1.000879970458754
TXN00004405,CLI000343,2023-11-01,ESTORNO,3037.4,10,RJ-CORE-01,BR,BR-1413202112,False,Brasil,0.05,False,False,1.2994600361370139
TXN00004406,CLI000829,2023-03-19,ESTORNO,-1354.85,02,SP-CORE-02,BR,BR-5317456982,False,Brasil,0.05,False,False,-0.3731529716911875
TXN00004407,CLI000751,2023-02-27,ESTORNO,-1235.29,01,MG-CORE-01,BR,BR-8620928447,False,Brasil,0.05,False,False,-1.0229045815251736
TXN00004408,CLI000810,2023-04-07,FATURA,849.48,01,MG-CORE-01,BR,BR-4712961266,False,Brasil,0.05,False,False,-0.5675604027347096
TXN00004409,CLI000656,2023-07-14,PAGAMENTO,1876.83,10,SP-CORE-01,BR,BR-2463343954,False,Brasil,0.05,False,False,0.7520854974464182
TXN00004410,CLI000744,2023-09-12,ESTORNO,2688.54,10,RJ-CORE-01,BR,BR-7563373617,False,Brasil,0.05,False,False,1.0994770679691737
TXN00004411,CLI000072,2023-11-12,ESTORNO,2538.08,00,RJ-CORE-01,BR,BR-8849378030,False,Brasil,0.05,False,False,0.3136488714505501
TXN00004412,CLI000351,2023-04-19,FATURA,3346.89,02,BA-CORE-01,BR,BR-7446102889,False,Brasil,0.05,False,False,1.1410971487660988
TXN00004413,CLI001157,2023-01-24,ESTORNO,-2364.96,10,RJ-CORE-01,BR,BR-4665417862,False,Brasil,0.05,False,False,-1.412291692407165
TXN00004414,CLI000298,2023-04-18,PAGAMENTO,655.65,02,SP-CORE-02,BR,BR-4442828156,False,Brasil,0.05,False,False,0.35344662612914984
TXN00004415,CLI001062,2023-10-30,PAGAMENTO,400.3,00,SP-CORE-01,BR,BR-7179934236,False,Brasil,0.05,False,False,0.0
TXN00004416,CLI001135,2023-12-21,ESTORNO,3018.38,02,MG-CORE-01,BR,BR-7981343502,False,Brasil,0.05,False,False,0.7604735410754122
TXN00004417,CLI001182,2023-11-02,ESTORNO,-793.86,01,SP-CORE-01,BR,BR-4753702208,False,Brasil,0.05,False,False,-0.4334683286249319
TXN00004418,CLI000407,2023-03-02,PAGAMENTO,1760.28,01,SP-CORE-01,BR,BR-3444491041,False,Brasil,0.05,False,False,-0.27365575350735794
TXN00004419,CLI000858,2023-12-21,ESTORNO,-3280.74,00,SP-CORE-01,BR,BR-7516525681,False,Brasil,0.05,False,False,-2.3897201489134936
TXN00004420,CLI000680,2023-03-21,ESTORNO,-1224.66,10,SP-CORE-02,BR,BR-1433418050,False,Brasil,0.05,False,False,-1.5885643079444223
TXN00004421,CLI000289,2023-10-07,ESTORNO,2895.3,10,BA-CORE-01,BR,BR-3141952775,False,Brasil,0.05,False,False,0.9297021942888559
TXN00004422,CLI000574,2023-05-25,FATURA,1657.27,02,BA-CORE-01,BR,BR-9811035250,False,Brasil,0.05,False,False,-0.8182579354281125
TXN00004423,CLI000508,2023-06-06,PAGAMENTO,1365.36,02,SP-CORE-02,BR,BR-7616560434,False,Brasil,0.05,False,False,-0.42713381872729766
TXN00004424,CLI000166,2023-02-23,PAGAMENTO,1696.59,02,MG-CORE-01,BR,BR-1096819216,False,Brasil,0.05,False,False,-0.09565953717510227
TXN00004425,CLI000556,2023-08-09,ESTORNO,293.26,01,MG-CORE-01,BR,BR-8851838021,False,Brasil,0.05,False,False,-1.2905740023653565
TXN00004426,CLI000877,2023-03-15,ESTORNO,2182.8,01,MG-CORE-01,BR,BR-2537191134,False,Brasil,0.05,False,False,0.2708963936138458
TXN00004427,CLI000601,2023-10-29,PAGAMENTO,3476.16,10,MG-CORE-01,BR,BR-2237246941,False,Brasil,0.05,False,False,1.028354827693722
TXN00004428,CLI000009,2023-06-18,ESTORNO,-1804.27,10,RJ-CORE-01,BR,BR-6636024977,False,Brasil,0.05,False,False,-1.1540830856168411
TXN00004429,CLI000852,2023-11-09,FATURA,3243.19,01,BA-CORE-01,BR,BR-3657059704,False,Brasil,0.05,False,False,0.715054688692859
TXN00004430,CLI000682,2023-12-20,FATURA,1162.46,10,SP-CORE-02,BR,BR-4830287810,False,Brasil,0.05,False,False,-0.7071067811865476
TXN00004431,CLI001057,2023-12-24,FATURA,2043.37,02,MG-CORE-01,BR,BR-7797956176,False,Brasil,0.05,False,False,0.7071067811865475
TXN00004432,CLI000604,2023-02-26,FATURA,553.11,02,BA-CORE-01,BR,BR-9525226329,False,Brasil,0.05,False,False,-0.1186438578236778
TXN00004433,CLI000144,2023-11-06,PAGAMENTO,863.56,02,MG-CORE-01,BR,BR-3805610094,False,Brasil,0.05,False,False,-0.7071067811865476
TXN00004434,CLI000492,2023-07-29,ESTORNO,1949.26,10,SP-CORE-02,BR,BR-5433586186,False,Brasil,0.05,False,False,0.0
TXN00004435,CLI000517,2023-08-27,FATURA,118.22,10,RJ-CORE-01,BR,BR-7104891000,False,Brasil,0.05,False,False,0.5015517155285955
TXN00004436,CLI000269,2023-06-11,FATURA,3387.95,00,MG-CORE-01,BR,BR-6156156606,False,Brasil,0.05,False,False,0.7071067811865476
TXN00004437,CLI000109,2023-08-19,AJUSTE,2232.12,02,SP-CORE-02,BR,BR-1255086561,False,Brasil,0.05,False,False,0.22503630797839333
TXN00004438,CLI001100,2023-08-14,AJUSTE,3361.57,01,MG-CORE-01,BR,BR-1267698902,False,Brasil,0.05,False,False,0.90601005358527
TXN00004439,CLI000722,2023-11-22,PAGAMENTO,2277.48,02,RJ-CORE-01,BR,BR-3119803089,False,Brasil,0.05,False,False,-1.3986581743689683
TXN00004440,CLI000430,2023-04-07,PAGAMENTO,3018.29,00,SP-CORE-02,BR,BR-4468132414,False,Brasil,0.05,False,False,0.45581687770797286
TXN00004441,CLI001106,2023-09-09,FATURA,1914.97,01,BA-CORE-01,BR,BR-4991586232,False,Brasil,0.05,False,False,1.3254039930586923
TXN00004442,CLI001046,2023-07-22,FATURA,1468.36,02,RJ-CORE-01,BR,BR-5851013429,False,Brasil,0.05,False,False,1.1608863669225167
TXN00004443,CLI000608,2023-09-20,ESTORNO,-1416.66,01,RJ-CORE-01,BR,BR-4106677731,False,Brasil,0.05,False,False,-1.3315891785975222
TXN00004444,CLI000361,2023-09-25,FATURA,3256.72,01,BA-CORE-01,BR,BR-1446939534,False,Brasil,0.05,False,False,0.9639067050490278
TXN00004445,CLI001197,2023-03-13,ESTORNO,-284.57,01,BA-CORE-01,BR,BR-6799312597,False,Brasil,0.05,False,False,-1.6535037479391912
TXN00004446,CLI001078,2023-06-11,FATURA,2922.95,02,MG-CORE-01,BR,BR-7346211863,False,Brasil,0.05,False,False,1.2505074987990807
TXN00004447,CLI000074,2023-03-31,ESTORNO,-1888.26,01,BA-CORE-01,BR,BR-1978200864,False,Brasil,0.05,False,False,-1.924176450171663
TXN00004448,CLI001107,2023-03-20,ESTORNO,174.71,00,SP-CORE-02,BR,BR-4999673414,False,Brasil,0.05,False,False,-1.199828838354593
TXN00004449,CLI000035,2023-02-16,PAGAMENTO,2778.49,01,SP-CORE-02,BR,BR-9667651430,False,Brasil,0.05,False,False,0.45771087647356934
TXN00004450,CLI000907,2023-08-10,AJUSTE,3307.37,10,RJ-CORE-01,BR,BR-3070918747,False,Brasil,0.05,False,False,0.9708166843164416
TXN00004451,CLI000382,2023-10-07,PAGAMENTO,1374.41,10,BA-CORE-01,BR,BR-5832857817,False,Brasil,0.05,False,False,-0.03884807477398147
TXN00004452,CLI000307,2023-03-15,PAGAMENTO,1861.56,10,SP-CORE-01,BR,BR-8307190146,False,Brasil,0.05,False,False,0.3570524135593379
TXN00004453,CLI000464,2023-09-16,FATURA,3478.92,10,MG-CORE-01,BR,BR-3360277484,False,Brasil,0.05,False,False,1.1181017228038617
TXN00004454,CLI000467,2023-08-13,ESTORNO,3395.42,00,MG-CORE-01,BR,BR-5791393363,False,Brasil,0.05,False,False,1.0504688974352079
TXN00004455,CLI000498,2023-05-17,AJUSTE,2239.29,02,RJ-CORE-01,BR,BR-9175690539,False,Brasil,0.05,False,False,0.5233341502019262
TXN00004456,CLI000075,2023-08-06,ESTORNO,623.73,01,MG-CORE-01,BR,BR-2510922679,False,Brasil,0.05,False,False,-0.7860510483967083
TXN00004457,CLI001197,2023-05-11,FATURA,1170.46,02,BA-CORE-01,BR,BR-6768680689,False,Brasil,0.05,False,False,-0.10148366519741224
TXN00004458,CLI000260,2023-04-22,PAGAMENTO,231.92,01,MG-CORE-01,BR,BR-4943074590,False,Brasil,0.05,False,False,-1.7423285663740955
TXN00004459,CLI000335,2023-10-09,AJUSTE,1218.48,10,SP-CORE-01,BR,BR-2022933267,False,Brasil,0.05,False,False,0.20691221639694735
TXN00004460,CLI000841,2023-01-22,ESTORNO,-2676.29,01,RJ-CORE-01,BR,BR-9985032096,False,Brasil,0.05,False,False,-1.3061951224433754
TXN00004461,CLI000214,2023-10-24,AJUSTE,2789.26,10,SP-CORE-01,BR,BR-1043162941,False,Brasil,0.05,False,False,1.1445525119218636
TXN00004462,CLI000863,2023-08-01,FATURA,1678.83,00,RJ-CORE-01,BR,BR-4443563465,False,Brasil,0.05,False,False,0.3746071727505603
TXN00004463,CLI000704,2023-07-24,ESTORNO,-3045.67,10,SP-CORE-02,BR,BR-1244313440,False,Brasil,0.05,False,False,-0.9076832792939956
TXN00004464,CLI000884,2023-11-08,PAGAMENTO,55.35,02,BA-CORE-01,BR,BR-1243329601,False,Brasil,0.05,False,False,-0.7782698044571871
TXN00004465,CLI000334,2023-04-27,PAGAMENTO,156674.76,9A,SANTOS-PORT-07,PA,OFFSHORE-753745OF,True,Panamá,0.9,True,True,1.154630041402453
TXN00004466,CLI000897,2023-10-06,ESTORNO,2115.96,02,BA-CORE-01,BR,BR-3807379048,False,Brasil,0.05,False,False,-0.7071067811865465
TXN00004467,CLI000537,2023-01-06,FATURA,2314.14,10,SP-CORE-02,BR,BR-6444022456,False,Brasil,0.05,False,False,0.6641011384050068
TXN00004468,CLI000066,2023-10-26,ESTORNO,-390912.94,4F,SANTOS-PORT-07,KY,OFFSHORE-520377WR,True,Ilhas Cayman,0.95,True,True,-2.2677455817182453
TXN00004469,CLI000175,2023-07-31,PAGAMENTO,103.62,02,SP-CORE-02,BR,BR-5093296976,False,Brasil,0.05,False,False,-0.356746629030365
TXN00004470,CLI000060,2023-01-25,AJUSTE,804.35,01,BA-CORE-01,BR,BR-5386405648,False,Brasil,0.05,False,False,-1.3562966692540361
TXN00004471,CLI000295,2023-05-04,FATURA,2530.27,10,SP-CORE-01,BR,BR-4591989418,False,Brasil,0.05,False,False,0.7905714087594906
TXN00004472,CLI000156,2023-05-07,AJUSTE,1258.37,00,RJ-CORE-01,BR,BR-6455890846,False,Brasil,0.05,False,False,0.7071067811865476
TXN00004473,CLI000424,2023-10-04,FATURA,2364.33,00,RJ-CORE-01,BR,BR-7821439539,False,Brasil,0.05,False,False,-0.7071067811865475
TXN00004474,CLI000939,2023-05-24,PAGAMENTO,2935.21,01,RJ-CORE-01,BR,BR-5145057803,False,Brasil,0.05,False,False,-0.7071067811865475
TXN00004475,CLI001048,2023-03-08,FATURA,2232.89,10,MG-CORE-01,BR,BR-5551462938,False,Brasil,0.05,False,False,0.7409070928949737
TXN00004476,CLI000884,2023-02-06,PAGAMENTO,3492.99,10,RJ-CORE-01,BR,BR-6943960966,False,Brasil,0.05,False,False,1.2642862507667185
TXN00004477,CLI000703,2023-08-25,ESTORNO,-2444.99,02,RJ-CORE-01,BR,BR-6938171032,False,Brasil,0.05,False,False,0.2405488655967119
TXN00004478,CLI000793,2023-07-08,ESTORNO,108.45,02,RJ-CORE-01,BR,BR-2907050257,False,Brasil,0.05,False,False,-0.3462920734371984
TXN00004479,CLI000616,2023-10-16,AJUSTE,2491.06,00,MG-CORE-01,BR,BR-1963998771,False,Brasil,0.05,False,False,0.7926787726173623
TXN00004480,CLI000641,2023-05-27,ESTORNO,3143.55,01,BA-CORE-01,BR,BR-2629196971,False,Brasil,0.05,False,False,0.6060950429198776
TXN00004481,CLI001085,2023-12-06,AJUSTE,3141.16,01,SP-CORE-01,BR,BR-8129326560,False,Brasil,0.05,False,False,0.8213736915949946
TXN00004482,CLI000379,2023-02-08,AJUSTE,1392.36,02,SP-CORE-01,BR,BR-3287035463,False,Brasil,0.05,False,False,0.5029337870427785
TXN00004483,CLI000606,2023-06-03,FATURA,2916.16,02,MG-CORE-01,BR,BR-8131374264,False,Brasil,0.05,False,False,0.5516748265307728
TXN00004484,CLI000790,2023-03-18,ESTORNO,-228.95,01,SP-CORE-01,BR,BR-9724393265,False,Brasil,0.05,False,False,-1.3832509012397105
TXN00004485,CLI000743,2023-08-26,ESTORNO,-724.63,01,RJ-CORE-01,BR,BR-8572011492,False,Brasil,0.05,False,False,-0.38767136148579784
TXN00004486,CLI000586,2023-03-30,AJUSTE,2537.76,00,SP-CORE-02,BR,BR-5025345979,False,Brasil,0.05,False,False,0.9129682620749244
TXN00004487,CLI000594,2023-12-26,FATURA,621.6,01,MG-CORE-01,BR,BR-5412413776,False,Brasil,0.05,False,False,-0.3876845560032798
TXN00004488,CLI000080,2023-10-22,FATURA,891.79,01,SP-CORE-01,BR,BR-7964420564,False,Brasil,0.05,False,False,-0.6124851221796247
TXN00004489,CLI000126,2023-12-04,ESTORNO,593.39,10,BA-CORE-01,BR,BR-9013302138,False,Brasil,0.05,False,False,-0.07745622350834239
TXN00004490,CLI000182,2023-05-25,FATURA,3239.25,10,BA-CORE-01,BR,BR-4231536511,False,Brasil,0.05,False,False,0.8142440485718194
TXN00004491,CLI000833,2023-12-02,AJUSTE,843.6,01,RJ-CORE-01,BR,BR-4467742419,False,Brasil,0.05,False,False,-0.1697083081682139
TXN00004492,CLI000620,2023-02-14,FATURA,1946.83,00,SP-CORE-01,BR,BR-7671347646,False,Brasil,0.05,False,False,0.3685275519707846
TXN00004493,CLI000414,2023-05-15,AJUSTE,2807.64,02,MG-CORE-01,BR,BR-7591749938,False,Brasil,0.05,False,False,0.7060844969475291
TXN00004494,CLI000876,2023-11-04,AJUSTE,2689.64,10,SP-CORE-02,BR,BR-2117124041,False,Brasil,0.05,False,False,0.8894093154702821
TXN00004495,CLI000238,2023-02-14,PAGAMENTO,666.03,01,RJ-CORE-01,BR,BR-9419445903,False,Brasil,0.05,False,False,-0.11894819325676716
TXN00004496,CLI000418,2023-03-19,FATURA,110.2,01,BA-CORE-01,BR,BR-2023176784,False,Brasil,0.05,False,False,-0.694004164599545
TXN00004497,CLI001148,2023-04-25,FATURA,157.23,02,BA-CORE-01,BR,BR-4898595925,False,Brasil,0.05,False,False,0.1601484604395492
TXN00004498,CLI001082,2023-03-25,FATURA,2170.88,00,BA-CORE-01,BR,BR-2178508211,False,Brasil,0.05,False,False,-0.7071067811865472
TXN00004499,CLI000324,2023-10-24,FATURA,1341.86,10,RJ-CORE-01,BR,BR-5289839506,False,Brasil,0.05,False,False,-0.4262277240872555
TXN00004500,CLI000074,2023-03-01,AJUSTE,2889.27,00,BA-CORE-01,BR,BR-6565525658,False,Brasil,0.05,False,False,0.5069811744016921
TXN00004501,CLI001151,2023-02-05,AJUSTE,2354.04,01,RJ-CORE-01,BR,BR-7747748543,False,Brasil,0.05,False,False,0.561968462534343
TXN00004502,CLI000817,2023-02-18,AJUSTE,1559.09,01,SP-CORE-02,BR,BR-9755746983,False,Brasil,0.05,False,False,-0.7071067811865476
TXN00004503,CLI000024,2023-01-28,PAGAMENTO,3471.12,00,MG-CORE-01,BR,BR-6472947474,False,Brasil,0.05,False,False,0.7071067811865476
TXN00004504,CLI001037,2023-12-20,AJUSTE,1926.54,00,BA-CORE-01,BR,BR-1052996109,False,Brasil,0.05,False,False,-0.04591865246608323
TXN00004505,CLI000422,2023-05-29,PAGAMENTO,144.46,00,SP-CORE-01,BR,BR-8132980658,False,Brasil,0.05,False,False,-1.461679990897272
TXN00004506,CLI000754,2023-01-12,AJUSTE,2676.78,01,RJ-CORE-01,BR,BR-8885559100,False,Brasil,0.05,False,False,0.8199577294174398
TXN00004507,CLI000973,2023-01-15,PAGAMENTO,3354.36,00,RJ-CORE-01,BR,BR-4640382786,False,Brasil,0.05,False,False,0.8869572584239085
TXN00004508,CLI000315,2023-06-26,PAGAMENTO,221.95,10,MG-CORE-01,BR,BR-7201111087,False,Brasil,0.05,False,False,-1.138267195198593
TXN00004509,CLI000773,2023-12-29,ESTORNO,-3011.63,10,SP-CORE-02,BR,BR-5369127161,False,Brasil,0.05,False,False,-1.0295219745812922
TXN00004510,CLI000158,2023-03-02,AJUSTE,1392.42,01,MG-CORE-01,BR,BR-5333066661,False,Brasil,0.05,False,False,-0.7071067811865475
TXN00004511,CLI000064,2023-11-30,FATURA,3404.02,00,RJ-CORE-01,BR,BR-6835673655,False,Brasil,0.05,False,False,1.3007256426953486
TXN00004512,CLI000818,2023-10-21,AJUSTE,2149.94,01,SP-CORE-01,BR,BR-3390614928,False,Brasil,0.05,False,False,0.2664283122919589
TXN00004513,CLI000813,2023-01-12,PAGAMENTO,67.55,02,MG-CORE-01,BR,BR-2754970413,False,Brasil,0.05,False,False,-0.034618202543820746
TXN00004514,CLI000945,2023-12-18,PAGAMENTO,2123.99,01,SP-CORE-02,BR,BR-5636618622,False,Brasil,0.05,False,False,-0.04814093066131603
TXN00004515,CLI000055,2023-01-15,FATURA,1736.17,02,BA-CORE-01,BR,BR-7663417867,False,Brasil,0.05,False,False,0.38342365119374267
TXN00004516,CLI000406,2023-02-03,PAGAMENTO,974.73,00,BA-CORE-01,BR,BR-5094363513,False,Brasil,0.05,False,False,-0.39691671089259584
TXN00004517,CLI000692,2023-04-04,AJUSTE,772.39,01,SP-CORE-01,BR,BR-2891673334,False,Brasil,0.05,False,False,0.07306889452790585
TXN00004518,CLI000499,2023-05-31,PAGAMENTO,1012.89,01,BA-CORE-01,BR,BR-8673971451,False,Brasil,0.05,False,False,-0.7071067811865475
TXN00004519,CLI000382,2023-06-21,PAGAMENTO,2107.23,00,BA-CORE-01,BR,BR-3125703567,False,Brasil,0.05,False,False,0.4660345125256608
TXN00004520,CLI000766,2023-09-26,AJUSTE,2981.19,02,BA-CORE-01,BR,BR-1749451693,False,Brasil,0.05,False,False,0.6765238187384383
TXN00004521,CLI001180,2023-05-21,ESTORNO,1259.13,00,SP-CORE-02,BR,BR-3817404707,False,Brasil,0.05,False,False,0.13827232175300422
TXN00004522,CLI000482,2023-01-13,PAGAMENTO,3374.22,02,BA-CORE-01,BR,BR-1999320584,False,Brasil,0.05,False,False,0.7071067811865475
TXN00004523,CLI000401,2023-09-11,PAGAMENTO,280784.56,9A,SANTOS-PORT-07,PA,OFFSHORE-511871UB,True,Panamá,0.9,True,True,1.7885572562885308
TXN00004524,CLI001090,2023-10-16,PAGAMENTO,2947.33,01,SP-CORE-02,BR,BR-3194880840,False,Brasil,0.05,False,False,1.1130385963153528
TXN00004525,CLI000900,2023-01-17,FATURA,918.18,01,MG-CORE-01,BR,BR-2017815838,False,Brasil,0.05,False,False,-1.3051458362514612
TXN00004526,CLI000983,2023-09-23,ESTORNO,-1102.98,10,RJ-CORE-01,BR,BR-2786576136,False,Brasil,0.05,False,False,-1.001810631019849
TXN00004527,CLI000467,2023-02-20,ESTORNO,-1387.27,10,SP-CORE-01,BR,BR-8051851097,False,Brasil,0.05,False,False,-1.1181830150879615
TXN00004528,CLI000985,2023-08-23,FATURA,1178.55,01,BA-CORE-01,BR,BR-9056727891,False,Brasil,0.05,False,False,-0.10792192884893217
TXN00004529,CLI000010,2023-01-20,PAGAMENTO,443.96,02,BA-CORE-01,BR,BR-1614521710,False,Brasil,0.05,False,False,-1.397150921034668
TXN00004530,CLI000758,2023-02-26,FATURA,2627.55,02,RJ-CORE-01,BR,BR-8680107879,False,Brasil,0.05,False,False,0.0
TXN00004531,CLI000141,2023-04-02,PAGAMENTO,1913.29,02,SP-CORE-02,BR,BR-8095192399,False,Brasil,0.05,False,False,0.5908067402619903
TXN00004532,CLI000792,2023-08-01,FATURA,1895.77,00,SP-CORE-01,BR,BR-9476123135,False,Brasil,0.05,False,False,0.1268921529464819
TXN00004533,CLI000341,2023-04-12,FATURA,3073.53,00,SP-CORE-01,BR,BR-3671110493,False,Brasil,0.05,False,False,0.9150670222697237
TXN00004534,CLI000777,2023-01-12,PAGAMENTO,2743.78,02,RJ-CORE-01,BR,BR-5983505618,False,Brasil,0.05,False,False,0.41884018040682325
TXN00004535,CLI000524,2023-05-13,ESTORNO,-630.57,10,BA-CORE-01,BR,BR-5486568260,False,Brasil,0.05,False,False,-0.7071067811865475
TXN00004536,CLI000595,2023-09-13,AJUSTE,1593.23,02,SP-CORE-01,BR,BR-4995644660,False,Brasil,0.05,False,False,-0.7071067811865475
TXN00004537,CLI000841,2023-11-20,ESTORNO,-2407.23,02,RJ-CORE-01,BR,BR-1109673244,False,Brasil,0.05,False,False,-1.1997863214803643
TXN00004538,CLI000848,2023-01-15,PAGAMENTO,50.86,00,SP-CORE-01,BR,BR-3615798918,False,Brasil,0.05,False,False,-1.3112749512424613
TXN00004539,CLI000771,2023-03-19,AJUSTE,1747.97,01,SP-CORE-02,BR,BR-8765447816,False,Brasil,0.05,False,False,0.6490408740326863
TXN00004540,CLI000800,2023-05-17,PAGAMENTO,2410.72,00,MG-CORE-01,BR,BR-6217821437,False,Brasil,0.05,False,False,0.28594903755404316
TXN00004541,CLI000924,2023-10-01,AJUSTE,1299.42,00,BA-CORE-01,BR,BR-9729948493,False,Brasil,0.05,False,False,1.3738568554357988
TXN00004542,CLI000175,2023-10-27,FATURA,694.0,00,BA-CORE-01,BR,BR-4119261951,False,Brasil,0.05,False,False,-0.3510087333234547
TXN00004543,CLI000233,2023-12-16,PAGAMENTO,3217.15,02,SP-CORE-01,BR,BR-4148407142,False,Brasil,0.05,False,False,1.4900699470419156
TXN00004544,CLI000564,2023-04-07,FATURA,1453.28,02,SP-CORE-01,BR,BR-9810831226,False,Brasil,0.05,False,False,-0.33508428871950724
TXN00004545,CLI000861,2023-10-15,ESTORNO,-966.6,10,MG-CORE-01,BR,BR-7189122676,False,Brasil,0.05,False,False,-1.3992309349829306
TXN00004546,CLI000255,2023-09-07,AJUSTE,3249.27,02,BA-CORE-01,BR,BR-2156130988,False,Brasil,0.05,False,False,1.0451975464356158
TXN00004547,CLI000793,2023-04-03,ESTORNO,2086.83,02,RJ-CORE-01,BR,BR-6343063847,False,Brasil,0.05,False,False,0.4914536861496759
TXN00004548,CLI000725,2023-10-22,PAGAMENTO,1165.97,01,SP-CORE-01,BR,BR-2554627667,False,Brasil,0.05,False,False,-0.4063275441598567
TXN00004549,CLI000025,2023-03-08,PAGAMENTO,1671.78,01,BA-CORE-01,BR,BR-7252704323,False,Brasil,0.05,False,False,1.2040014569425983
TXN00004550,CLI000555,2023-08-01,FATURA,3384.62,00,MG-CORE-01,BR,BR-6330254025,False,Brasil,0.05,False,False,0.5759275619206927
TXN00004551,CLI000642,2023-08-25,ESTORNO,-2038.25,02,RJ-CORE-01,BR,BR-9075512531,False,Brasil,0.05,False,False,-2.0821363078894284
TXN00004552,CLI000571,2023-07-29,FATURA,2496.36,01,SP-CORE-02,BR,BR-2554267761,False,Brasil,0.05,False,False,0.3341722671637617
TXN00004553,CLI000912,2023-02-16,PAGAMENTO,2410.24,00,SP-CORE-01,BR,BR-3171722069,False,Brasil,0.05,False,False,0.8200095364227253
TXN00004554,CLI000582,2023-08-27,FATURA,1955.53,00,SP-CORE-02,BR,BR-9223296899,False,Brasil,0.05,False,False,0.0
TXN00004555,CLI001160,2023-08-18,ESTORNO,1429.52,00,SP-CORE-02,BR,BR-8100997954,False,Brasil,0.05,False,False,-0.002753520349839403
TXN00004556,CLI000719,2023-10-14,ESTORNO,-1000.81,02,SP-CORE-02,BR,BR-3599394028,False,Brasil,0.05,False,False,-0.7998656511758652
TXN00004557,CLI001096,2023-10-05,AJUSTE,722.94,01,MG-CORE-01,BR,BR-2798948060,False,Brasil,0.05,False,False,-0.2916008533204532
TXN00004558,CLI000256,2023-07-03,PAGAMENTO,3010.87,10,BA-CORE-01,BR,BR-3309042717,False,Brasil,0.05,False,False,1.0641845050686474
TXN00004559,CLI000561,2023-01-25,AJUSTE,3215.7,10,RJ-CORE-01,BR,BR-6527129795,False,Brasil,0.05,False,False,0.8655025743853737
TXN00004560,CLI001148,2023-12-31,PAGAMENTO,1663.79,00,RJ-CORE-01,BR,BR-2347951178,False,Brasil,0.05,False,False,0.9351368634261619
TXN00004561,CLI000569,2023-02-03,AJUSTE,2928.56,10,SP-CORE-01,BR,BR-5645032724,False,Brasil,0.05,False,False,0.33114189990955506
TXN00004562,CLI000245,2023-01-02,FATURA,1716.99,00,SP-CORE-01,BR,BR-5223016951,False,Brasil,0.05,False,False,0.041071346512074725
TXN00004563,CLI000168,2023-06-03,FATURA,425219.14,4F,SANTOS-PORT-07,LU,OFFSHORE-288665SP,True,Luxemburgo,0.8,True,True,2.2419735837424435
TXN00004564,CLI000937,2023-10-26,FATURA,2999.78,01,SP-CORE-01,BR,BR-5842373700,False,Brasil,0.05,False,False,0.34735461412989943
TXN00004565,CLI001058,2023-06-05,ESTORNO,620.17,02,MG-CORE-01,BR,BR-2260108602,False,Brasil,0.05,False,False,-0.7636932924220702
TXN00004566,CLI001015,2023-12-30,ESTORNO,662.84,10,MG-CORE-01,BR,BR-4101737697,False,Brasil,0.05,False,False,-0.3858384421762411
TXN00004567,CLI000497,2023-01-03,PAGAMENTO,216.64,00,SP-CORE-02,BR,BR-9906699355,False,Brasil,0.05,False,False,-0.010080669075843662
TXN00004568,CLI000064,2023-06-21,AJUSTE,3261.35,01,SP-CORE-01,BR,BR-9249445534,False,Brasil,0.05,False,False,1.1785250440161639
TXN00004569,CLI000832,2023-03-26,AJUSTE,1433.5,00,BA-CORE-01,BR,BR-9374838576,False,Brasil,0.05,False,False,-0.13069677026488952
TXN00004570,CLI001125,2023-01-10,PAGAMENTO,536.44,10,RJ-CORE-01,BR,BR-9206283313,False,Brasil,0.05,False,False,-0.12294173462211115
TXN00004571,CLI000840,2023-10-20,AJUSTE,2270.12,02,MG-CORE-01,BR,BR-8004370096,False,Brasil,0.05,False,False,1.2637662805792316
TXN00004572,CLI000387,2023-07-26,ESTORNO,2657.77,01,SP-CORE-01,BR,BR-7166242227,False,Brasil,0.05,False,False,0.6672728411423963
TXN00004573,CLI000504,2023-01-05,PAGAMENTO,2915.24,00,MG-CORE-01,BR,BR-8549092491,False,Brasil,0.05,False,False,0.8621501714181379
TXN00004574,CLI000461,2023-09-24,PAGAMENTO,2722.96,10,MG-CORE-01,BR,BR-4006965433,False,Brasil,0.05,False,False,1.0165552838577794
TXN00004575,CLI000481,2023-01-19,AJUSTE,1755.51,00,BA-CORE-01,BR,BR-4150114278,False,Brasil,0.05,False,False,-0.0825920331736916
TXN00004576,CLI001108,2023-09-16,ESTORNO,964.19,01,MG-CORE-01,BR,BR-3187744636,False,Brasil,0.05,False,False,0.021235084363723688
TXN00004577,CLI000712,2023-07-29,PAGAMENTO,3269.87,01,BA-CORE-01,BR,BR-9623365510,False,Brasil,0.05,False,False,0.9799980369802462
TXN00004578,CLI000649,2023-09-01,FATURA,2798.58,02,RJ-CORE-01,BR,BR-7842090240,False,Brasil,0.05,False,False,0.7743994806458987
TXN00004579,CLI000184,2023-03-10,PAGAMENTO,1506.21,10,RJ-CORE-01,BR,BR-7242851593,False,Brasil,0.05,False,False,0.20038877255793422
TXN00004580,CLI001183,2023-09-15,AJUSTE,378.31,02,MG-CORE-01,BR,BR-6671233208,False,Brasil,0.05,False,False,0.7071067811865474
TXN00004581,CLI000272,2023-01-02,ESTORNO,-3009.68,00,SP-CORE-02,BR,BR-4320036885,False,Brasil,0.05,False,False,-0.7706796279784051
TXN00004582,CLI000463,2023-02-01,AJUSTE,666.94,01,MG-CORE-01,BR,BR-6292531626,False,Brasil,0.05,False,False,-1.238357625249046
TXN00004583,CLI000352,2023-04-21,FATURA,455.03,10,RJ-CORE-01,BR,BR-7413646620,False,Brasil,0.05,False,False,-0.639442994265969
TXN00004584,CLI000946,2023-08-15,ESTORNO,794.93,00,BA-CORE-01,BR,BR-9797329728,False,Brasil,0.05,False,False,-0.5032027207149323
TXN00004585,CLI000703,2023-01-21,ESTORNO,-2568.89,01,RJ-CORE-01,BR,BR-9280884088,False,Brasil,0.05,False,False,0.23703735549119365
TXN00004586,CLI000754,2023-11-28,AJUSTE,536.73,10,MG-CORE-01,BR,BR-6520137641,False,Brasil,0.05,False,False,-0.3573426638588896
TXN00004587,CLI000051,2023-03-06,FATURA,1212.24,01,MG-CORE-01,BR,BR-6944525712,False,Brasil,0.05,False,False,0.26365648426119515
TXN00004588,CLI000428,2023-07-03,FATURA,2945.16,01,MG-CORE-01,BR,BR-4252579672,False,Brasil,0.05,False,False,0.8212291414532842
TXN00004589,CLI000266,2023-03-11,AJUSTE,1734.13,01,SP-CORE-02,BR,BR-5095310029,False,Brasil,0.05,False,False,-1.1034633672161611
TXN00004590,CLI000473,2023-09-30,AJUSTE,3303.99,10,SP-CORE-02,BR,BR-4139556167,False,Brasil,0.05,False,False,0.7892434969541349
TXN00004591,CLI000382,2023-03-13,PAGAMENTO,3135.33,01,MG-CORE-01,BR,BR-2350197673,False,Brasil,0.05,False,False,1.1743527734939234
TXN00004592,CLI000109,2023-10-24,ESTORNO,743.48,00,SP-CORE-02,BR,BR-6786805346,False,Brasil,0.05,False,False,-1.1587728223604794
TXN00004593,CLI000515,2023-10-06,FATURA,2431.38,02,SP-CORE-02,BR,BR-1711214547,False,Brasil,0.05,False,False,0.8485204723152981
TXN00004594,CLI000392,2023-04-15,FATURA,2605.86,00,RJ-CORE-01,BR,BR-6531244261,False,Brasil,0.05,False,False,0.6246663101781755
TXN00004595,CLI000752,2023-04-11,AJUSTE,2396.14,01,BA-CORE-01,BR,BR-7385051823,False,Brasil,0.05,False,False,0.6571240408601438
TXN00004596,CLI000998,2023-11-21,PAGAMENTO,2685.83,00,SP-CORE-02,BR,BR-6022194495,False,Brasil,0.05,False,False,1.1666076429062593
TXN00004597,CLI001073,2023-05-18,FATURA,1637.3,10,SP-CORE-01,BR,BR-2196701188,False,Brasil,0.05,False,False,0.35395367455032295
TXN00004598,CLI000034,2023-12-18,ESTORNO,330686.7,4F,SANTOS-PORT-07,LU,OFFSHORE-782741DG,True,Luxemburgo,0.8,True,True,2.2676063846570598
TXN00004599,CLI000296,2023-06-01,PAGAMENTO,216725.76,4F,SANTOS-PORT-07,LU,OFFSHORE-478150WW,True,Luxemburgo,0.8,True,True,2.4738560563706917
TXN00004600,CLI000323,2023-07-08,FATURA,1723.35,01,MG-CORE-01,BR,BR-2861342732,False,Brasil,0.05,False,False,1.7507678041232968
TXN00004601,CLI000406,2023-05-29,PAGAMENTO,124.81,01,SP-CORE-02,BR,BR-2363768949,False,Brasil,0.05,False,False,-0.924044752991022
TXN00004602,CLI001078,2023-09-25,PAGAMENTO,1862.03,01,RJ-CORE-01,BR,BR-1034233408,False,Brasil,0.05,False,False,0.33511436991297594
TXN00004603,CLI000936,2023-11-22,AJUSTE,2813.71,00,SP-CORE-02,BR,BR-5050851541,False,Brasil,0.05,False,False,1.064085619693616
TXN00004604,CLI000763,2023-12-13,PAGAMENTO,2359.01,01,SP-CORE-02,BR,BR-3892006052,False,Brasil,0.05,False,False,0.41314895147277
TXN00004605,CLI000708,2023-05-02,FATURA,594.13,02,BA-CORE-01,BR,BR-6434362188,False,Brasil,0.05,False,False,-0.33804752938652993
TXN00004606,CLI000893,2023-02-11,ESTORNO,-2389.65,00,SP-CORE-02,BR,BR-5945367549,False,Brasil,0.05,False,False,-0.9649600220846872
TXN00004607,CLI000458,2023-11-29,PAGAMENTO,1843.55,00,MG-CORE-01,BR,BR-4495540116,False,Brasil,0.05,False,False,-0.1313357012593317
TXN00004608,CLI001090,2023-09-11,ESTORNO,1473.08,00,RJ-CORE-01,BR,BR-8445586448,False,Brasil,0.05,False,False,-0.002917154128045607
TXN00004609,CLI000002,2023-05-07,PAGAMENTO,515.29,02,BA-CORE-01,BR,BR-2213756353,False,Brasil,0.05,False,False,-0.23238358349183033
TXN00004610,CLI000781,2023-09-28,AJUSTE,1185.62,02,SP-CORE-02,BR,BR-4761807031,False,Brasil,0.05,False,False,-0.6781530464228572
TXN00004611,CLI000496,2023-03-20,AJUSTE,379.01,02,BA-CORE-01,BR,BR-4218845963,False,Brasil,0.05,False,False,0.024202587758340936
TXN00004612,CLI000527,2023-06-01,PAGAMENTO,736.53,10,SP-CORE-02,BR,BR-5308701373,False,Brasil,0.05,False,False,-0.4043841273464101
TXN00004613,CLI000586,2023-11-02,ESTORNO,-1025.83,01,BA-CORE-01,BR,BR-5583852251,False,Brasil,0.05,False,False,-1.3339982255755827
TXN00004614,CLI000963,2023-07-05,PAGAMENTO,1535.47,02,SP-CORE-02,BR,BR-1764998225,False,Brasil,0.05,False,False,-0.1596900161223519
TXN00004615,CLI000187,2023-09-20,FATURA,1727.29,00,SP-CORE-01,BR,BR-3507826917,False,Brasil,0.05,False,False,-0.4980245910455696
TXN00004616,CLI000771,2023-12-06,FATURA,529.72,10,SP-CORE-02,BR,BR-8033930780,False,Brasil,0.05,False,False,0.09494294917179921
TXN00004617,CLI000945,2023-12-16,AJUSTE,2605.31,01,RJ-CORE-01,BR,BR-7378283909,False,Brasil,0.05,False,False,0.5032165689013048
TXN00004618,CLI001035,2023-12-27,AJUSTE,2897.37,01,SP-CORE-02,BR,BR-7360670711,False,Brasil,0.05,False,False,0.7071067811865475
TXN00004619,CLI000011,2023-05-18,PAGAMENTO,1983.7,00,MG-CORE-01,BR,BR-1414607096,False,Brasil,0.05,False,False,0.014720322069331652
TXN00004620,CLI001064,2023-10-25,FATURA,450.97,00,RJ-CORE-01,BR,BR-6528788381,False,Brasil,0.05,False,False,-0.6191814494313516
TXN00004621,CLI000316,2023-07-22,PAGAMENTO,2525.59,00,MG-CORE-01,BR,BR-9458345995,False,Brasil,0.05,False,False,1.2797088353454802
TXN00004622,CLI000405,2023-06-08,PAGAMENTO,1078.64,10,BA-CORE-01,BR,BR-2397569678,False,Brasil,0.05,False,False,-1.3422128194021334
TXN00004623,CLI000992,2023-09-21,PAGAMENTO,1263.77,02,RJ-CORE-01,BR,BR-8140031764,False,Brasil,0.05,False,False,-1.4874402741613544
TXN00004624,CLI001016,2023-01-30,PAGAMENTO,2758.38,00,BA-CORE-01,BR,BR-1497439597,False,Brasil,0.05,False,False,0.8718704086164949
TXN00004625,CLI000030,2023-08-01,FATURA,1038.37,02,BA-CORE-01,BR,BR-5782601974,False,Brasil,0.05,False,False,0.0
TXN00004626,CLI001177,2023-06-29,ESTORNO,-2634.27,01,RJ-CORE-01,BR,BR-8288424566,False,Brasil,0.05,False,False,-1.4549561309246917
TXN00004627,CLI001125,2023-05-11,ESTORNO,-3201.3,01,SP-CORE-02,BR,BR-4027173701,False,Brasil,0.05,False,False,-1.6964608869404894
TXN00004628,CLI000895,2023-12-31,FATURA,1153.03,00,RJ-CORE-01,BR,BR-2008716202,False,Brasil,0.05,False,False,-0.4620520415271047
TXN00004629,CLI000907,2023-02-14,ESTORNO,1944.88,10,BA-CORE-01,BR,BR-6544503163,False,Brasil,0.05,False,False,0.10498203074078721
TXN00004630,CLI000503,2023-10-31,FATURA,1859.75,01,MG-CORE-01,BR,BR-3179641818,False,Brasil,0.05,False,False,0.21019524043076585
TXN00004631,CLI001031,2023-07-01,ESTORNO,171.02,10,BA-CORE-01,BR,BR-8657187506,False,Brasil,0.05,False,False,-1.3791064391007481
TXN00004632,CLI000491,2023-07-22,FATURA,568.94,02,SP-CORE-01,BR,BR-9851082595,False,Brasil,0.05,False,False,0.2055606356581339
TXN00004633,CLI000339,2023-09-19,FATURA,3014.8,10,RJ-CORE-01,BR,BR-8609817285,False,Brasil,0.05,False,False,1.0889809188539024
TXN00004634,CLI000676,2023-04-24,ESTORNO,1057.63,01,RJ-CORE-01,BR,BR-6659127769,False,Brasil,0.05,False,False,0.36632570692835814
TXN00004635,CLI000066,2023-02-27,AJUSTE,669.59,00,RJ-CORE-01,BR,BR-7193134742,False,Brasil,0.05,False,False,0.37280584189784904
TXN00004636,CLI000093,2023-09-16,AJUSTE,1592.52,00,BA-CORE-01,BR,BR-7007282752,False,Brasil,0.05,False,False,0.45494677408271034
TXN00004637,CLI000782,2023-06-19,AJUSTE,3039.88,10,BA-CORE-01,BR,BR-4918593865,False,Brasil,0.05,False,False,0.6839096303700766
TXN00004638,CLI000825,2023-01-01,PAGAMENTO,3168.39,00,SP-CORE-02,BR,BR-6447381055,False,Brasil,0.05,False,False,0.7071067811865476
TXN00004639,CLI000168,2023-08-14,ESTORNO,981.19,10,BA-CORE-01,BR,BR-4127538716,False,Brasil,0.05,False,False,-0.025904581835594177
TXN00004640,CLI000487,2023-02-11,PAGAMENTO,668.19,00,RJ-CORE-01,BR,BR-4515536330,False,Brasil,0.05,False,False,-0.7312404190549847
TXN00004641,CLI001030,2023-12-24,PAGAMENTO,1109.27,02,BA-CORE-01,BR,BR-6620010435,False,Brasil,0.05,False,False,-1.0767168646636422
TXN00004642,CLI000252,2023-11-23,FATURA,1979.34,00,SP-CORE-01,BR,BR-2760127183,False,Brasil,0.05,False,False,0.738248362579829
TXN00004643,CLI001114,2023-09-24,ESTORNO,-2115.58,01,SP-CORE-02,BR,BR-3685585090,False,Brasil,0.05,False,False,-1.110104756339182
TXN00004644,CLI000643,2023-12-05,PAGAMENTO,1415.8,00,SP-CORE-02,BR,BR-2415982761,False,Brasil,0.05,False,False,0.23613978582504072
TXN00004645,CLI000987,2023-01-01,ESTORNO,-2687.14,00,SP-CORE-02,BR,BR-4101948739,False,Brasil,0.05,False,False,-1.4370034361941737
TXN00004646,CLI000603,2023-09-23,AJUSTE,60.23,00,SP-CORE-01,BR,BR-8741304368,False,Brasil,0.05,False,False,-1.3550438705514483
TXN00004647,CLI000186,2023-08-27,ESTORNO,115030.45,9A,SANTOS-PORT-07,LU,OFFSHORE-563830CY,True,Luxemburgo,0.8,True,True,1.462266784157004
TXN00004648,CLI000766,2023-11-08,ESTORNO,1997.35,00,SP-CORE-02,BR,BR-3082629429,False,Brasil,0.05,False,False,0.07912172874149184
TXN00004649,CLI001181,2023-07-02,FATURA,1189.43,00,BA-CORE-01,BR,BR-5969043107,False,Brasil,0.05,False,False,-0.6963129737682318
TXN00004650,CLI000990,2023-09-30,PAGAMENTO,1544.32,10,MG-CORE-01,BR,BR-2294788502,False,Brasil,0.05,False,False,0.13652476494935706
TXN00004651,CLI000418,2023-10-02,FATURA,59.91,02,BA-CORE-01,BR,BR-2062182961,False,Brasil,0.05,False,False,-0.828418943585935
TXN00004652,CLI000208,2023-10-13,AJUSTE,3176.96,02,SP-CORE-01,BR,BR-8662451920,False,Brasil,0.05,False,False,-0.2694437317138792
TXN00004653,CLI000153,2023-02-12,PAGAMENTO,554.87,01,SP-CORE-02,BR,BR-8109356121,False,Brasil,0.05,False,False,0.41346931621187616
TXN00004654,CLI001153,2023-05-24,AJUSTE,2026.18,01,SP-CORE-02,BR,BR-1364714170,False,Brasil,0.05,False,False,0.7034825440095102
TXN00004655,CLI000965,2023-01-22,ESTORNO,2336.72,01,MG-CORE-01,BR,BR-9907290768,False,Brasil,0.05,False,False,0.6875572449671021
TXN00004656,CLI000920,2023-07-05,PAGAMENTO,1837.08,02,MG-CORE-01,BR,BR-2784043645,False,Brasil,0.05,False,False,-0.026779140844737523
TXN00004657,CLI000372,2023-10-04,ESTORNO,44.03,10,SP-CORE-01,BR,BR-9653250072,False,Brasil,0.05,False,False,-1.1017047782588845
TXN00004658,CLI000759,2023-03-09,PAGAMENTO,2528.44,01,SP-CORE-01,BR,BR-1652180311,False,Brasil,0.05,False,False,0.8614708460150926
TXN00004659,CLI000242,2023-08-08,FATURA,1126.64,00,SP-CORE-02,BR,BR-8699244299,False,Brasil,0.05,False,False,-0.06349749907629815
TXN00004660,CLI000249,2023-01-25,PAGAMENTO,2913.49,00,BA-CORE-01,BR,BR-6685363026,False,Brasil,0.05,False,False,-0.43468737364320637
TXN00004661,CLI000454,2023-12-09,AJUSTE,2492.39,01,BA-CORE-01,BR,BR-5395606770,False,Brasil,0.05,False,False,0.6059357882885162
TXN00004662,CLI001015,2023-01-31,AJUSTE,653.74,02,BA-CORE-01,BR,BR-6472001976,False,Brasil,0.05,False,False,-0.3929221274951138
TXN00004663,CLI000583,2023-01-31,AJUSTE,1513.58,01,SP-CORE-02,BR,BR-1870446839,False,Brasil,0.05,False,False,-0.02153078082147484
TXN00004664,CLI000221,2023-11-04,ESTORNO,1518.05,00,SP-CORE-01,BR,BR-7319616386,False,Brasil,0.05,False,False,-0.10085685923197045
TXN00004665,CLI000705,2023-10-08,PAGAMENTO,188.44,02,RJ-CORE-01,BR,BR-6545827794,False,Brasil,0.05,False,False,-0.7071067811865475
TXN00004666,CLI000013,2023-02-15,AJUSTE,246.56,00,SP-CORE-02,BR,BR-1399699943,False,Brasil,0.05,False,False,0.16022330380882369
TXN00004667,CLI000519,2023-07-27,FATURA,2755.36,00,BA-CORE-01,BR,BR-9447712449,False,Brasil,0.05,False,False,0.9881367522903859
TXN00004668,CLI000526,2023-07-28,ESTORNO,2942.63,00,BA-CORE-01,BR,BR-7704427893,False,Brasil,0.05,False,False,0.0
TXN00004669,CLI000667,2023-10-10,FATURA,2945.92,02,MG-CORE-01,BR,BR-7370937693,False,Brasil,0.05,False,False,0.7071067811865493
TXN00004670,CLI000681,2023-05-24,ESTORNO,-1989.82,02,SP-CORE-01,BR,BR-6345576602,False,Brasil,0.05,False,False,-1.9456892920642317
TXN00004671,CLI000816,2023-07-31,FATURA,2900.38,10,RJ-CORE-01,BR,BR-5760130713,False,Brasil,0.05,False,False,0.5631854368360059
TXN00004672,CLI000998,2023-11-01,PAGAMENTO,1960.11,02,BA-CORE-01,BR,BR-5188411716,False,Brasil,0.05,False,False,0.23138722078540286
TXN00004673,CLI000033,2023-03-14,ESTORNO,-2137.19,02,SP-CORE-01,BR,BR-6291895991,False,Brasil,0.05,False,False,-1.7742114837927967
TXN00004674,CLI000391,2023-11-14,ESTORNO,-1269.62,10,MG-CORE-01,BR,BR-6883339101,False,Brasil,0.05,False,False,-1.0692796199197403
TXN00004675,CLI000708,2023-08-21,ESTORNO,1433.7,10,BA-CORE-01,BR,BR-3418724889,False,Brasil,0.05,False,False,0.12440583128910768
TXN00004676,CLI001075,2023-01-23,AJUSTE,353.13,02,MG-CORE-01,BR,BR-8055852017,False,Brasil,0.05,False,False,-0.8739188134620137
TXN00004677,CLI000656,2023-03-05,PAGAMENTO,1653.56,02,MG-CORE-01,BR,BR-2427799501,False,Brasil,0.05,False,False,0.6260098564635235
TXN00004678,CLI000914,2023-03-10,FATURA,3381.98,10,SP-CORE-02,BR,BR-5191103954,False,Brasil,0.05,False,False,1.7746960589270626
TXN00004679,CLI001107,2023-02-13,PAGAMENTO,440.94,10,MG-CORE-01,BR,BR-9999627377,False,Brasil,0.05,False,False,-0.9784955385332619
TXN00004680,CLI001070,2023-08-11,PAGAMENTO,47.42,01,RJ-CORE-01,BR,BR-1726947767,False,Brasil,0.05,False,False,-0.7071067811865476
TXN00004681,CLI000846,2023-05-19,AJUSTE,2831.54,10,BA-CORE-01,BR,BR-2073608945,False,Brasil,0.05,False,False,0.0
TXN00004682,CLI000323,2023-11-30,PAGAMENTO,179.99,10,RJ-CORE-01,BR,BR-5901977457,False,Brasil,0.05,False,False,-0.662337487765874
TXN00004683,CLI000129,2023-09-09,PAGAMENTO,2878.89,02,SP-CORE-01,BR,BR-1998278217,False,Brasil,0.05,False,False,-0.7071067811865476
TXN00004684,CLI000561,2023-09-12,ESTORNO,-3332.42,01,SP-CORE-01,BR,BR-8590961600,False,Brasil,0.05,False,False,-1.6820079040006257
TXN00004685,CLI000002,2023-04-14,AJUSTE,1203.91,02,MG-CORE-01,BR,BR-6377401488,False,Brasil,0.05,False,False,0.24352983485112153
TXN00004686,CLI000927,2023-09-25,ESTORNO,2935.15,02,BA-CORE-01,BR,BR-1646873524,False,Brasil,0.05,False,False,1.0445400940537517
TXN00004687,CLI000017,2023-02-25,AJUSTE,1279.64,00,RJ-CORE-01,BR,BR-5318897881,False,Brasil,0.05,False,False,0.18035736776666392
TXN00004688,CLI000761,2023-04-27,ESTORNO,1169.99,00,SP-CORE-02,BR,BR-3965233999,False,Brasil,0.05,False,False,0.16235608712276126
TXN00004689,CLI000497,2023-01-09,PAGAMENTO,1166.27,01,RJ-CORE-01,BR,BR-8708159741,False,Brasil,0.05,False,False,0.5681330162644203
TXN00004690,CLI000175,2023-03-06,AJUSTE,2545.09,00,SP-CORE-01,BR,BR-7638253076,False,Brasil,0.05,False,False,-0.3330180131701556
TXN00004691,CLI000568,2023-10-24,AJUSTE,962.62,02,SP-CORE-02,BR,BR-3800355735,False,Brasil,0.05,False,False,-0.5433128858887872
TXN00004692,CLI000544,2023-05-24,FATURA,3020.18,10,BA-CORE-01,BR,BR-6677250784,False,Brasil,0.05,False,False,1.5030162783050682
TXN00004693,CLI001115,2023-12-15,AJUSTE,2953.05,10,MG-CORE-01,BR,BR-8339532919,False,Brasil,0.05,False,False,1.1166444929865857
TXN00004694,CLI000236,2023-12-19,AJUSTE,3061.07,00,SP-CORE-02,BR,BR-5746127311,False,Brasil,0.05,False,False,1.1982609670608853
TXN00004695,CLI001159,2023-09-29,PAGAMENTO,532.51,00,SP-CORE-02,BR,BR-4003279786,False,Brasil,0.05,False,False,-0.6223871179935928
TXN00004696,CLI000785,2023-09-15,FATURA,399.49,00,SP-CORE-01,BR,BR-2613559300,False,Brasil,0.05,False,False,-1.2086203099355315
TXN00004697,CLI001064,2023-06-09,AJUSTE,585.93,10,RJ-CORE-01,BR,BR-4250803652,False,Brasil,0.05,False,False,-0.5344831757871583
TXN00004698,CLI000925,2023-04-22,PAGAMENTO,2383.9,02,BA-CORE-01,BR,BR-4213274467,False,Brasil,0.05,False,False,0.15582638294419665
TXN00004699,CLI001092,2023-06-27,ESTORNO,3036.61,10,SP-CORE-02,BR,BR-1713810569,False,Brasil,0.05,False,False,0.8689626167698817
TXN00004700,CLI000637,2023-04-11,AJUSTE,2626.47,10,SP-CORE-02,BR,BR-5174348618,False,Brasil,0.05,False,False,-0.12439451343453162
TXN00004701,CLI000955,2023-04-06,ESTORNO,-466.35,02,SP-CORE-02,BR,BR-7116816064,False,Brasil,0.05,False,False,-0.4514822478268288
TXN00004702,CLI000689,2023-10-11,AJUSTE,107.84,00,SP-CORE-02,BR,BR-3092479645,False,Brasil,0.05,False,False,-0.6196990964812114
TXN00004703,CLI000537,2023-04-28,ESTORNO,-1947.99,01,BA-CORE-01,BR,BR-7644679689,False,Brasil,0.05,False,False,-1.333133120658276
TXN00004704,CLI001091,2023-07-23,PAGAMENTO,1665.4,10,MG-CORE-01,BR,BR-2715434253,False,Brasil,0.05,False,False,1.1227395675512581
TXN00004705,CLI001026,2023-10-04,AJUSTE,1920.02,10,RJ-CORE-01,BR,BR-2274535954,False,Brasil,0.05,False,False,0.5520886196760358
TXN00004706,CLI000642,2023-02-10,PAGAMENTO,2535.9,01,SP-CORE-01,BR,BR-8201299357,False,Brasil,0.05,False,False,0.7733501103361559
TXN00004707,CLI000738,2023-02-06,AJUSTE,2400.37,01,MG-CORE-01,BR,BR-7539002241,False,Brasil,0.05,False,False,0.6775723975001069
TXN00004708,CLI000196,2023-02-22,AJUSTE,1312.53,01,MG-CORE-01,BR,BR-3792676715,False,Brasil,0.05,False,False,-0.9128299614375955
TXN00004709,CLI000451,2023-09-04,FATURA,2948.06,00,RJ-CORE-01,BR,BR-5902780755,False,Brasil,0.05,False,False,0.7059683211604908
TXN00004710,CLI000569,2023-11-22,FATURA,2870.25,00,MG-CORE-01,BR,BR-8363613204,False,Brasil,0.05,False,False,0.2754720341297574
TXN00004711,CLI000639,2023-07-02,ESTORNO,515.33,10,RJ-CORE-01,BR,BR-6374032156,False,Brasil,0.05,False,False,-0.5047187507164889
TXN00004712,CLI000743,2023-04-15,ESTORNO,763.1,10,SP-CORE-01,BR,BR-2988055189,False,Brasil,0.05,False,False,-0.3761908665513661
TXN00004713,CLI000338,2023-04-27,AJUSTE,2869.03,02,BA-CORE-01,BR,BR-9315926417,False,Brasil,0.05,False,False,0.7812855109552361
TXN00004714,CLI000422,2023-11-12,PAGAMENTO,1646.56,00,SP-CORE-01,BR,BR-1581277647,False,Brasil,0.05,False,False,0.07955398094172464
TXN00004715,CLI001130,2023-04-26,ESTORNO,1044.83,10,RJ-CORE-01,BR,BR-8857247603,False,Brasil,0.05,False,False,0.6825251898186095
TXN00004716,CLI000827,2023-11-17,PAGAMENTO,259.49,00,MG-CORE-01,BR,BR-5337148987,False,Brasil,0.05,False,False,-0.45691403763464283
TXN00004717,CLI001173,2023-12-30,FATURA,3485.99,01,SP-CORE-01,BR,BR-2788007547,False,Brasil,0.05,False,False,0.4533523032882596
TXN00004718,CLI000450,2023-09-13,AJUSTE,2132.38,01,MG-CORE-01,BR,BR-5940711655,False,Brasil,0.05,False,False,0.7071067811865476
TXN00004719,CLI000241,2023-09-09,AJUSTE,3162.52,00,SP-CORE-02,BR,BR-5196080556,False,Brasil,0.05,False,False,1.1641345008484363
TXN00004720,CLI000084,2023-03-27,AJUSTE,668.03,02,RJ-CORE-01,BR,BR-1806055547,False,Brasil,0.05,False,False,0.298754208296364
TXN00004721,CLI001076,2023-01-08,PAGAMENTO,1028.64,01,SP-CORE-01,BR,BR-3980901341,False,Brasil,0.05,False,False,0.4043570640934505
TXN00004722,CLI001017,2023-07-22,AJUSTE,1953.4,02,MG-CORE-01,BR,BR-7604506493,False,Brasil,0.05,False,False,0.772689845497803
TXN00004723,CLI000724,2023-01-04,ESTORNO,-1617.47,01,MG-CORE-01,BR,BR-2421785056,False,Brasil,0.05,False,False,-1.1265059920009175
TXN00004724,CLI000332,2023-01-07,PAGAMENTO,32.99,10,MG-CORE-01,BR,BR-9852390547,False,Brasil,0.05,False,False,-0.4879516557878267
TXN00004725,CLI000248,2023-03-03,AJUSTE,3031.79,01,BA-CORE-01,BR,BR-1671960610,False,Brasil,0.05,False,False,0.9274630784566307
TXN00004726,CLI000536,2023-09-15,AJUSTE,1465.38,01,MG-CORE-01,BR,BR-6265756641,False,Brasil,0.05,False,False,0.7071067811865475
TXN00004727,CLI000405,2023-03-10,PAGAMENTO,1504.78,01,BA-CORE-01,BR,BR-3700768869,False,Brasil,0.05,False,False,-0.521924598228394
TXN00004728,CLI001168,2023-06-03,FATURA,2532.29,02,BA-CORE-01,BR,BR-4985212098,False,Brasil,0.05,False,False,0.44679942207859363
TXN00004729,CLI000067,2023-12-06,AJUSTE,2666.51,10,MG-CORE-01,BR,BR-6474282056,False,Brasil,0.05,False,False,0.8149282468634547
TXN00004730,CLI000517,2023-10-06,ESTORNO,-210356.36,9A,SANTOS-PORT-07,KY,OFFSHORE-128965NS,True,Ilhas Cayman,0.95,True,True,-1.499963712488339
TXN00004731,CLI001067,2023-04-16,ESTORNO,-3494.71,02,BA-CORE-01,BR,BR-7892457034,False,Brasil,0.05,False,False,-1.875388041929867
TXN00004732,CLI000797,2023-08-10,ESTORNO,-1243.16,01,RJ-CORE-01,BR,BR-9200079312,False,Brasil,0.05,False,False,-1.3137772744524068
TXN00004733,CLI000629,2023-08-28,AJUSTE,1959.51,00,MG-CORE-01,BR,BR-1898965501,False,Brasil,0.05,False,False,0.48390552018146915
TXN00004734,CLI000693,2023-07-12,AJUSTE,898.42,00,SP-CORE-01,BR,BR-1929617578,False,Brasil,0.05,False,False,-0.10704794667035987
TXN00004735,CLI000506,2023-07-05,ESTORNO,-2588.63,02,BA-CORE-01,BR,BR-3641077173,False,Brasil,0.05,False,False,-2.0769554338413005
TXN00004736,CLI000397,2023-10-21,PAGAMENTO,2646.38,00,SP-CORE-02,BR,BR-1615611973,False,Brasil,0.05,False,False,0.7463215636431156
TXN00004737,CLI000945,2023-06-22,PAGAMENTO,2025.18,01,MG-CORE-01,BR,BR-5296027584,False,Brasil,0.05,False,False,-0.1613289023470602
TXN00004738,CLI000430,2023-09-24,PAGAMENTO,1733.45,10,RJ-CORE-01,BR,BR-5165439968,False,Brasil,0.05,False,False,0.446943926038525
TXN00004739,CLI000150,2023-10-14,ESTORNO,-1499.51,01,RJ-CORE-01,BR,BR-8762012604,False,Brasil,0.05,False,False,0.3649070228746631
TXN00004740,CLI000367,2023-04-23,ESTORNO,2715.02,00,BA-CORE-01,BR,BR-7320856459,False,Brasil,0.05,False,False,0.42762931114563346
TXN00004741,CLI000027,2023-09-09,PAGAMENTO,2995.28,01,SP-CORE-02,BR,BR-4264207051,False,Brasil,0.05,False,False,1.3539354844461104
TXN00004742,CLI000154,2023-07-27,PAGAMENTO,420.14,00,SP-CORE-01,BR,BR-6983948853,False,Brasil,0.05,False,False,-0.1489348460666772
TXN00004743,CLI000001,2023-04-25,FATURA,2142.07,02,RJ-CORE-01,BR,BR-8618926769,False,Brasil,0.05,False,False,1.2749345543231296
TXN00004744,CLI000321,2023-05-25,ESTORNO,-658.33,01,MG-CORE-01,BR,BR-8328264724,False,Brasil,0.05,False,False,-1.1226185206275578
TXN00004745,CLI001075,2023-05-14,FATURA,3475.02,00,SP-CORE-01,BR,BR-6819644762,False,Brasil,0.05,False,False,1.602389697226549
TXN00004746,CLI000038,2023-02-19,PAGAMENTO,2804.79,10,RJ-CORE-01,BR,BR-7191825941,False,Brasil,0.05,False,False,0.5983368010604715
TXN00004747,CLI000055,2023-11-18,ESTORNO,-3433.08,00,RJ-CORE-01,BR,BR-9159416252,False,Brasil,0.05,False,False,-1.5987833140221028
TXN00004748,CLI000793,2023-08-21,PAGAMENTO,2153.58,10,MG-CORE-01,BR,BR-8095681651,False,Brasil,0.05,False,False,0.5197189989067922
TXN00004749,CLI000372,2023-04-03,PAGAMENTO,3422.77,10,SP-CORE-01,BR,BR-1764557476,False,Brasil,0.05,False,False,1.5405742547829115
TXN00004750,CLI000118,2023-08-23,AJUSTE,650.59,02,SP-CORE-02,BR,BR-9015003556,False,Brasil,0.05,False,False,0.36808180450329014
TXN00004751,CLI000961,2023-09-18,ESTORNO,2798.57,10,SP-CORE-02,BR,BR-8968763419,False,Brasil,0.05,False,False,0.8214290134436604
TXN00004752,CLI000401,2023-12-07,FATURA,2957.99,02,RJ-CORE-01,BR,BR-2821400851,False,Brasil,0.05,False,False,-0.4301887533686603
TXN00004753,CLI000632,2023-09-08,AJUSTE,1644.83,00,SP-CORE-01,BR,BR-6115237403,False,Brasil,0.05,False,False,0.15692868746416072
TXN00004754,CLI000010,2023-08-27,FATURA,2372.23,01,SP-CORE-02,BR,BR-2607201922,False,Brasil,0.05,False,False,0.5020950486597838
TXN00004755,CLI001073,2023-09-18,PAGAMENTO,1204.35,10,SP-CORE-01,BR,BR-5275375467,False,Brasil,0.05,False,False,0.14228977023489342
TXN00004756,CLI000981,2023-12-11,ESTORNO,-2125.23,01,RJ-CORE-01,BR,BR-6136076879,False,Brasil,0.05,False,False,-2.05058225468279
TXN00004757,CLI001017,2023-04-19,ESTORNO,-3322.15,01,MG-CORE-01,BR,BR-1837040208,False,Brasil,0.05,False,False,-1.0617376623452652
TXN00004758,CLI001010,2023-03-28,FATURA,1351.72,01,MG-CORE-01,BR,BR-7812627337,False,Brasil,0.05,False,False,-0.7333222234079833
TXN00004759,CLI000911,2023-06-29,PAGAMENTO,2088.96,02,RJ-CORE-01,BR,BR-2410688654,False,Brasil,0.05,False,False,0.09177976052248496
TXN00004760,CLI000715,2023-07-17,PAGAMENTO,2174.19,02,MG-CORE-01,BR,BR-9207857552,False,Brasil,0.05,False,False,0.7533797340098503
TXN00004761,CLI000655,2023-11-18,ESTORNO,2835.84,01,RJ-CORE-01,BR,BR-9228328836,False,Brasil,0.05,False,False,0.5539745476307095
TXN00004762,CLI000907,2023-11-23,FATURA,471.39,00,RJ-CORE-01,BR,BR-9645745562,False,Brasil,0.05,False,False,-0.8313908627829756
TXN00004763,CLI001074,2023-03-28,PAGAMENTO,2109.79,00,BA-CORE-01,BR,BR-2172645601,False,Brasil,0.05,False,False,0.6243607180238122
TXN00004764,CLI000486,2023-06-11,PAGAMENTO,3077.16,02,RJ-CORE-01,BR,BR-8074747961,False,Brasil,0.05,False,False,-0.4001625961213969
TXN00004765,CLI000015,2023-06-28,PAGAMENTO,993.21,00,MG-CORE-01,BR,BR-8050936384,False,Brasil,0.05,False,False,1.1072983355865231
TXN00004766,CLI001189,2023-04-28,ESTORNO,1871.69,01,BA-CORE-01,BR,BR-2710659735,False,Brasil,0.05,False,False,0.41737685503002286
TXN00004767,CLI000778,2023-04-06,AJUSTE,2531.22,00,SP-CORE-02,BR,BR-8319760247,False,Brasil,0.05,False,False,1.4532030008632746
TXN00004768,CLI000429,2023-09-26,ESTORNO,-169.29,02,SP-CORE-01,BR,BR-7246947116,False,Brasil,0.05,False,False,0.0
TXN00004769,CLI000362,2023-05-21,FATURA,324.02,00,MG-CORE-01,BR,BR-6041307910,False,Brasil,0.05,False,False,-1.1516153366753454
TXN00004770,CLI000472,2023-01-16,ESTORNO,-1113.51,00,SP-CORE-02,BR,BR-1446192500,False,Brasil,0.05,False,False,-0.8006553528123428
TXN00004771,CLI000809,2023-11-20,PAGAMENTO,2043.36,01,SP-CORE-02,BR,BR-2587135848,False,Brasil,0.05,False,False,0.14918287695689278
TXN00004772,CLI000077,2023-05-24,PAGAMENTO,2274.06,02,MG-CORE-01,BR,BR-4063645073,False,Brasil,0.05,False,False,0.6602685587792674
TXN00004773,CLI001169,2023-04-22,AJUSTE,2980.66,01,MG-CORE-01,BR,BR-4654772856,False,Brasil,0.05,False,False,1.3192538510600211
TXN00004774,CLI000581,2023-05-16,PAGAMENTO,407.88,01,SP-CORE-01,BR,BR-5650696322,False,Brasil,0.05,False,False,0.7034320525623082
TXN00004775,CLI000894,2023-01-28,FATURA,3072.4,00,SP-CORE-02,BR,BR-1512934062,False,Brasil,0.05,False,False,0.7338418809891795
TXN00004776,CLI000236,2023-09-05,FATURA,2818.6,00,BA-CORE-01,BR,BR-4051964572,False,Brasil,0.05,False,False,0.9542338578078915
TXN00004777,CLI000975,2023-06-03,PAGAMENTO,3419.1,02,BA-CORE-01,BR,BR-2349635732,False,Brasil,0.05,False,False,0.912247907433454
TXN00004778,CLI000179,2023-04-14,PAGAMENTO,1823.93,01,SP-CORE-01,BR,BR-4661785483,False,Brasil,0.05,False,False,-0.3213332939931298
TXN00004779,CLI000969,2023-05-09,ESTORNO,-768.07,02,MG-CORE-01,BR,BR-4167339238,False,Brasil,0.05,False,False,0.14302854405809565
TXN00004780,CLI000065,2023-06-24,AJUSTE,99.79,02,SP-CORE-02,BR,BR-9159005428,False,Brasil,0.05,False,False,-0.2466122560955752
TXN00004781,CLI000685,2023-08-28,AJUSTE,120.9,10,BA-CORE-01,BR,BR-8148953034,False,Brasil,0.05,False,False,-0.7071067811865476
TXN00004782,CLI000328,2023-08-29,PAGAMENTO,230.41,00,BA-CORE-01,BR,BR-1264069218,False,Brasil,0.05,False,False,-0.46882829929268355
TXN00004783,CLI001168,2023-05-03,AJUSTE,3093.0,10,SP-CORE-01,BR,BR-2145192600,False,Brasil,0.05,False,False,1.0465119332885242
TXN00004784,CLI001067,2023-03-07,FATURA,672.86,10,RJ-CORE-01,BR,BR-6036215200,False,Brasil,0.05,False,False,-0.05864483700537527
TXN00004785,CLI001026,2023-12-11,ESTORNO,-376.54,01,SP-CORE-02,BR,BR-5486129538,False,Brasil,0.05,False,False,-0.4957884990338367
TXN00004786,CLI000136,2023-01-05,PAGAMENTO,1183.94,00,MG-CORE-01,BR,BR-3613612286,False,Brasil,0.05,False,False,-0.39315405020855176
TXN00004787,CLI000062,2023-11-18,FATURA,2813.2,10,RJ-CORE-01,BR,BR-2757721882,False,Brasil,0.05,False,False,0.5793767414677461
TXN00004788,CLI000420,2023-05-17,PAGAMENTO,162.09,00,MG-CORE-01,BR,BR-5041950526,False,Brasil,0.05,False,False,-1.1344961045449877
TXN00004789,CLI000467,2023-08-14,ESTORNO,1867.56,02,BA-CORE-01,BR,BR-6631408741,False,Brasil,0.05,False,False,0.35767958617571805
TXN00004790,CLI000673,2023-09-22,ESTORNO,-2948.16,02,MG-CORE-01,BR,BR-7702551535,False,Brasil,0.05,False,False,-0.7071067811865476
TXN00004791,CLI000379,2023-12-20,ESTORNO,-2380.81,02,RJ-CORE-01,BR,BR-5800547550,False,Brasil,0.05,False,False,0.4646853021487506
TXN00004792,CLI001037,2023-11-11,FATURA,54.42,00,MG-CORE-01,BR,BR-9959710804,False,Brasil,0.05,False,False,-1.7626481113737946
TXN00004793,CLI000877,2023-12-06,AJUSTE,2754.85,02,SP-CORE-02,BR,BR-9290458773,False,Brasil,0.05,False,False,0.9506241762589076
TXN00004794,CLI000086,2023-09-23,PAGAMENTO,1153.16,02,RJ-CORE-01,BR,BR-1378652730,False,Brasil,0.05,False,False,-0.3533087990313444
TXN00004795,CLI000762,2023-10-28,ESTORNO,-770.33,01,SP-CORE-02,BR,BR-4942827617,False,Brasil,0.05,False,False,-1.3732553794974374
TXN00004796,CLI000111,2023-01-03,PAGAMENTO,2959.7,02,SP-CORE-02,BR,BR-1371160993,False,Brasil,0.05,False,False,1.4523030257991567
TXN00004797,CLI000824,2023-07-05,FATURA,573.16,00,SP-CORE-02,BR,BR-1044833889,False,Brasil,0.05,False,False,-0.6819811717062831
TXN00004798,CLI000819,2023-04-11,PAGAMENTO,781.93,01,SP-CORE-02,BR,BR-8034922852,False,Brasil,0.05,False,False,-0.3504270672145145
TXN00004799,CLI000241,2023-05-16,ESTORNO,3392.3,01,SP-CORE-01,BR,BR-2977184333,False,Brasil,0.05,False,False,1.3409272696783014
TXN00004800,CLI000335,2023-05-21,ESTORNO,-2821.73,00,SP-CORE-02,BR,BR-5051173495,False,Brasil,0.05,False,False,-1.4670508905807171
TXN00004801,CLI001144,2023-03-02,FATURA,527.97,02,SP-CORE-02,BR,BR-4713368213,False,Brasil,0.05,False,False,0.29902251269361774
TXN00004802,CLI001089,2023-01-03,ESTORNO,96.53,01,SP-CORE-02,BR,BR-4170160337,False,Brasil,0.05,False,False,-0.37882392969564854
TXN00004803,CLI000114,2023-12-25,AJUSTE,155.66,10,BA-CORE-01,BR,BR-2333531793,False,Brasil,0.05,False,False,-1.3665937197279001
TXN00004804,CLI000115,2023-09-28,ESTORNO,3063.21,00,BA-CORE-01,BR,BR-2232984424,False,Brasil,0.05,False,False,1.0171018378165462
TXN00004805,CLI000995,2023-06-02,ESTORNO,-1866.79,10,SP-CORE-02,BR,BR-2198138675,False,Brasil,0.05,False,False,-1.1190703394212305
TXN00004806,CLI000671,2023-04-15,PAGAMENTO,2062.46,01,RJ-CORE-01,BR,BR-7721795431,False,Brasil,0.05,False,False,1.2875914763268888
TXN00004807,CLI000322,2023-09-27,AJUSTE,2907.94,02,SP-CORE-01,BR,BR-2778042470,False,Brasil,0.05,False,False,1.134007340204297
TXN00004808,CLI000895,2023-03-16,PAGAMENTO,3011.28,01,BA-CORE-01,BR,BR-4587479963,False,Brasil,0.05,False,False,1.1474762011828026
TXN00004809,CLI000743,2023-03-09,ESTORNO,-2062.35,00,BA-CORE-01,BR,BR-1855663345,False,Brasil,0.05,False,False,-0.3979942612617573
TXN00004810,CLI000163,2023-11-28,ESTORNO,1645.29,10,BA-CORE-01,BR,BR-9500935186,False,Brasil,0.05,False,False,-0.4508226232006058
TXN00004811,CLI000867,2023-06-23,ESTORNO,-2079.29,01,SP-CORE-01,BR,BR-7183027712,False,Brasil,0.05,False,False,-1.8318027783630875
TXN00004812,CLI000694,2023-06-05,ESTORNO,931.07,10,MG-CORE-01,BR,BR-5691874056,False,Brasil,0.05,False,False,-0.5725519888064812
TXN00004813,CLI000667,2023-12-29,FATURA,2672.48,02,BA-CORE-01,BR,BR-6856674089,False,Brasil,0.05,False,False,-0.707106781186547
TXN00004814,CLI000595,2023-09-19,FATURA,2010.94,02,RJ-CORE-01,BR,BR-7541418750,False,Brasil,0.05,False,False,0.7071067811865475
TXN00004815,CLI000740,2023-05-02,FATURA,3212.73,00,MG-CORE-01,BR,BR-1732183014,False,Brasil,0.05,False,False,1.1744222944353726
TXN00004816,CLI000160,2023-06-30,ESTORNO,2112.64,01,RJ-CORE-01,BR,BR-7808480880,False,Brasil,0.05,False,False,0.7520762390473342
TXN00004817,CLI000899,2023-09-17,FATURA,2653.08,01,SP-CORE-02,BR,BR-3442596476,False,Brasil,0.05,False,False,1.012579023258456
TXN00004818,CLI001177,2023-06-03,ESTORNO,-1575.66,10,MG-CORE-01,BR,BR-7158353462,False,Brasil,0.05,False,False,-0.9144849705277316
TXN00004819,CLI001054,2023-07-09,AJUSTE,1007.87,00,SP-CORE-02,BR,BR-2239909831,False,Brasil,0.05,False,False,0.35350890446795613
TXN00004820,CLI000963,2023-03-17,PAGAMENTO,2983.31,01,MG-CORE-01,BR,BR-2155131949,False,Brasil,0.05,False,False,1.0702360036094658
TXN00004821,CLI000583,2023-01-09,FATURA,1737.24,02,RJ-CORE-01,BR,BR-6200011339,False,Brasil,0.05,False,False,0.1585984343551197
TXN00004822,CLI000217,2023-10-19,ESTORNO,2414.2,10,MG-CORE-01,BR,BR-6232365051,False,Brasil,0.05,False,False,0.9123313315928979
TXN00004823,CLI000241,2023-08-07,PAGAMENTO,481.35,02,MG-CORE-01,BR,BR-2120324674,False,Brasil,0.05,False,False,-0.8987581268979701
TXN00004824,CLI000346,2023-06-18,AJUSTE,1286.77,01,RJ-CORE-01,BR,BR-4959613569,False,Brasil,0.05,False,False,0.4306181020306275
TXN00004825,CLI000254,2023-08-09,PAGAMENTO,1574.7,00,MG-CORE-01,BR,BR-3710612548,False,Brasil,0.05,False,False,-1.276690992315678
TXN00004826,CLI000405,2023-03-20,AJUSTE,1728.05,10,MG-CORE-01,BR,BR-3041010654,False,Brasil,0.05,False,False,-0.09214623632512088
TXN00004827,CLI000212,2023-05-25,FATURA,2863.28,00,SP-CORE-02,BR,BR-6682202906,False,Brasil,0.05,False,False,0.7789711504108365
TXN00004828,CLI000747,2023-11-23,PAGAMENTO,-383075.86,9A,SANTOS-PORT-07,LU,OFFSHORE-820797SM,True,Luxemburgo,0.8,True,True,-1.4999941653757596
TXN00004829,CLI000689,2023-10-12,ESTORNO,857.5,02,RJ-CORE-01,BR,BR-8277815372,False,Brasil,0.05,False,False,0.010268934366186293
TXN00004830,CLI000440,2023-08-11,ESTORNO,2808.94,00,MG-CORE-01,BR,BR-8434394520,False,Brasil,0.05,False,False,0.5911754955912801
TXN00004831,CLI001043,2023-07-10,AJUSTE,2784.28,10,MG-CORE-01,BR,BR-6341172911,False,Brasil,0.05,False,False,0.750180187302124
TXN00004832,CLI001189,2023-10-14,FATURA,2874.9,02,SP-CORE-01,BR,BR-8401828320,False,Brasil,0.05,False,False,0.7236995929270873
TXN00004833,CLI000163,2023-01-16,FATURA,1769.54,00,RJ-CORE-01,BR,BR-7875993207,False,Brasil,0.05,False,False,-0.450101442851226
TXN00004834,CLI000658,2023-02-15,PAGAMENTO,1309.54,02,MG-CORE-01,BR,BR-7017906777,False,Brasil,0.05,False,False,-0.3186893402644419
TXN00004835,CLI000457,2023-02-17,AJUSTE,2197.6,10,BA-CORE-01,BR,BR-5758202336,False,Brasil,0.05,False,False,1.0602724082798756
TXN00004836,CLI000141,2023-10-12,PAGAMENTO,1355.33,00,BA-CORE-01,BR,BR-7775259340,False,Brasil,0.05,False,False,0.0853604220987275
TXN00004837,CLI000069,2023-01-19,PAGAMENTO,1841.82,02,SP-CORE-01,BR,BR-3547242254,False,Brasil,0.05,False,False,-0.7071067811865475
TXN00004838,CLI000222,2023-07-10,ESTORNO,-372320.45,9A,SANTOS-PORT-07,PA,OFFSHORE-702324FQ,True,Panamá,0.9,True,True,-2.0411886513211863
TXN00004839,CLI000389,2023-04-15,ESTORNO,-622.78,01,MG-CORE-01,BR,BR-2320817370,False,Brasil,0.05,False,False,-0.5709830858168213
TXN00004840,CLI000088,2023-12-29,AJUSTE,775.62,10,SP-CORE-02,BR,BR-1792823740,False,Brasil,0.05,False,False,-0.5104268487902633
TXN00004841,CLI000917,2023-01-02,AJUSTE,2336.6,01,BA-CORE-01,BR,BR-4684060593,False,Brasil,0.05,False,False,0.7071067811865479
TXN00004842,CLI000433,2023-12-02,AJUSTE,3480.1,00,BA-CORE-01,BR,BR-2874963179,False,Brasil,0.05,False,False,1.2197375223161668
TXN00004843,CLI000845,2023-05-26,ESTORNO,3335.02,10,BA-CORE-01,BR,BR-4110133535,False,Brasil,0.05,False,False,1.1546589569846344
TXN00004844,CLI001114,2023-08-10,PAGAMENTO,1426.55,02,SP-CORE-02,BR,BR-8626180528,False,Brasil,0.05,False,False,0.5221446105663844
TXN00004845,CLI000382,2023-06-03,AJUSTE,1803.51,00,SP-CORE-02,BR,BR-5316204963,False,Brasil,0.05,False,False,0.2567840288944179
TXN00004846,CLI000629,2023-08-11,PAGAMENTO,1036.52,02,SP-CORE-02,BR,BR-5979283596,False,Brasil,0.05,False,False,0.09457705077641533
TXN00004847,CLI000890,2023-01-16,ESTORNO,916.65,01,SP-CORE-02,BR,BR-5724092414,False,Brasil,0.05,False,False,-0.20809741194248751
TXN00004848,CLI001126,2023-05-03,PAGAMENTO,1559.35,02,BA-CORE-01,BR,BR-4938269146,False,Brasil,0.05,False,False,0.7071067811865476
TXN00004849,CLI001161,2023-08-16,PAGAMENTO,2890.27,02,RJ-CORE-01,BR,BR-2664617282,False,Brasil,0.05,False,False,0.7071067811865487
TXN00004850,CLI000527,2023-06-09,AJUSTE,1370.83,10,SP-CORE-01,BR,BR-5016921419,False,Brasil,0.05,False,False,-0.39102740366559935
TXN00004851,CLI000670,2023-11-09,PAGAMENTO,775.95,02,SP-CORE-02,BR,BR-9043115665,False,Brasil,0.05,False,False,-0.6172309069506499
TXN00004852,CLI000313,2023-08-12,ESTORNO,-1423.75,01,SP-CORE-02,BR,BR-7858800225,False,Brasil,0.05,False,False,-1.3639804046111919
TXN00004853,CLI000796,2023-10-26,PAGAMENTO,2661.34,10,RJ-CORE-01,BR,BR-3294007227,False,Brasil,0.05,False,False,1.241190737537987
TXN00004854,CLI000373,2023-08-03,PAGAMENTO,2343.5,00,SP-CORE-01,BR,BR-6784750523,False,Brasil,0.05,False,False,0.8945352665591628
TXN00004855,CLI000546,2023-10-23,AJUSTE,2739.63,01,SP-CORE-02,BR,BR-1115518612,False,Brasil,0.05,False,False,0.3544137174670517
TXN00004856,CLI000958,2023-10-14,PAGAMENTO,1727.45,01,SP-CORE-01,BR,BR-6304961439,False,Brasil,0.05,False,False,-0.7071067811865476
TXN00004857,CLI000132,2023-04-28,AJUSTE,1711.18,02,SP-CORE-01,BR,BR-6850949950,False,Brasil,0.05,False,False,0.6696117014202928
TXN00004858,CLI001016,2023-09-21,AJUSTE,1459.58,02,BA-CORE-01,BR,BR-9596770204,False,Brasil,0.05,False,False,-0.41456802452767905
TXN00004859,CLI000789,2023-01-27,AJUSTE,3250.28,02,RJ-CORE-01,BR,BR-9921805120,False,Brasil,0.05,False,False,0.7071067811865477
TXN00004860,CLI001151,2023-12-12,ESTORNO,2718.94,10,RJ-CORE-01,BR,BR-1988158051,False,Brasil,0.05,False,False,0.7079860056480806
TXN00004861,CLI000811,2023-01-28,FATURA,3105.69,02,SP-CORE-01,BR,BR-3147267582,False,Brasil,0.05,False,False,0.663865894427986
TXN00004862,CLI000440,2023-11-30,PAGAMENTO,1496.73,02,BA-CORE-01,BR,BR-1190043366,False,Brasil,0.05,False,False,-0.31314228142598294
TXN00004863,CLI000220,2023-04-25,PAGAMENTO,596.32,00,RJ-CORE-01,BR,BR-6591780786,False,Brasil,0.05,False,False,0.35612024582434154
TXN00004864,CLI000598,2023-08-11,ESTORNO,-1255.86,02,RJ-CORE-01,BR,BR-5693756540,False,Brasil,0.05,False,False,-0.7071067811865476
TXN00004865,CLI000934,2023-02-14,AJUSTE,3432.79,10,MG-CORE-01,BR,BR-6067527304,False,Brasil,0.05,False,False,1.112436230620672
TXN00004866,CLI001177,2023-07-08,FATURA,497.76,01,RJ-CORE-01,BR,BR-5942423191,False,Brasil,0.05,False,False,0.14409535026110032
TXN00004867,CLI000838,2023-10-20,FATURA,3399.12,02,SP-CORE-01,BR,BR-6631097590,False,Brasil,0.05,False,False,0.8414671419311168
TXN00004868,CLI001113,2023-11-18,ESTORNO,-372.46,01,RJ-CORE-01,BR,BR-3064384875,False,Brasil,0.05,False,False,-1.7103237999219498
TXN00004869,CLI001153,2023-11-17,FATURA,935.63,01,SP-CORE-02,BR,BR-9396734394,False,Brasil,0.05,False,False,0.1109737789135167
TXN00004870,CLI000098,2023-08-05,PAGAMENTO,1449.43,01,SP-CORE-02,BR,BR-1771023751,False,Brasil,0.05,False,False,0.06363205046230576
TXN00004871,CLI001036,2023-03-07,ESTORNO,-741.08,00,SP-CORE-01,BR,BR-5752083046,False,Brasil,0.05,False,False,0.0
TXN00004872,CLI000167,2023-09-09,FATURA,170.4,02,SP-CORE-02,BR,BR-4462726923,False,Brasil,0.05,False,False,0.0
TXN00004873,CLI000043,2023-06-28,ESTORNO,-1617.77,02,BA-CORE-01,BR,BR-4146796542,False,Brasil,0.05,False,False,0.0
TXN00004874,CLI000196,2023-03-09,ESTORNO,1666.32,01,RJ-CORE-01,BR,BR-4465676206,False,Brasil,0.05,False,False,-0.44964971337987275
TXN00004875,CLI000013,2023-05-29,FATURA,770.18,01,SP-CORE-01,BR,BR-5985957879,False,Brasil,0.05,False,False,0.5077056030979898
TXN00004876,CLI000083,2023-09-03,PAGAMENTO,2565.87,02,SP-CORE-01,BR,BR-7472388712,False,Brasil,0.05,False,False,0.6674293716307275
TXN00004877,CLI000823,2023-02-09,PAGAMENTO,57.72,01,SP-CORE-02,BR,BR-8242597557,False,Brasil,0.05,False,False,-0.05425959615557552
TXN00004878,CLI000579,2023-05-28,PAGAMENTO,1200.25,01,MG-CORE-01,BR,BR-5344740217,False,Brasil,0.05,False,False,-0.5493264898944886
TXN00004879,CLI000504,2023-05-03,PAGAMENTO,3383.16,01,SP-CORE-01,BR,BR-8173432577,False,Brasil,0.05,False,False,1.0944325258621035
TXN00004880,CLI000368,2023-11-09,FATURA,459.38,02,SP-CORE-02,BR,BR-5529091515,False,Brasil,0.05,False,False,-0.8748190423150076
TXN00004881,CLI000454,2023-08-06,PAGAMENTO,1451.09,10,SP-CORE-01,BR,BR-7120247651,False,Brasil,0.05,False,False,0.18740900334047247
TXN00004882,CLI001045,2023-07-25,AJUSTE,320.84,10,RJ-CORE-01,BR,BR-9195703289,False,Brasil,0.05,False,False,-0.7071067811865476
TXN00004883,CLI000680,2023-08-03,FATURA,2674.67,02,MG-CORE-01,BR,BR-7451305385,False,Brasil,0.05,False,False,0.9168078728649153
TXN00004884,CLI000969,2023-03-18,ESTORNO,-1485.03,01,SP-CORE-01,BR,BR-8649351906,False,Brasil,0.05,False,False,-0.62761546411755
TXN00004885,CLI000016,2023-03-15,FATURA,1602.34,02,SP-CORE-01,BR,BR-8353084840,False,Brasil,0.05,False,False,0.0
TXN00004886,CLI000654,2023-12-17,ESTORNO,3233.1,10,SP-CORE-01,BR,BR-9468688732,False,Brasil,0.05,False,False,1.1126905843632842
TXN00004887,CLI000188,2023-02-08,PAGAMENTO,2708.65,01,SP-CORE-01,BR,BR-8557470772,False,Brasil,0.05,False,False,0.501787960477754
TXN00004888,CLI000748,2023-08-21,PAGAMENTO,3045.86,01,SP-CORE-02,BR,BR-1343636531,False,Brasil,0.05,False,False,1.3999127665431288
TXN00004889,CLI000559,2023-10-22,AJUSTE,2816.05,01,SP-CORE-01,BR,BR-5324846219,False,Brasil,0.05,False,False,-0.40097537882799433
TXN00004890,CLI000115,2023-10-26,ESTORNO,-2459.0,00,MG-CORE-01,BR,BR-2107399563,False,Brasil,0.05,False,False,-1.7854279009495315
TXN00004891,CLI000466,2023-10-25,PAGAMENTO,1052.86,01,SP-CORE-01,BR,BR-9041060090,False,Brasil,0.05,False,False,0.7071067811865475
TXN00004892,CLI001083,2023-03-17,FATURA,964.51,10,RJ-CORE-01,BR,BR-2867829945,False,Brasil,0.05,False,False,0.7071067811865474
TXN00004893,CLI000071,2023-11-18,ESTORNO,-3252.41,02,SP-CORE-01,BR,BR-7291109928,False,Brasil,0.05,False,False,-0.6778804068950667
TXN00004894,CLI000068,2023-02-05,ESTORNO,2999.56,00,RJ-CORE-01,BR,BR-1171130607,False,Brasil,0.05,False,False,1.2125510308826937
TXN00004895,CLI000748,2023-02-20,ESTORNO,-193.66,01,SP-CORE-02,BR,BR-9022555324,False,Brasil,0.05,False,False,-1.0175713083249884
TXN00004896,CLI000647,2023-04-25,AJUSTE,3432.21,01,SP-CORE-02,BR,BR-7271729065,False,Brasil,0.05,False,False,1.1270885629924081
TXN00004897,CLI000109,2023-12-29,PAGAMENTO,2707.42,02,SP-CORE-02,BR,BR-6881083339,False,Brasil,0.05,False,False,0.6668654135042871
TXN00004898,CLI000540,2023-10-23,FATURA,2872.32,02,SP-CORE-01,BR,BR-7123345775,False,Brasil,0.05,False,False,1.0674972064272386
TXN00004899,CLI000948,2023-08-19,AJUSTE,3253.18,00,SP-CORE-02,BR,BR-8194054256,False,Brasil,0.05,False,False,1.1294293624052358
TXN00004900,CLI000348,2023-05-19,FATURA,1554.11,00,SP-CORE-02,BR,BR-9690996671,False,Brasil,0.05,False,False,0.4064028516822806
TXN00004901,CLI001105,2023-04-19,AJUSTE,3223.08,10,SP-CORE-01,BR,BR-2147767812,False,Brasil,0.05,False,False,0.3910510842411364
TXN00004902,CLI000076,2023-07-14,ESTORNO,-1861.57,10,MG-CORE-01,BR,BR-6554422145,False,Brasil,0.05,False,False,-1.1424807866174647
TXN00004903,CLI000142,2023-11-06,ESTORNO,-348.49,01,BA-CORE-01,BR,BR-2791260069,False,Brasil,0.05,False,False,-1.0903652739223764
TXN00004904,CLI000776,2023-12-18,FATURA,1228.12,02,BA-CORE-01,BR,BR-7213830490,False,Brasil,0.05,False,False,-0.7071067811865475
TXN00004905,CLI000434,2023-05-07,AJUSTE,2516.81,00,MG-CORE-01,BR,BR-9742900191,False,Brasil,0.05,False,False,0.9679112172364877
TXN00004906,CLI000528,2023-05-28,PAGAMENTO,2259.67,00,BA-CORE-01,BR,BR-5774643348,False,Brasil,0.05,False,False,0.0
TXN00004907,CLI000685,2023-01-23,ESTORNO,1362.26,02,RJ-CORE-01,BR,BR-4143505110,False,Brasil,0.05,False,False,0.7071067811865475
TXN00004908,CLI000014,2023-07-08,AJUSTE,1645.45,10,MG-CORE-01,BR,BR-2701728624,False,Brasil,0.05,False,False,0.06676505678690915
TXN00004909,CLI000657,2023-07-20,ESTORNO,646.14,00,MG-CORE-01,BR,BR-1752622784,False,Brasil,0.05,False,False,-1.1094479161184032
TXN00004910,CLI001190,2023-03-17,PAGAMENTO,2290.88,01,MG-CORE-01,BR,BR-3297743956,False,Brasil,0.05,False,False,0.9055063100078683
TXN00004911,CLI000249,2023-07-30,AJUSTE,110.72,01,MG-CORE-01,BR,BR-7414320172,False,Brasil,0.05,False,False,-0.47411256863931694
TXN00004912,CLI000452,2023-09-20,PAGAMENTO,3015.38,00,SP-CORE-01,BR,BR-9129156255,False,Brasil,0.05,False,False,0.8195505374704943
TXN00004913,CLI001171,2023-01-02,PAGAMENTO,2064.97,00,BA-CORE-01,BR,BR-3651030484,False,Brasil,0.05,False,False,-0.37603892056867944
TXN00004914,CLI000403,2023-10-12,FATURA,254.01,10,SP-CORE-01,BR,BR-7739096956,False,Brasil,0.05,False,False,-0.7547236538871598
TXN00004915,CLI000706,2023-09-13,AJUSTE,2422.23,01,BA-CORE-01,BR,BR-1174551698,False,Brasil,0.05,False,False,0.4618856949188617
TXN00004916,CLI000569,2023-08-27,PAGAMENTO,2885.02,10,SP-CORE-01,BR,BR-6697654131,False,Brasil,0.05,False,False,0.28957328464540844
TXN00004917,CLI001154,2023-03-10,PAGAMENTO,2447.86,01,SP-CORE-01,BR,BR-1164443046,False,Brasil,0.05,False,False,0.7227124872163122
TXN00004918,CLI001006,2023-08-07,ESTORNO,-2273.23,10,RJ-CORE-01,BR,BR-5729286078,False,Brasil,0.05,False,False,-0.7071067811865476
TXN00004919,CLI000230,2023-04-14,PAGAMENTO,2232.37,02,MG-CORE-01,BR,BR-4115565294,False,Brasil,0.05,False,False,1.3426093598659348
TXN00004920,CLI000822,2023-03-18,AJUSTE,148.48,00,SP-CORE-02,BR,BR-6591987194,False,Brasil,0.05,False,False,-1.3624850759195866
TXN00004921,CLI000358,2023-10-19,AJUSTE,3269.45,10,RJ-CORE-01,BR,BR-2721163424,False,Brasil,0.05,False,False,0.7071067811865476
TXN00004922,CLI000545,2023-01-23,ESTORNO,-189.5,02,SP-CORE-01,BR,BR-8502307281,False,Brasil,0.05,False,False,-0.1670127785803856
TXN00004923,CLI001129,2023-11-24,PAGAMENTO,1665.64,02,BA-CORE-01,BR,BR-9213466250,False,Brasil,0.05,False,False,-1.250614587873465
TXN00004924,CLI000921,2023-02-27,AJUSTE,1725.42,10,RJ-CORE-01,BR,BR-5145330871,False,Brasil,0.05,False,False,1.1530079744600545
TXN00004925,CLI000683,2023-09-13,ESTORNO,1589.92,01,RJ-CORE-01,BR,BR-4408678433,False,Brasil,0.05,False,False,0.4074296477634637
TXN00004926,CLI000962,2023-04-21,ESTORNO,1888.92,02,MG-CORE-01,BR,BR-7746943183,False,Brasil,0.05,False,False,-0.42700121350817116
TXN00004927,CLI000410,2023-04-01,FATURA,1240.32,00,SP-CORE-01,BR,BR-9568109316,False,Brasil,0.05,False,False,-0.9703431445023942
TXN00004928,CLI000253,2023-12-23,FATURA,1342.28,02,MG-CORE-01,BR,BR-4409016344,False,Brasil,0.05,False,False,0.3887777704885248
TXN00004929,CLI001165,2023-07-15,AJUSTE,2838.3,00,BA-CORE-01,BR,BR-5504695792,False,Brasil,0.05,False,False,0.3631432928866221
TXN00004930,CLI000077,2023-10-27,PAGAMENTO,2021.68,01,RJ-CORE-01,BR,BR-7757426736,False,Brasil,0.05,False,False,0.45941509438940364
TXN00004931,CLI000082,2023-11-18,AJUSTE,285.53,10,BA-CORE-01,BR,BR-9312815857,False,Brasil,0.05,False,False,-0.98621903146382
TXN00004932,CLI000978,2023-11-25,ESTORNO,225526.5,9A,SANTOS-PORT-07,PA,OFFSHORE-795133IX,True,Panamá,0.9,True,True,1.1546996492822679
TXN00004933,CLI000110,2023-04-29,ESTORNO,839.27,02,SP-CORE-02,BR,BR-9667557205,False,Brasil,0.05,False,False,0.21844474635102892
TXN00004934,CLI001033,2023-11-03,AJUSTE,2370.87,10,RJ-CORE-01,BR,BR-2394184320,False,Brasil,0.05,False,False,0.0
TXN00004935,CLI000404,2023-02-28,FATURA,668.31,01,MG-CORE-01,BR,BR-9863620453,False,Brasil,0.05,False,False,-0.9653336979505711
TXN00004936,CLI000282,2023-07-08,ESTORNO,445.33,01,BA-CORE-01,BR,BR-8846797777,False,Brasil,0.05,False,False,-0.6834144678946191
TXN00004937,CLI000688,2023-02-12,AJUSTE,1552.93,10,BA-CORE-01,BR,BR-7820039405,False,Brasil,0.05,False,False,0.897470779109363
TXN00004938,CLI000114,2023-05-06,FATURA,1995.45,02,MG-CORE-01,BR,BR-6965879269,False,Brasil,0.05,False,False,-0.11212888728254704
TXN00004939,CLI000616,2023-06-16,ESTORNO,-3379.72,10,MG-CORE-01,BR,BR-5348943115,False,Brasil,0.05,False,False,-1.5799823832676148
TXN00004940,CLI000654,2023-02-07,AJUSTE,3202.91,02,SP-CORE-02,BR,BR-6757815878,False,Brasil,0.05,False,False,1.0852711244394175
TXN00004941,CLI001014,2023-06-29,AJUSTE,881.77,00,SP-CORE-01,BR,BR-2908610750,False,Brasil,0.05,False,False,-0.6187258106774448
TXN00004942,CLI000557,2023-01-17,ESTORNO,-3002.53,01,MG-CORE-01,BR,BR-8484286122,False,Brasil,0.05,False,False,-0.9820956722597584
TXN00004943,CLI000856,2023-04-07,FATURA,1344.26,02,MG-CORE-01,BR,BR-3996707622,False,Brasil,0.05,False,False,-0.32174564192381777
TXN00004944,CLI000834,2023-11-10,AJUSTE,912.91,01,BA-CORE-01,BR,BR-8185419951,False,Brasil,0.05,False,False,-1.1182798127936227
TXN00004945,CLI000819,2023-08-24,PAGAMENTO,3418.15,02,RJ-CORE-01,BR,BR-6393158644,False,Brasil,0.05,False,False,1.1280517428130887
TXN00004946,CLI000139,2023-04-27,ESTORNO,-366383.97,4F,SANTOS-PORT-07,LU,OFFSHORE-929596BV,True,Luxemburgo,0.8,True,True,-1.4999710187860262
TXN00004947,CLI000534,2023-06-03,FATURA,527.76,10,BA-CORE-01,BR,BR-4285392988,False,Brasil,0.05,False,False,-0.03461521248576642
TXN00004948,CLI000219,2023-06-28,AJUSTE,988.85,01,SP-CORE-01,BR,BR-8490646376,False,Brasil,0.05,False,False,-0.331628737534217
TXN00004949,CLI000233,2023-09-16,FATURA,1919.03,10,BA-CORE-01,BR,BR-5250644256,False,Brasil,0.05,False,False,-1.1567448401349303
TXN00004950,CLI000658,2023-03-21,AJUSTE,2674.06,01,RJ-CORE-01,BR,BR-3308943107,False,Brasil,0.05,False,False,1.3669482594473015
TXN00004951,CLI000666,2023-09-28,AJUSTE,1087.27,00,SP-CORE-01,BR,BR-1530402737,False,Brasil,0.05,False,False,-0.7089257997268683
TXN00004952,CLI000811,2023-01-20,PAGAMENTO,2995.72,02,MG-CORE-01,BR,BR-2699732017,False,Brasil,0.05,False,False,0.4862733566369969
TXN00004953,CLI000788,2023-11-26,FATURA,341.93,10,RJ-CORE-01,BR,BR-2242744399,False,Brasil,0.05,False,False,-0.20012367564009198
TXN00004954,CLI000853,2023-06-04,AJUSTE,2915.95,02,RJ-CORE-01,BR,BR-4714688406,False,Brasil,0.05,False,False,0.7085844415726056
TXN00004955,CLI000514,2023-01-02,AJUSTE,3193.87,00,SP-CORE-02,BR,BR-9499295746,False,Brasil,0.05,False,False,1.1633224460806675
TXN00004956,CLI001167,2023-11-15,PAGAMENTO,2488.0,01,SP-CORE-02,BR,BR-7657501485,False,Brasil,0.05,False,False,1.1475088585941013
TXN00004957,CLI000470,2023-01-03,ESTORNO,1725.87,00,MG-CORE-01,BR,BR-6230207584,False,Brasil,0.05,False,False,0.1396897768797972
TXN00004958,CLI000531,2023-07-17,ESTORNO,1352.93,00,BA-CORE-01,BR,BR-6492746582,False,Brasil,0.05,False,False,-0.6684559125385812
TXN00004959,CLI000512,2023-12-17,PAGAMENTO,192.56,00,MG-CORE-01,BR,BR-8604238207,False,Brasil,0.05,False,False,-0.4137223498808229
TXN00004960,CLI000389,2023-01-27,FATURA,1556.41,02,SP-CORE-01,BR,BR-3707013363,False,Brasil,0.05,False,False,0.41388676558460685
TXN00004961,CLI000339,2023-03-10,ESTORNO,279.46,00,SP-CORE-02,BR,BR-8027479006,False,Brasil,0.05,False,False,0.0558760924701424
TXN00004962,CLI000086,2023-11-21,ESTORNO,-391.3,02,MG-CORE-01,BR,BR-7582073468,False,Brasil,0.05,False,False,-0.36310251370520663
TXN00004963,CLI000393,2023-08-12,ESTORNO,-900.76,00,BA-CORE-01,BR,BR-7029987916,False,Brasil,0.05,False,False,-0.943767532321321
TXN00004964,CLI000288,2023-12-12,AJUSTE,705.76,10,RJ-CORE-01,BR,BR-8545519608,False,Brasil,0.05,False,False,-1.2961145312307667
TXN00004965,CLI000655,2023-11-02,ESTORNO,2804.43,00,RJ-CORE-01,BR,BR-9265880734,False,Brasil,0.05,False,False,0.5312360885348538
TXN00004966,CLI001124,2023-08-13,FATURA,2270.85,00,RJ-CORE-01,BR,BR-4750974892,False,Brasil,0.05,False,False,0.26074541737701645
TXN00004967,CLI000366,2023-10-17,AJUSTE,227.21,02,SP-CORE-02,BR,BR-7013187705,False,Brasil,0.05,False,False,-0.7333109032008941
TXN00004968,CLI000328,2023-02-13,AJUSTE,2854.25,00,SP-CORE-01,BR,BR-9604268536,False,Brasil,0.05,False,False,0.8736675570360868
TXN00004969,CLI000444,2023-09-15,ESTORNO,412.9,00,RJ-CORE-01,BR,BR-8859215923,False,Brasil,0.05,False,False,-0.6699485867794023
TXN00004970,CLI000345,2023-12-22,ESTORNO,-2467.39,01,BA-CORE-01,BR,BR-8571747753,False,Brasil,0.05,False,False,-1.7507384167017856
TXN00004971,CLI000222,2023-06-14,PAGAMENTO,555.35,00,SP-CORE-02,BR,BR-3818317229,False,Brasil,0.05,False,False,0.4012183249886714
TXN00004972,CLI001037,2023-06-04,PAGAMENTO,3117.3,01,SP-CORE-01,BR,BR-5717261756,False,Brasil,0.05,False,False,1.04600535373488
TXN00004973,CLI001114,2023-12-26,ESTORNO,1089.14,10,MG-CORE-01,BR,BR-7091421469,False,Brasil,0.05,False,False,0.3666626664006968
TXN00004974,CLI000256,2023-12-20,FATURA,1907.77,10,SP-CORE-02,BR,BR-9714664711,False,Brasil,0.05,False,False,0.4048344305534914
TXN00004975,CLI000853,2023-12-05,AJUSTE,1361.84,02,BA-CORE-01,BR,BR-1962899942,False,Brasil,0.05,False,False,-0.49328028047337047
TXN00004976,CLI000233,2023-05-20,ESTORNO,2434.59,00,RJ-CORE-01,BR,BR-9935704422,False,Brasil,0.05,False,False,-0.10553860983503884
TXN00004977,CLI000282,2023-02-18,FATURA,362.34,00,BA-CORE-01,BR,BR-5393036949,False,Brasil,0.05,False,False,-0.7298741340811853
TXN00004978,CLI000375,2023-02-22,AJUSTE,1270.38,01,SP-CORE-02,BR,BR-3619124771,False,Brasil,0.05,False,False,-1.496677326418394
TXN00004979,CLI000805,2023-01-07,ESTORNO,-2550.89,01,RJ-CORE-01,BR,BR-7981448409,False,Brasil,0.05,False,False,-1.4793968455268585
TXN00004980,CLI000642,2023-02-11,PAGAMENTO,2211.47,01,SP-CORE-01,BR,BR-3939316981,False,Brasil,0.05,False,False,0.5708194852659402
TXN00004981,CLI000918,2023-05-10,AJUSTE,573.06,10,MG-CORE-01,BR,BR-9383115102,False,Brasil,0.05,False,False,-0.44227567100783044
TXN00004982,CLI001097,2023-07-17,PAGAMENTO,123.14,01,BA-CORE-01,BR,BR-9687514170,False,Brasil,0.05,False,False,-0.37938131369418643
TXN00004983,CLI000620,2023-11-24,PAGAMENTO,2477.16,10,MG-CORE-01,BR,BR-4922193193,False,Brasil,0.05,False,False,0.886314352083821
TXN00004984,CLI000154,2023-10-04,FATURA,2458.78,10,MG-CORE-01,BR,BR-7261069753,False,Brasil,0.05,False,False,0.8243568382129071
TXN00004985,CLI000042,2023-08-18,FATURA,2283.0,01,RJ-CORE-01,BR,BR-2027851518,False,Brasil,0.05,False,False,0.7071067811865475
TXN00004986,CLI001010,2023-04-22,AJUSTE,2452.37,02,SP-CORE-01,BR,BR-6153038644,False,Brasil,0.05,False,False,1.157831978649882
TXN00004987,CLI000375,2023-05-26,AJUSTE,2798.01,01,RJ-CORE-01,BR,BR-5864694949,False,Brasil,0.05,False,False,0.41026712102944185
TXN00004988,CLI000425,2023-06-27,PAGAMENTO,1026.9,00,MG-CORE-01,BR,BR-1132670505,False,Brasil,0.05,False,False,-1.7889572381338852
TXN00004989,CLI001129,2023-09-06,AJUSTE,3493.35,10,SP-CORE-02,BR,BR-7775750049,False,Brasil,0.05,False,False,1.0074844868632205
TXN00004990,CLI001048,2023-12-25,ESTORNO,664.78,00,BA-CORE-01,BR,BR-2972218606,False,Brasil,0.05,False,False,-1.1374558344319745
TXN00004991,CLI000874,2023-07-15,AJUSTE,319798.55,9A,SANTOS-PORT-07,LU,OFFSHORE-616481VT,True,Luxemburgo,0.8,True,True,1.4999756246142304
TXN00004992,CLI000476,2023-09-02,FATURA,3098.54,00,RJ-CORE-01,BR,BR-4069888953,False,Brasil,0.05,False,False,0.7071067811865476
TXN00004993,CLI000753,2023-08-22,ESTORNO,2710.99,01,SP-CORE-01,BR,BR-7178401182,False,Brasil,0.05,False,False,0.476861946719575
TXN00004994,CLI000384,2023-02-06,AJUSTE,2875.75,10,BA-CORE-01,BR,BR-5551747366,False,Brasil,0.05,False,False,0.9510366229908951
TXN00004995,CLI000117,2023-11-30,FATURA,685.27,01,RJ-CORE-01,BR,BR-8781030738,False,Brasil,0.05,False,False,0.05718471065658011
TXN00004996,CLI001144,2023-01-04,ESTORNO,-2856.53,00,MG-CORE-01,BR,BR-5466364227,False,Brasil,0.05,False,False,-1.4971013281581735
TXN00004997,CLI001034,2023-10-17,ESTORNO,-1003.28,10,SP-CORE-02,BR,BR-7184949643,False,Brasil,0.05,False,False,-1.251676206406776
TXN00004998,CLI001120,2023-12-27,PAGAMENTO,3354.51,01,SP-CORE-01,BR,BR-4381958315,False,Brasil,0.05,False,False,1.1359883288651054
TXN00004999,CLI000527,2023-06-16,FATURA,3193.6,02,SP-CORE-01,BR,BR-1445057469,False,Brasil,0.05,False,False,-0.35264456396250743
TXN00005000,CLI000690,2023-07-03,ESTORNO,987.11,01,SP-CORE-02,BR,BR-8933106904,False,Brasil,0.05,False,False,0.10633060333265489
