transaction_id,customer_id,transaction_date,transaction_type,amount,adjustment_code,network_node,country,destination_account
TXN00000001,CLI000284,2023-10-27,ESTORNO,1510.95,10,RJ-CORE-01,BR,BR-3746317213
TXN00000002,CLI000865,2023-02-16,PAGAMENTO,2650.12,00,SP-CORE-02,BR,BR-9697354961
TXN00000003,CLI001134,2023-07-17,FATURA,1348.04,10,BA-CORE-01,BR,BR-2181241943
TXN00000004,CLI000602,2023-12-15,FATURA,2528.11,02,RJ-CORE-01,BR,BR-1958682846
TXN00000005,CLI001040,2023-03-22,PAGAMENTO,1598.96,02,BA-CORE-01,BR,BR-4163119785
TXN00000006,CLI000331,2023-11-17,FATURA,1058.59,01,SP-CORE-02,BR,BR-9963334018
TXN00000007,CLI000630,2023-11-03,FATURA,1148.06,00,SP-CORE-01,BR,BR-2812140441
TXN00000008,CLI000142,2023-01-30,AJUSTE,858.23,00,SP-CORE-01,BR,BR-1127978094
TXN00000009,CLI000867,2023-03-07,AJUSTE,2315.93,01,RJ-CORE-01,BR,BR-1939042955
TXN00000010,CLI000765,2023-10-04,AJUSTE,2648.32,01,RJ-CORE-01,BR,BR-9703905715
TXN00000011,CLI000693,2023-09-22,PAGAMENTO,1591.17,01,SP-CORE-02,BR,BR-7635473142
TXN00000012,CLI000121,2023-10-29,FATURA,1947.65,01,SP-CORE-01,BR,BR-6241752544
TXN00000013,CLI000488,2023-02-04,AJUSTE,3170.86,02,SP-CORE-01,BR,BR-7825844140
TXN00000014,CLI000969,2023-12-09,ESTORNO,-1709.24,01,BA-CORE-01,BR,BR-4460967357
TXN00000015,CLI000842,2023-04-08,PAGAMENTO,348.25,10,RJ-CORE-01,BR,BR-8293453178
TXN00000016,CLI000695,2023-01-28,PAGAMENTO,2363.31,00,SP-CORE-01,BR,BR-6756332150
TXN00000017,CLI000376,2023-05-08,FATURA,686.73,10,SP-CORE-02,BR,BR-1667779376
TXN00000018,CLI001108,2023-08-25,ESTORNO,-889.33,00,MG-CORE-01,BR,BR-2445662585
TXN00000019,CLI000995,2023-02-17,FATURA,3243.76,01,SP-CORE-02,BR,BR-5693307665
TXN00000020,CLI000005,2023-04-20,PAGAMENTO,3028.98,00,SP-CORE-02,BR,BR-5710360983
TXN00000021,CLI001139,2023-05-16,PAGAMENTO,3244.28,10,RJ-CORE-01,BR,BR-8934927891
TXN00000022,CLI001111,2023-03-21,PAGAMENTO,680.84,01,SP-CORE-01,BR,BR-7887950851
TXN00000023,CLI000323,2023-06-10,FATURA,218.94,10,BA-CORE-01,BR,BR-4466589567
TXN00000024,CLI000140,2023-09-18,FATURA,298.79,01,SP-CORE-01,BR,BR-8429141456
TXN00000025,CLI000082,2023-07-26,AJUSTE,437.21,01,BA-CORE-01,BR,BR-3303082117
TXN00000026,CLI000644,2023-08-03,FATURA,2307.66,02,RJ-CORE-01,BR,BR-2625792787
TXN00000027,CLI000149,2023-05-16,AJUSTE,1397.33,02,MG-CORE-01,BR,BR-7665963761
TXN00000028,CLI000437,2023-08-23,FATURA,2181.63,00,SP-CORE-01,BR,BR-8995970241
TXN00000029,CLI000898,2023-03-09,ESTORNO,-3267.74,00,SP-CORE-02,BR,BR-3479708607
TXN00000030,CLI000213,2023-11-10,ESTORNO,3443.81,00,BA-CORE-01,BR,BR-4026113008
TXN00000031,CLI000558,2023-05-16,AJUSTE,421.69,00,BA-CORE-01,BR,BR-9786748825
TXN00000032,CLI000515,2023-11-06,ESTORNO,752.99,02,SP-CORE-02,BR,BR-5728765136
TXN00000033,CLI000684,2023-02-17,FATURA,2227.31,02,SP-CORE-01,BR,BR-6488854841
TXN00000034,CLI000876,2023-11-23,AJUSTE,3429.7,01,MG-CORE-01,BR,BR-2566942273
TXN00000035,CLI000757,2023-02-27,FATURA,281.85,01,BA-CORE-01,BR,BR-6884882440
TXN00000036,CLI000733,2023-08-09,AJUSTE,463.51,02,RJ-CORE-01,BR,BR-3783290795
TXN00000037,CLI000833,2023-12-16,AJUSTE,888.36,00,RJ-CORE-01,BR,BR-4131575764
TXN00000038,CLI000368,2023-05-02,AJUSTE,3028.83,01,MG-CORE-01,BR,BR-5996775663
TXN00000039,CLI000222,2023-07-30,ESTORNO,2811.78,01,RJ-CORE-01,BR,BR-6924716023
TXN00000040,CLI000717,2023-01-20,PAGAMENTO,3007.9,01,SP-CORE-02,BR,BR-3392080953
TXN00000041,CLI000143,2023-04-27,ESTORNO,-795.77,01,MG-CORE-01,BR,BR-8235363119
TXN00000042,CLI000237,2023-06-29,ESTORNO,2252.36,10,BA-CORE-01,BR,BR-4332894265
TXN00000043,CLI000708,2023-04-02,ESTORNO,2040.45,02,SP-CORE-01,BR,BR-6649827836
TXN00000044,CLI000091,2023-08-12,ESTORNO,-2129.61,00,MG-CORE-01,BR,BR-2149938334
TXN00000045,CLI000144,2023-01-01,PAGAMENTO,1829.32,01,RJ-CORE-01,BR,BR-2351531223
TXN00000046,CLI000837,2023-11-16,ESTORNO,-1112.43,00,RJ-CORE-01,BR,BR-8110054933
TXN00000047,CLI000777,2023-07-26,ESTORNO,2446.29,01,SP-CORE-02,BR,BR-2970753705
TXN00000048,CLI000623,2023-11-12,AJUSTE,2000.49,10,BA-CORE-01,BR,BR-2137651678
TXN00000049,CLI000438,2023-04-18,ESTORNO,-1516.01,02,MG-CORE-01,BR,BR-7805745017
TXN00000050,CLI000687,2023-03-28,PAGAMENTO,2312.8,02,BA-CORE-01,BR,BR-7010379415
TXN00000051,CLI000051,2023-05-01,FATURA,2361.33,01,SP-CORE-02,BR,BR-5284391408
TXN00000052,CLI001179,2023-05-06,FATURA,3444.1,00,MG-CORE-01,BR,BR-7483366056
TXN00000053,CLI000012,2023-12-23,AJUSTE,1356.25,10,SP-CORE-02,BR,BR-1470939445
TXN00000054,CLI000249,2023-08-06,FATURA,160971.22,4F,SANTOS-PORT-07,KY,OFFSHORE-627048UF
TXN00000055,CLI001034,2023-03-10,PAGAMENTO,2808.93,02,MG-CORE-01,BR,BR-4272602734
TXN00000056,CLI000531,2023-10-08,PAGAMENTO,1571.78,01,MG-CORE-01,BR,BR-7980611182
TXN00000057,CLI000901,2023-11-23,AJUSTE,985.04,10,SP-CORE-02,BR,BR-1854316681
TXN00000058,CLI000166,2023-05-27,FATURA,836.04,02,RJ-CORE-01,BR,BR-4944899549
TXN00000059,CLI000850,2023-03-19,AJUSTE,824.79,01,SP-CORE-02,BR,BR-7867414708
TXN00000060,CLI000861,2023-06-19,PAGAMENTO,1908.29,10,SP-CORE-01,BR,BR-3098545541
TXN00000061,CLI000977,2023-10-27,PAGAMENTO,3312.3,00,BA-CORE-01,BR,BR-8760038701
TXN00000062,CLI001119,2023-06-30,FATURA,1059.17,10,MG-CORE-01,BR,BR-2028439863
TXN00000063,CLI000797,2023-09-07,AJUSTE,783.59,10,MG-CORE-01,BR,BR-1338258951
TXN00000064,CLI001094,2023-12-09,ESTORNO,2383.41,10,SP-CORE-02,BR,BR-8438486479
TXN00000065,CLI000278,2023-07-21,FATURA,2079.79,00,SP-CORE-01,BR,BR-4504793184
TXN00000066,CLI000932,2023-04-04,PAGAMENTO,194.99,10,RJ-CORE-01,BR,BR-1540137296
TXN00000067,CLI000168,2023-06-22,ESTORNO,-2669.08,10,RJ-CORE-01,BR,BR-8128575500
TXN00000068,CLI000141,2023-01-10,PAGAMENTO,2626.6,00,RJ-CORE-01,BR,BR-6004182187
TXN00000069,CLI000313,2023-01-16,FATURA,3324.65,01,SP-CORE-01,BR,BR-7900268326
TXN00000070,CLI000953,2023-03-06,AJUSTE,1667.99,00,BA-CORE-01,BR,BR-5141907136
TXN00000071,CLI000053,2023-07-08,ESTORNO,-603.91,00,SP-CORE-02,BR,BR-3962958940
TXN00000072,CLI000498,2023-10-22,ESTORNO,-2377.17,10,MG-CORE-01,BR,BR-8357059814
TXN00000073,CLI000712,2023-12-23,FATURA,2708.23,00,BA-CORE-01,BR,BR-6898796145
TXN00000074,CLI001004,2023-12-05,PAGAMENTO,1309.59,02,SP-CORE-01,BR,BR-2939118223
TXN00000075,CLI000361,2023-08-10,FATURA,3363.54,10,SP-CORE-02,BR,BR-2064746525
TXN00000076,CLI000550,2023-11-12,ESTORNO,2832.53,10,MG-CORE-01,BR,BR-5569956444
TXN00000077,CLI000952,2023-05-06,ESTORNO,-2910.94,00,RJ-CORE-01,BR,BR-9680276057
TXN00000078,CLI000435,2023-06-22,PAGAMENTO,119.88,02,SP-CORE-02,BR,BR-3379074819
TXN00000079,CLI000392,2023-05-13,ESTORNO,1204.38,02,BA-CORE-01,BR,BR-3527331058
TXN00000080,CLI000976,2023-05-04,FATURA,2525.86,10,BA-CORE-01,BR,BR-1030884438
TXN00000081,CLI000829,2023-08-18,PAGAMENTO,2779.41,00,RJ-CORE-01,BR,BR-1252860896
TXN00000082,CLI001088,2023-06-06,AJUSTE,2330.58,02,MG-CORE-01,BR,BR-2419179580
TXN00000083,CLI000515,2023-08-06,ESTORNO,-3488.28,02,RJ-CORE-01,BR,BR-3208283728
TXN00000084,CLI000380,2023-03-03,AJUSTE,2530.07,02,SP-CORE-01,BR,BR-3084839399
TXN00000085,CLI000580,2023-04-21,AJUSTE,2590.34,02,BA-CORE-01,BR,BR-3315992115
TXN00000086,CLI000029,2023-04-10,FATURA,1050.94,02,SP-CORE-02,BR,BR-7769777475
TXN00000087,CLI000259,2023-05-21,AJUSTE,178.39,00,BA-CORE-01,BR,BR-2748309234
TXN00000088,CLI000903,2023-02-22,PAGAMENTO,3057.06,02,MG-CORE-01,BR,BR-1405126228
TXN00000089,CLI000821,2023-04-05,ESTORNO,3379.93,02,MG-CORE-01,BR,BR-8125276666
TXN00000090,CLI001153,2023-02-07,PAGAMENTO,2028.03,00,SP-CORE-02,BR,BR-6816663775
TXN00000091,CLI000463,2023-02-13,ESTORNO,3478.84,00,BA-CORE-01,BR,BR-7060638140
TXN00000092,CLI000626,2023-08-19,PAGAMENTO,3181.6,02,BA-CORE-01,BR,BR-9822598054
TXN00000093,CLI000542,2023-11-09,FATURA,3361.18,00,SP-CORE-02,BR,BR-3775320897
TXN00000094,CLI000837,2023-03-22,FATURA,854.73,00,SP-CORE-02,BR,BR-5555296751
TXN00000095,CLI000591,2023-12-19,PAGAMENTO,2086.46,02,SP-CORE-01,BR,BR-8422620843
TXN00000096,CLI000406,2023-12-26,ESTORNO,3011.43,00,SP-CORE-02,BR,BR-1469306919
TXN00000097,CLI000147,2023-02-28,PAGAMENTO,1915.08,01,RJ-CORE-01,BR,BR-1822873088
TXN00000098,CLI000960,2023-03-26,FATURA,2778.35,02,MG-CORE-01,BR,BR-7598297060
TXN00000099,CLI000165,2023-12-25,ESTORNO,-1420.73,02,BA-CORE-01,BR,BR-5897045684
TXN00000100,CLI000469,2023-08-10,FATURA,2576.18,02,SP-CORE-01,BR,BR-6083042422
TXN00000101,CLI001063,2023-12-11,FATURA,2878.55,00,SP-CORE-02,BR,BR-2986972437
TXN00000102,CLI000963,2023-05-23,PAGAMENTO,651.58,10,MG-CORE-01,BR,BR-5618742930
TXN00000103,CLI001015,2023-07-29,ESTORNO,-1179.91,00,SP-CORE-02,BR,BR-1420514789
TXN00000104,CLI000663,2023-12-06,ESTORNO,-3309.27,00,MG-CORE-01,BR,BR-2015242176
TXN00000105,CLI000847,2023-07-26,FATURA,3029.89,00,BA-CORE-01,BR,BR-7040502394
TXN00000106,CLI000417,2023-04-07,FATURA,1824.17,10,MG-CORE-01,BR,BR-3067418686
TXN00000107,CLI000491,2023-10-09,ESTORNO,-475.93,02,MG-CORE-01,BR,BR-9008612465
TXN00000108,CLI000233,2023-06-09,AJUSTE,1936.92,10,SP-CORE-01,BR,BR-4875962612
TXN00000109,CLI001043,2023-03-02,PAGAMENTO,2274.03,01,MG-CORE-01,BR,BR-6002078344
TXN00000110,CLI000786,2023-08-01,ESTORNO,2924.84,10,SP-CORE-02,BR,BR-6971815972
TXN00000111,CLI000850,2023-11-03,AJUSTE,1788.68,01,SP-CORE-01,BR,BR-8667072205
TXN00000112,CLI001188,2023-09-17,ESTORNO,949.76,00,RJ-CORE-01,BR,BR-6520103410
TXN00000113,CLI001131,2023-03-18,PAGAMENTO,1573.98,10,RJ-CORE-01,BR,BR-3090237817
TXN00000114,CLI000785,2023-08-22,PAGAMENTO,3266.33,01,SP-CORE-02,BR,BR-6110572428
TXN00000115,CLI000312,2023-07-30,AJUSTE,171.89,10,MG-CORE-01,BR,BR-9841118422
TXN00000116,CLI000205,2023-01-19,PAGAMENTO,459.34,02,SP-CORE-01,BR,BR-9851745355
TXN00000117,CLI000962,2023-01-08,PAGAMENTO,2534.1,10,SP-CORE-02,BR,BR-2346922426
TXN00000118,CLI001093,2023-06-23,ESTORNO,2188.94,10,SP-CORE-01,BR,BR-9805294274
TXN00000119,CLI000141,2023-06-12,PAGAMENTO,2201.26,10,BA-CORE-01,BR,BR-3281169403
TXN00000120,CLI000889,2023-11-20,AJUSTE,2401.71,02,SP-CORE-02,BR,BR-3181106786
TXN00000121,CLI000614,2023-11-21,FATURA,2469.54,00,MG-CORE-01,BR,BR-4656488400
TXN00000122,CLI000768,2023-01-24,FATURA,1148.82,00,RJ-CORE-01,BR,BR-9884231465
TXN00000123,CLI000349,2023-03-16,PAGAMENTO,869.81,10,BA-CORE-01,BR,BR-9881824272
TXN00000124,CLI001020,2023-02-10,AJUSTE,2141.03,10,BA-CORE-01,BR,BR-4701485292
TXN00000125,CLI000020,2023-04-29,AJUSTE,1624.8,02,MG-CORE-01,BR,BR-2734202799
TXN00000126,CLI000708,2023-05-28,PAGAMENTO,2378.09,01,SP-CORE-01,BR,BR-3446737272
TXN00000127,CLI000788,2023-11-24,ESTORNO,-3367.86,02,MG-CORE-01,BR,BR-9760623742
TXN00000128,CLI000605,2023-02-24,PAGAMENTO,845.48,02,BA-CORE-01,BR,BR-5647083348
TXN00000129,CLI001018,2023-12-04,FATURA,1397.4,00,BA-CORE-01,BR,BR-2119980130
TXN00000130,CLI000281,2023-04-28,ESTORNO,2132.59,02,SP-CORE-02,BR,BR-2349409434
TXN00000131,CLI001187,2023-11-18,FATURA,2269.27,02,MG-CORE-01,BR,BR-6435772945
TXN00000132,CLI000271,2023-03-09,ESTORNO,-333.66,02,RJ-CORE-01,BR,BR-8067372072
TXN00000133,CLI000987,2023-09-29,ESTORNO,1766.25,02,SP-CORE-02,BR,BR-7258731893
TXN00000134,CLI000463,2023-06-23,ESTORNO,2818.73,10,SP-CORE-01,BR,BR-5018948187
TXN00000135,CLI001099,2023-10-13,PAGAMENTO,1292.9,10,SP-CORE-01,BR,BR-5334976883
TXN00000136,CLI000761,2023-08-21,FATURA,1302.68,02,BA-CORE-01,BR,BR-1429416213
TXN00000137,CLI000672,2023-12-12,FATURA,833.7,00,BA-CORE-01,BR,BR-3309122187
TXN00000138,CLI000239,2023-11-28,AJUSTE,240.0,10,RJ-CORE-01,BR,BR-7467725516
TXN00000139,CLI000200,2023-01-24,AJUSTE,3312.99,02,MG-CORE-01,BR,BR-6344160868
TXN00000140,CLI000859,2023-10-03,AJUSTE,492.11,10,RJ-CORE-01,BR,BR-2224011538
TXN00000141,CLI000573,2023-08-01,AJUSTE,2299.13,10,BA-CORE-01,BR,BR-3271782991
TXN00000142,CLI000743,2023-12-20,FATURA,1309.44,10,MG-CORE-01,BR,BR-7676965974
TXN00000143,CLI000566,2023-12-18,FATURA,1298.33,02,SP-CORE-01,BR,BR-4771526597
TXN00000144,CLI000044,2023-03-04,AJUSTE,3322.56,10,SP-CORE-01,BR,BR-2135872495
TXN00000145,CLI000141,2023-06-20,FATURA,867.62,01,BA-CORE-01,BR,BR-4821286999
TXN00000146,CLI000006,2023-10-28,AJUSTE,771.51,01,RJ-CORE-01,BR,BR-5962610986
TXN00000147,CLI000053,2023-03-16,ESTORNO,3456.6,02,SP-CORE-02,BR,BR-2472659626
TXN00000148,CLI000033,2023-01-08,AJUSTE,1266.68,01,BA-CORE-01,BR,BR-8958199946
TXN00000149,CLI000131,2023-05-16,AJUSTE,202.35,10,BA-CORE-01,BR,BR-7465682673
TXN00000150,CLI000454,2023-08-18,PAGAMENTO,2727.5,00,MG-CORE-01,BR,BR-1218179599
TXN00000151,CLI000981,2023-12-04,FATURA,1834.65,10,SP-CORE-01,BR,BR-8019198243
TXN00000152,CLI000166,2023-08-07,PAGAMENTO,2407.62,10,MG-CORE-01,BR,BR-8856990236
TXN00000153,CLI001124,2023-11-08,ESTORNO,536.2,01,RJ-CORE-01,BR,BR-1189351213
TXN00000154,CLI000204,2023-07-15,ESTORNO,3481.3,02,MG-CORE-01,BR,BR-9503167458
TXN00000155,CLI000468,2023-12-02,FATURA,2285.19,01,MG-CORE-01,BR,BR-8325785916
TXN00000156,CLI000641,2023-06-23,PAGAMENTO,2899.42,10,MG-CORE-01,BR,BR-3409076656
TXN00000157,CLI000138,2023-06-10,PAGAMENTO,2334.58,02,SP-CORE-02,BR,BR-1480494664
TXN00000158,CLI001140,2023-02-13,FATURA,344.44,00,RJ-CORE-01,BR,BR-3373077218
TXN00000159,CLI000725,2023-10-28,FATURA,3349.05,02,SP-CORE-01,BR,BR-2845919895
TXN00000160,CLI001184,2023-01-27,PAGAMENTO,3390.03,02,RJ-CORE-01,BR,BR-5474620894
TXN00000161,CLI001140,2023-03-21,AJUSTE,2305.44,01,SP-CORE-01,BR,BR-2536778950
TXN00000162,CLI001141,2023-02-28,ESTORNO,2673.87,01,MG-CORE-01,BR,BR-3929454134
TXN00000163,CLI000560,2023-11-08,FATURA,3253.21,02,SP-CORE-01,BR,BR-3864457210
TXN00000164,CLI000143,2023-06-23,ESTORNO,1241.56,01,SP-CORE-02,BR,BR-9051829827
TXN00000165,CLI000771,2023-11-21,AJUSTE,3401.9,00,BA-CORE-01,BR,BR-4218981849
TXN00000166,CLI001163,2023-08-21,PAGAMENTO,1206.32,02,RJ-CORE-01,BR,BR-2770791023
TXN00000167,CLI000908,2023-01-27,FATURA,561.42,00,SP-CORE-01,BR,BR-9265609985
TXN00000168,CLI001050,2023-09-06,PAGAMENTO,2132.62,10,RJ-CORE-01,BR,BR-6360837474
TXN00000169,CLI001080,2023-06-26,FATURA,1516.1,02,BA-CORE-01,BR,BR-4011966884
TXN00000170,CLI000433,2023-01-24,ESTORNO,-787.4,00,SP-CORE-01,BR,BR-3021598245
TXN00000171,CLI000882,2023-05-11,AJUSTE,1027.28,00,SP-CORE-01,BR,BR-9239688178
TXN00000172,CLI000726,2023-03-08,AJUSTE,1343.12,01,BA-CORE-01,BR,BR-6796738787
TXN00000173,CLI000942,2023-07-23,FATURA,3018.94,00,MG-CORE-01,BR,BR-4742303947
TXN00000174,CLI000236,2023-06-10,FATURA,2023.64,10,MG-CORE-01,BR,BR-1957449367
TXN00000175,CLI000742,2023-01-11,PAGAMENTO,3382.37,01,BA-CORE-01,BR,BR-3834820954
TXN00000176,CLI000821,2023-08-12,FATURA,2958.81,01,MG-CORE-01,BR,BR-7006365648
TXN00000177,CLI000345,2023-07-22,FATURA,3049.42,02,SP-CORE-02,BR,BR-8616379926
TXN00000178,CLI000303,2023-09-19,FATURA,2223.62,01,RJ-CORE-01,BR,BR-7482848011
TXN00000179,CLI000314,2023-02-22,AJUSTE,529.63,01,SP-CORE-02,BR,BR-1118543408
TXN00000180,CLI001187,2023-04-01,FATURA,3330.5,10,MG-CORE-01,BR,BR-2121910732
TXN00000181,CLI000901,2023-12-15,PAGAMENTO,3236.06,02,RJ-CORE-01,BR,BR-9519284858
TXN00000182,CLI000116,2023-08-29,FATURA,1558.88,02,RJ-CORE-01,BR,BR-1164313410
TXN00000183,CLI000588,2023-09-17,ESTORNO,-278.18,10,MG-CORE-01,BR,BR-7857221324
TXN00000184,CLI001039,2023-11-27,FATURA,3027.59,00,BA-CORE-01,BR,BR-8672650595
TXN00000185,CLI000386,2023-08-25,PAGAMENTO,2039.55,00,MG-CORE-01,BR,BR-5791662169
TXN00000186,CLI000704,2023-11-06,ESTORNO,-1675.19,01,SP-CORE-01,BR,BR-6111349421
TXN00000187,CLI000900,2023-09-16,FATURA,2268.52,00,SP-CORE-02,BR,BR-9780573290
TXN00000188,CLI000693,2023-07-06,AJUSTE,1317.52,02,MG-CORE-01,BR,BR-2872852789
TXN00000189,CLI001143,2023-11-20,FATURA,2272.62,00,RJ-CORE-01,BR,BR-6141226746
TXN00000190,CLI001194,2023-05-26,PAGAMENTO,896.95,01,RJ-CORE-01,BR,BR-2852408227
TXN00000191,CLI000174,2023-06-29,AJUSTE,1099.61,10,SP-CORE-02,BR,BR-9249648005
TXN00000192,CLI000868,2023-10-14,ESTORNO,-1330.84,02,SP-CORE-02,BR,BR-7971399399
TXN00000193,CLI000996,2023-01-10,ESTORNO,1281.84,01,SP-CORE-02,BR,BR-9160639027
TXN00000194,CLI000208,2023-04-26,AJUSTE,3499.92,01,SP-CORE-01,BR,BR-7473041886
TXN00000195,CLI000316,2023-12-05,FATURA,1191.94,01,BA-CORE-01,BR,BR-8159250505
TXN00000196,CLI000842,2023-04-03,AJUSTE,2913.08,01,MG-CORE-01,BR,BR-6695912196
TXN00000197,CLI000920,2023-12-13,ESTORNO,2524.16,10,BA-CORE-01,BR,BR-8289454630
TXN00000198,CLI001169,2023-10-01,AJUSTE,852.31,10,SP-CORE-02,BR,BR-3381183483
TXN00000199,CLI000858,2023-08-25,PAGAMENTO,2697.65,10,BA-CORE-01,BR,BR-6118914230
TXN00000200,CLI000985,2023-04-13,AJUSTE,2808.38,01,RJ-CORE-01,BR,BR-7739255769
TXN00000201,CLI000559,2023-10-11,ESTORNO,3271.34,00,RJ-CORE-01,BR,BR-4580822352
TXN00000202,CLI000924,2023-09-20,PAGAMENTO,532.77,10,SP-CORE-01,BR,BR-6600100279
TXN00000203,CLI000168,2023-01-14,ESTORNO,-1463.84,10,BA-CORE-01,BR,BR-6197695041
TXN00000204,CLI000588,2023-04-25,ESTORNO,-118.09,00,RJ-CORE-01,BR,BR-6679017210
TXN00000205,CLI000163,2023-12-23,PAGAMENTO,387510.88,4F,SANTOS-PORT-07,LU,OFFSHORE-379176OO
TXN00000206,CLI001081,2023-05-12,FATURA,770.48,01,BA-CORE-01,BR,BR-3472487690
TXN00000207,CLI000098,2023-02-26,PAGAMENTO,2721.08,01,RJ-CORE-01,BR,BR-6944142262
TXN00000208,CLI001024,2023-08-03,AJUSTE,2243.55,10,SP-CORE-01,BR,BR-2716495971
TXN00000209,CLI000880,2023-11-20,FATURA,1813.51,01,SP-CORE-02,BR,BR-3953315788
TXN00000210,CLI001073,2023-11-11,FATURA,1247.8,10,SP-CORE-02,BR,BR-4803044105
TXN00000211,CLI000793,2023-02-04,ESTORNO,-3337.84,00,MG-CORE-01,BR,BR-8638257497
TXN00000212,CLI000213,2023-05-10,ESTORNO,-2620.66,02,SP-CORE-01,BR,BR-1939915527
TXN00000213,CLI000981,2023-03-10,ESTORNO,174.29,02,SP-CORE-02,BR,BR-2995226582
TXN00000214,CLI000413,2023-03-11,AJUSTE,239.59,10,SP-CORE-01,BR,BR-3394039673
TXN00000215,CLI000816,2023-04-13,FATURA,3102.55,02,RJ-CORE-01,BR,BR-5816198518
TXN00000216,CLI000098,2023-05-10,PAGAMENTO,147.44,01,RJ-CORE-01,BR,BR-8995059760
TXN00000217,CLI000792,2023-05-20,ESTORNO,453.17,02,MG-CORE-01,BR,BR-7228002201
TXN00000218,CLI000170,2023-04-06,ESTORNO,263595.19,4F,SANTOS-PORT-07,LU,OFFSHORE-623166YH
TXN00000219,CLI000658,2023-02-10,PAGAMENTO,1518.51,01,BA-CORE-01,BR,BR-7296096954
TXN00000220,CLI000873,2023-02-10,FATURA,1161.16,02,RJ-CORE-01,BR,BR-1267429212
TXN00000221,CLI000891,2023-12-20,AJUSTE,1564.8,10,SP-CORE-01,BR,BR-8872207630
TXN00000222,CLI000328,2023-11-24,ESTORNO,-3430.49,00,SP-CORE-01,BR,BR-7767538527
TXN00000223,CLI000138,2023-03-15,FATURA,2973.37,10,SP-CORE-01,BR,BR-3048612358
TXN00000224,CLI000315,2023-11-27,AJUSTE,1294.82,10,BA-CORE-01,BR,BR-9344011888
TXN00000225,CLI001085,2023-07-09,PAGAMENTO,1314.61,00,BA-CORE-01,BR,BR-8884394611
TXN00000226,CLI000382,2023-07-23,ESTORNO,-1114.06,02,SP-CORE-02,BR,BR-4856070374
TXN00000227,CLI000914,2023-09-23,PAGAMENTO,1366.72,00,RJ-CORE-01,BR,BR-3096929657
TXN00000228,CLI000278,2023-11-10,AJUSTE,1013.81,10,SP-CORE-02,BR,BR-6467215542
TXN00000229,CLI000712,2023-08-20,FATURA,620.84,10,SP-CORE-01,BR,BR-3085816511
TXN00000230,CLI000741,2023-10-09,FATURA,1906.76,02,SP-CORE-02,BR,BR-6965096268
TXN00000231,CLI000054,2023-03-04,AJUSTE,3448.26,01,SP-CORE-02,BR,BR-8722962486
TXN00000232,CLI000177,2023-10-11,ESTORNO,2011.53,10,BA-CORE-01,BR,BR-4110335359
TXN00000233,CLI000839,2023-06-08,FATURA,1405.6,10,BA-CORE-01,BR,BR-8904911624
TXN00000234,CLI001060,2023-03-06,FATURA,3403.88,00,MG-CORE-01,BR,BR-4949401194
TXN00000235,CLI000114,2023-03-07,ESTORNO,3075.3,01,SP-CORE-02,BR,BR-3294043548
TXN00000236,CLI000462,2023-09-23,FATURA,552.49,01,SP-CORE-02,BR,BR-9190197115
TXN00000237,CLI001129,2023-09-23,ESTORNO,3134.34,00,RJ-CORE-01,BR,BR-3847562279
TXN00000238,CLI001190,2023-03-06,ESTORNO,2195.08,00,BA-CORE-01,BR,BR-9950486177
TXN00000239,CLI000059,2023-03-29,AJUSTE,2312.39,02,BA-CORE-01,BR,BR-2840877826
TXN00000240,CLI000854,2023-01-24,FATURA,3320.94,02,SP-CORE-02,BR,BR-9018065507
TXN00000241,CLI000502,2023-09-12,FATURA,3113.71,02,RJ-CORE-01,BR,BR-1780520225
TXN00000242,CLI000852,2023-06-02,PAGAMENTO,1598.33,00,SP-CORE-02,BR,BR-6412330148
TXN00000243,CLI000708,2023-08-26,PAGAMENTO,730.0,01,RJ-CORE-01,BR,BR-2405969000
TXN00000244,CLI000956,2023-03-08,PAGAMENTO,2667.11,00,RJ-CORE-01,BR,BR-7247886041
TXN00000245,CLI000787,2023-05-17,FATURA,-246350.52,9A,SANTOS-PORT-07,KY,OFFSHORE-923271KY
TXN00000246,CLI000641,2023-05-08,PAGAMENTO,3370.15,01,RJ-CORE-01,BR,BR-6231117883
TXN00000247,CLI001019,2023-03-23,AJUSTE,1753.96,10,MG-CORE-01,BR,BR-8299146480
TXN00000248,CLI001195,2023-02-16,FATURA,3309.41,10,SP-CORE-02,BR,BR-8588769565
TXN00000249,CLI000017,2023-01-25,ESTORNO,-195.88,10,BA-CORE-01,BR,BR-4518871744
TXN00000250,CLI000750,2023-08-09,FATURA,486.09,02,RJ-CORE-01,BR,BR-9438411468
TXN00000251,CLI000592,2023-07-25,FATURA,198.03,01,RJ-CORE-01,BR,BR-9410288290
TXN00000252,CLI000244,2023-07-17,FATURA,1774.81,02,BA-CORE-01,BR,BR-4070964768
TXN00000253,CLI000296,2023-02-19,AJUSTE,1390.78,02,BA-CORE-01,BR,BR-9916336966
TXN00000254,CLI000281,2023-11-05,AJUSTE,1791.75,00,SP-CORE-01,BR,BR-3693985578
TXN00000255,CLI000653,2023-08-31,ESTORNO,-1827.28,01,BA-CORE-01,BR,BR-8612747444
TXN00000256,CLI001039,2023-07-21,AJUSTE,3467.34,02,BA-CORE-01,BR,BR-4361393222
TXN00000257,CLI000679,2023-12-29,PAGAMENTO,1978.98,10,SP-CORE-01,BR,BR-2591589823
TXN00000258,CLI000544,2023-08-02,FATURA,2051.28,00,BA-CORE-01,BR,BR-2465576748
TXN00000259,CLI000779,2023-01-27,AJUSTE,2050.66,01,BA-CORE-01,BR,BR-8943866829
TXN00000260,CLI000904,2023-12-15,AJUSTE,862.84,00,SP-CORE-02,BR,BR-8826851692
TXN00000261,CLI000966,2023-08-03,ESTORNO,136029.57,9A,SANTOS-PORT-07,LU,OFFSHORE-473799DN
TXN00000262,CLI000980,2023-12-28,FATURA,500.53,01,BA-CORE-01,BR,BR-8164814926
TXN00000263,CLI000726,2023-06-10,PAGAMENTO,433973.63,4F,SANTOS-PORT-07,PA,OFFSHORE-678377KA
TXN00000264,CLI000610,2023-11-09,ESTORNO,-1704.95,01,RJ-CORE-01,BR,BR-1074059253
TXN00000265,CLI000561,2023-12-27,ESTORNO,-741.33,10,RJ-CORE-01,BR,BR-2263732197
TXN00000266,CLI000300,2023-03-04,ESTORNO,2015.7,10,MG-CORE-01,BR,BR-6339955011
TXN00000267,CLI000982,2023-01-22,ESTORNO,1020.95,00,RJ-CORE-01,BR,BR-6879898071
TXN00000268,CLI000282,2023-04-14,AJUSTE,2901.27,02,BA-CORE-01,BR,BR-6771394050
TXN00000269,CLI001088,2023-11-12,FATURA,2598.3,01,SP-CORE-02,BR,BR-7658867789
TXN00000270,CLI000968,2023-11-23,AJUSTE,830.27,00,MG-CORE-01,BR,BR-7243788374
TXN00000271,CLI000834,2023-12-15,FATURA,2702.27,00,BA-CORE-01,BR,BR-6611903015
TXN00000272,CLI000122,2023-09-02,PAGAMENTO,2283.87,02,RJ-CORE-01,BR,BR-1990153355
TXN00000273,CLI000361,2023-11-30,FATURA,2017.98,00,SP-CORE-02,BR,BR-4097892639
TXN00000274,CLI000019,2023-07-23,FATURA,2762.1,01,RJ-CORE-01,BR,BR-2355268102
TXN00000275,CLI001113,2023-10-18,ESTORNO,2117.68,02,RJ-CORE-01,BR,BR-3964229896
TXN00000276,CLI000231,2023-03-10,PAGAMENTO,2981.69,10,RJ-CORE-01,BR,BR-1822662216
TXN00000277,CLI000605,2023-03-25,ESTORNO,2564.29,02,SP-CORE-02,BR,BR-8467250120
TXN00000278,CLI000672,2023-03-31,AJUSTE,2146.12,10,MG-CORE-01,BR,BR-7858164010
TXN00000279,CLI000663,2023-07-25,FATURA,2349.01,01,SP-CORE-02,BR,BR-5211261115
TXN00000280,CLI000676,2023-01-04,AJUSTE,927.53,01,MG-CORE-01,BR,BR-4576111591
TXN00000281,CLI000128,2023-10-26,ESTORNO,2535.63,00,RJ-CORE-01,BR,BR-2272368870
TXN00000282,CLI000241,2023-08-27,FATURA,1087.69,10,BA-CORE-01,BR,BR-2549972386
TXN00000283,CLI000766,2023-07-08,ESTORNO,-2158.9,01,SP-CORE-02,BR,BR-2298229437
TXN00000284,CLI000507,2023-12-26,PAGAMENTO,1931.34,10,BA-CORE-01,BR,BR-5838636972
TXN00000285,CLI000230,2023-09-27,FATURA,1574.68,02,SP-CORE-01,BR,BR-9824122054
TXN00000286,CLI000307,2023-10-08,FATURA,3162.05,01,BA-CORE-01,BR,BR-5054834021
TXN00000287,CLI001195,2023-06-17,AJUSTE,2993.61,10,SP-CORE-01,BR,BR-8528185058
TXN00000288,CLI000271,2023-02-16,PAGAMENTO,3148.13,10,SP-CORE-01,BR,BR-9642614082
TXN00000289,CLI000811,2023-08-22,PAGAMENTO,1982.41,10,RJ-CORE-01,BR,BR-6516195409
TXN00000290,CLI000131,2023-01-02,ESTORNO,-2615.4,00,SP-CORE-01,BR,BR-7351029162
TXN00000291,CLI000838,2023-02-05,FATURA,3451.76,10,SP-CORE-01,BR,BR-2463320861
TXN00000292,CLI000919,2023-03-11,AJUSTE,2685.08,10,RJ-CORE-01,BR,BR-5146780827
TXN00000293,CLI000366,2023-07-12,PAGAMENTO,299.27,01,RJ-CORE-01,BR,BR-8996039244
TXN00000294,CLI000612,2023-09-28,PAGAMENTO,463.17,01,SP-CORE-01,BR,BR-5575615203
TXN00000295,CLI000471,2023-12-11,PAGAMENTO,2522.45,10,BA-CORE-01,BR,BR-3112035409
TXN00000296,CLI000066,2023-08-24,AJUSTE,1224.64,02,SP-CORE-02,BR,BR-3948284698
TXN00000297,CLI000138,2023-11-11,PAGAMENTO,2685.87,00,SP-CORE-02,BR,BR-1651662547
TXN00000298,CLI000824,2023-11-01,FATURA,136.85,00,SP-CORE-02,BR,BR-9371430906
TXN00000299,CLI000593,2023-04-30,PAGAMENTO,1898.36,00,SP-CORE-02,BR,BR-2065972034
TXN00000300,CLI000294,2023-10-22,AJUSTE,1129.78,02,SP-CORE-02,BR,BR-3656086594
TXN00000301,CLI000359,2023-07-31,AJUSTE,1065.74,00,BA-CORE-01,BR,BR-6928678489
TXN00000302,CLI000653,2023-10-12,PAGAMENTO,1744.76,02,MG-CORE-01,BR,BR-9196963901
TXN00000303,CLI000970,2023-07-29,PAGAMENTO,539.28,10,SP-CORE-02,BR,BR-7136777415
TXN00000304,CLI001152,2023-04-26,AJUSTE,1066.56,01,MG-CORE-01,BR,BR-9848621776
TXN00000305,CLI000523,2023-08-02,PAGAMENTO,1959.36,01,MG-CORE-01,BR,BR-4275930923
TXN00000306,CLI001097,2023-06-19,AJUSTE,2270.54,10,RJ-CORE-01,BR,BR-3686566602
TXN00000307,CLI001145,2023-01-27,AJUSTE,954.25,00,SP-CORE-01,BR,BR-1348697524
TXN00000308,CLI000434,2023-09-03,AJUSTE,746.93,02,RJ-CORE-01,BR,BR-2030213097
TXN00000309,CLI000419,2023-03-02,AJUSTE,2619.14,10,SP-CORE-02,BR,BR-3370788647
TXN00000310,CLI001093,2023-05-03,PAGAMENTO,1941.24,02,MG-CORE-01,BR,BR-1672302490
TXN00000311,CLI000962,2023-06-07,ESTORNO,930.23,10,MG-CORE-01,BR,BR-7049536909
TXN00000312,CLI000299,2023-04-15,ESTORNO,1310.05,10,SP-CORE-01,BR,BR-7313226025
TXN00000313,CLI000402,2023-05-14,FATURA,1945.52,10,RJ-CORE-01,BR,BR-1140187131
TXN00000314,CLI000692,2023-04-28,ESTORNO,1341.84,01,MG-CORE-01,BR,BR-8986950095
TXN00000315,CLI000722,2023-09-08,ESTORNO,3383.45,10,MG-CORE-01,BR,BR-9895649328
TXN00000316,CLI000121,2023-03-13,AJUSTE,2526.69,10,SP-CORE-02,BR,BR-6144594354
TXN00000317,CLI000282,2023-02-08,FATURA,3309.25,00,SP-CORE-01,BR,BR-1610900200
TXN00000318,CLI000934,2023-02-04,AJUSTE,2480.95,00,SP-CORE-02,BR,BR-1256143439
TXN00000319,CLI001130,2023-01-31,ESTORNO,-2170.07,10,MG-CORE-01,BR,BR-8699281063
TXN00000320,CLI000036,2023-01-07,PAGAMENTO,78.21,02,BA-CORE-01,BR,BR-9251459094
TXN00000321,CLI000494,2023-04-02,PAGAMENTO,392.42,00,BA-CORE-01,BR,BR-2886149718
TXN00000322,CLI000162,2023-11-14,AJUSTE,1852.07,02,RJ-CORE-01,BR,BR-7614170462
TXN00000323,CLI000166,2023-07-27,ESTORNO,1617.31,01,SP-CORE-02,BR,BR-2880160025
TXN00000324,CLI000115,2023-02-17,FATURA,1430.37,10,BA-CORE-01,BR,BR-3568547910
TXN00000325,CLI001159,2023-12-26,FATURA,616.41,10,MG-CORE-01,BR,BR-9115009532
TXN00000326,CLI000974,2023-09-28,FATURA,3218.65,01,SP-CORE-02,BR,BR-8449766493
TXN00000327,CLI000368,2023-01-24,ESTORNO,3236.07,02,BA-CORE-01,BR,BR-7887897660
TXN00000328,CLI001155,2023-01-09,ESTORNO,-3365.91,01,MG-CORE-01,BR,BR-1111088881
TXN00000329,CLI000787,2023-10-18,AJUSTE,2924.58,10,BA-CORE-01,BR,BR-8822944679
TXN00000330,CLI000896,2023-12-19,AJUSTE,2540.09,02,SP-CORE-01,BR,BR-3474961963
TXN00000331,CLI000560,2023-02-08,AJUSTE,1205.26,10,RJ-CORE-01,BR,BR-6047405755
TXN00000332,CLI001200,2023-09-09,PAGAMENTO,813.92,10,MG-CORE-01,BR,BR-2194673401
TXN00000333,CLI000169,2023-02-13,PAGAMENTO,2707.14,02,SP-CORE-02,BR,BR-8792122716
TXN00000334,CLI000188,2023-03-20,ESTORNO,-1342.4,01,MG-CORE-01,BR,BR-5162060546
TXN00000335,CLI000179,2023-06-07,FATURA,1567.68,02,SP-CORE-01,BR,BR-7313646580
TXN00000336,CLI000184,2023-08-09,AJUSTE,1581.98,10,SP-CORE-01,BR,BR-7048809022
TXN00000337,CLI000795,2023-10-11,ESTORNO,-343.86,02,MG-CORE-01,BR,BR-5985704790
TXN00000338,CLI000348,2023-10-14,FATURA,3170.12,01,BA-CORE-01,BR,BR-7422990551
TXN00000339,CLI000299,2023-03-28,PAGAMENTO,503.16,02,RJ-CORE-01,BR,BR-5452580287
TXN00000340,CLI000158,2023-03-27,FATURA,1532.67,10,RJ-CORE-01,BR,BR-5673181221
TXN00000341,CLI000220,2023-05-09,ESTORNO,-3305.89,10,BA-CORE-01,BR,BR-6379012098
TXN00000342,CLI000779,2023-06-05,AJUSTE,43.55,10,RJ-CORE-01,BR,BR-8613035386
TXN00000343,CLI000412,2023-08-14,ESTORNO,1184.88,01,RJ-CORE-01,BR,BR-9594878379
TXN00000344,CLI001006,2023-06-10,PAGAMENTO,638.18,10,RJ-CORE-01,BR,BR-7279140605
TXN00000345,CLI001155,2023-06-16,AJUSTE,1328.67,10,RJ-CORE-01,BR,BR-1232804774
TXN00000346,CLI000946,2023-10-31,AJUSTE,3490.48,01,BA-CORE-01,BR,BR-7521647547
TXN00000347,CLI000286,2023-08-13,AJUSTE,2795.95,00,MG-CORE-01,BR,BR-1221670908
TXN00000348,CLI000982,2023-05-04,ESTORNO,-899.33,01,MG-CORE-01,BR,BR-6532043071
TXN00000349,CLI000737,2023-10-01,PAGAMENTO,1783.01,10,BA-CORE-01,BR,BR-3081821325
TXN00000350,CLI000091,2023-02-25,FATURA,2695.96,02,SP-CORE-02,BR,BR-4433026356
TXN00000351,CLI000202,2023-06-19,PAGAMENTO,3380.69,10,SP-CORE-01,BR,BR-4048494026
TXN00000352,CLI001025,2023-04-24,ESTORNO,-1797.15,01,MG-CORE-01,BR,BR-9648665968
TXN00000353,CLI000852,2023-06-26,AJUSTE,3492.01,10,SP-CORE-01,BR,BR-2752306681
TXN00000354,CLI000703,2023-03-01,FATURA,2912.99,01,RJ-CORE-01,BR,BR-5782279101
TXN00000355,CLI000898,2023-04-16,PAGAMENTO,1833.48,02,MG-CORE-01,BR,BR-5067594934
TXN00000356,CLI000703,2023-06-13,PAGAMENTO,-104854.51,9A,SANTOS-PORT-07,PA,OFFSHORE-465840UE
TXN00000357,CLI001131,2023-12-13,FATURA,2804.17,01,BA-CORE-01,BR,BR-5933179746
TXN00000358,CLI000378,2023-06-19,AJUSTE,1968.27,10,SP-CORE-02,BR,BR-7608153267
TXN00000359,CLI000405,2023-11-24,AJUSTE,2307.43,10,SP-CORE-01,BR,BR-6777263354
TXN00000360,CLI000571,2023-10-31,PAGAMENTO,1514.84,00,SP-CORE-02,BR,BR-7628981661
TXN00000361,CLI000404,2023-10-23,FATURA,374.1,01,RJ-CORE-01,BR,BR-3995732958
TXN00000362,CLI000796,2023-02-28,PAGAMENTO,932.99,10,BA-CORE-01,BR,BR-7750819485
TXN00000363,CLI000354,2023-10-28,PAGAMENTO,417.53,02,MG-CORE-01,BR,BR-8625905455
TXN00000364,CLI000240,2023-11-11,ESTORNO,-2073.79,01,RJ-CORE-01,BR,BR-5482431018
TXN00000365,CLI000283,2023-07-11,AJUSTE,2433.16,10,MG-CORE-01,BR,BR-8493451569
TXN00000366,CLI001003,2023-08-05,PAGAMENTO,666.42,01,BA-CORE-01,BR,BR-8779941999
TXN00000367,CLI000020,2023-03-13,ESTORNO,671.1,10,BA-CORE-01,BR,BR-5212581851
TXN00000368,CLI001014,2023-03-11,PAGAMENTO,699.05,10,BA-CORE-01,BR,BR-1158998032
TXN00000369,CLI000170,2023-12-17,PAGAMENTO,1731.21,10,MG-CORE-01,BR,BR-7829772942
TXN00000370,CLI000592,2023-04-23,FATURA,1036.47,02,SP-CORE-02,BR,BR-4735334423
TXN00000371,CLI000232,2023-08-23,AJUSTE,1988.46,10,BA-CORE-01,BR,BR-2891100776
TXN00000372,CLI000904,2023-05-18,FATURA,2717.39,02,BA-CORE-01,BR,BR-2962491159
TXN00000373,CLI000922,2023-08-06,AJUSTE,376.41,01,RJ-CORE-01,BR,BR-4102872611
TXN00000374,CLI000486,2023-06-28,ESTORNO,3020.45,00,MG-CORE-01,BR,BR-1662976399
TXN00000375,CLI000286,2023-10-29,AJUSTE,2418.18,10,SP-CORE-02,BR,BR-9457665185
TXN00000376,CLI001104,2023-04-16,AJUSTE,-378012.98,4F,SANTOS-PORT-07,PA,OFFSHORE-172400KT
TXN00000377,CLI000548,2023-06-15,AJUSTE,3426.92,02,RJ-CORE-01,BR,BR-5535997538
TXN00000378,CLI000260,2023-03-11,FATURA,3370.45,10,SP-CORE-01,BR,BR-6834555633
TXN00000379,CLI001003,2023-05-08,AJUSTE,528.93,02,SP-CORE-02,BR,BR-2849785671
TXN00000380,CLI000155,2023-10-23,AJUSTE,2220.76,10,MG-CORE-01,BR,BR-1773338452
TXN00000381,CLI001000,2023-07-26,FATURA,1814.33,02,RJ-CORE-01,BR,BR-1751917162
TXN00000382,CLI001095,2023-10-25,ESTORNO,28.61,00,MG-CORE-01,BR,BR-3934040683
TXN00000383,CLI000662,2023-04-22,PAGAMENTO,3389.09,01,MG-CORE-01,BR,BR-3504640817
TXN00000384,CLI000100,2023-06-22,ESTORNO,1924.64,01,BA-CORE-01,BR,BR-6292209057
TXN00000385,CLI000324,2023-02-20,FATURA,2199.1,10,SP-CORE-01,BR,BR-8034746821
TXN00000386,CLI000619,2023-08-22,PAGAMENTO,22.35,10,SP-CORE-02,BR,BR-7268807553
TXN00000387,CLI000762,2023-05-21,AJUSTE,344.82,02,RJ-CORE-01,BR,BR-3864059081
TXN00000388,CLI000187,2023-01-27,AJUSTE,1399.27,02,SP-CORE-02,BR,BR-3347621138
TXN00000389,CLI000464,2023-01-01,FATURA,762.71,00,SP-CORE-02,BR,BR-5612201744
TXN00000390,CLI000271,2023-01-05,PAGAMENTO,48.06,02,SP-CORE-01,BR,BR-9354723429
TXN00000391,CLI000642,2023-02-06,PAGAMENTO,816.74,00,SP-CORE-01,BR,BR-9426850694
TXN00000392,CLI000018,2023-06-03,ESTORNO,497.21,01,SP-CORE-02,BR,BR-8259841263
TXN00000393,CLI000907,2023-08-14,AJUSTE,1242.13,01,SP-CORE-02,BR,BR-2297602688
TXN00000394,CLI000787,2023-02-14,AJUSTE,3140.14,01,SP-CORE-01,BR,BR-9587244082
TXN00000395,CLI000509,2023-08-08,ESTORNO,1114.47,01,SP-CORE-02,BR,BR-8960015186
TXN00000396,CLI000387,2023-12-20,ESTORNO,113.35,02,SP-CORE-02,BR,BR-1458072318
TXN00000397,CLI000231,2023-06-01,PAGAMENTO,2268.67,01,MG-CORE-01,BR,BR-8298348088
TXN00000398,CLI000740,2023-09-13,AJUSTE,2240.53,00,BA-CORE-01,BR,BR-6994940029
TXN00000399,CLI000965,2023-03-09,ESTORNO,1366.2,10,RJ-CORE-01,BR,BR-9624715092
TXN00000400,CLI000082,2023-01-09,FATURA,2064.02,00,RJ-CORE-01,BR,BR-5181592277
TXN00000401,CLI000169,2023-07-23,FATURA,1783.0,10,MG-CORE-01,BR,BR-8495457335
TXN00000402,CLI000319,2023-05-23,AJUSTE,310.92,00,BA-CORE-01,BR,BR-9173043235
TXN00000403,CLI000489,2023-07-20,ESTORNO,2060.8,00,RJ-CORE-01,BR,BR-8739238825
TXN00000404,CLI000113,2023-05-06,FATURA,320.02,10,SP-CORE-01,BR,BR-5464285982
TXN00000405,CLI000024,2023-12-08,ESTORNO,2601.09,01,SP-CORE-01,BR,BR-8682023540
TXN00000406,CLI000260,2023-09-12,AJUSTE,3336.5,02,SP-CORE-02,BR,BR-9733234156
TXN00000407,CLI000131,2023-03-02,ESTORNO,-2704.58,00,RJ-CORE-01,BR,BR-1564409423
TXN00000408,CLI000114,2023-12-31,ESTORNO,3413.18,00,MG-CORE-01,BR,BR-9201789018
TXN00000409,CLI001176,2023-10-18,PAGAMENTO,600.75,01,RJ-CORE-01,BR,BR-2784572192
TXN00000410,CLI000501,2023-04-27,FATURA,2597.91,00,SP-CORE-01,BR,BR-1862407093
TXN00000411,CLI001133,2023-08-30,FATURA,1286.64,01,SP-CORE-02,BR,BR-6001680218
TXN00000412,CLI000160,2023-04-25,PAGAMENTO,1139.87,10,RJ-CORE-01,BR,BR-9350223102
TXN00000413,CLI000095,2023-03-03,ESTORNO,1767.1,00,SP-CORE-02,BR,BR-9033293776
TXN00000414,CLI000177,2023-02-05,PAGAMENTO,3071.93,02,RJ-CORE-01,BR,BR-4454152476
TXN00000415,CLI000497,2023-01-05,PAGAMENTO,1303.84,02,BA-CORE-01,BR,BR-1323408297
TXN00000416,CLI000503,2023-07-08,PAGAMENTO,2079.08,10,SP-CORE-02,BR,BR-7688606771
TXN00000417,CLI000710,2023-01-04,AJUSTE,3264.74,00,SP-CORE-02,BR,BR-2694684834
TXN00000418,CLI000421,2023-06-21,FATURA,25.09,10,RJ-CORE-01,BR,BR-5825776872
TXN00000419,CLI000191,2023-08-03,AJUSTE,1732.26,00,SP-CORE-02,BR,BR-2595467139
TXN00000420,CLI000174,2023-04-29,FATURA,3142.56,10,RJ-CORE-01,BR,BR-3898400928
TXN00000421,CLI001163,2023-09-16,FATURA,484.63,10,SP-CORE-01,BR,BR-3024977737
TXN00000422,CLI000535,2023-08-11,FATURA,2325.3,01,SP-CORE-02,BR,BR-3620283102
TXN00000423,CLI000153,2023-07-21,ESTORNO,-2458.53,02,RJ-CORE-01,BR,BR-3781645815
TXN00000424,CLI000337,2023-03-11,AJUSTE,2734.18,00,SP-CORE-02,BR,BR-8306070814
TXN00000425,CLI000426,2023-08-27,PAGAMENTO,1112.84,00,BA-CORE-01,BR,BR-8083429496
TXN00000426,CLI000624,2023-06-07,PAGAMENTO,1632.45,00,SP-CORE-01,BR,BR-1501119337
TXN00000427,CLI000509,2023-04-21,FATURA,2929.02,02,SP-CORE-02,BR,BR-5454792171
TXN00000428,CLI000829,2023-07-22,ESTORNO,-1806.84,02,RJ-CORE-01,BR,BR-9572442790
TXN00000429,CLI000209,2023-10-12,PAGAMENTO,2623.31,01,SP-CORE-01,BR,BR-1498733671
TXN00000430,CLI000821,2023-03-04,AJUSTE,61.61,01,SP-CORE-02,BR,BR-3308745090
TXN00000431,CLI000154,2023-12-18,ESTORNO,-2213.44,00,BA-CORE-01,BR,BR-6964188417
TXN00000432,CLI000680,2023-02-03,FATURA,708.17,10,SP-CORE-02,BR,BR-7615076397
TXN00000433,CLI000888,2023-01-22,FATURA,3299.14,00,SP-CORE-02,BR,BR-4120719599
TXN00000434,CLI000440,2023-09-12,PAGAMENTO,122.6,10,SP-CORE-02,BR,BR-9097790557
TXN00000435,CLI000504,2023-05-21,AJUSTE,993.89,01,SP-CORE-01,BR,BR-3812868150
TXN00000436,CLI000282,2023-09-13,ESTORNO,-1453.73,10,SP-CORE-01,BR,BR-8875651818
TXN00000437,CLI000784,2023-04-13,PAGAMENTO,2256.43,01,BA-CORE-01,BR,BR-7939173425
TXN00000438,CLI000796,2023-09-03,ESTORNO,1914.92,10,RJ-CORE-01,BR,BR-2201474778
TXN00000439,CLI000967,2023-04-03,ESTORNO,-110.7,01,SP-CORE-01,BR,BR-8259700175
TXN00000440,CLI000546,2023-10-27,ESTORNO,3498.63,01,SP-CORE-01,BR,BR-6228133486
TXN00000441,CLI000361,2023-04-23,FATURA,2023.41,10,RJ-CORE-01,BR,BR-2557724698
TXN00000442,CLI000721,2023-10-31,AJUSTE,1126.66,02,BA-CORE-01,BR,BR-8064477344
TXN00000443,CLI000360,2023-10-16,AJUSTE,3320.32,10,BA-CORE-01,BR,BR-5555027957
TXN00000444,CLI000041,2023-01-20,PAGAMENTO,334.1,01,BA-CORE-01,BR,BR-2184901787
TXN00000445,CLI000364,2023-01-01,PAGAMENTO,1174.43,01,SP-CORE-02,BR,BR-5158416864
TXN00000446,CLI000149,2023-01-31,ESTORNO,96.26,01,SP-CORE-01,BR,BR-8834841054
TXN00000447,CLI000661,2023-12-27,ESTORNO,-3297.89,10,BA-CORE-01,BR,BR-9983668939
TXN00000448,CLI000357,2023-03-22,AJUSTE,2568.59,10,MG-CORE-01,BR,BR-5170814022
TXN00000449,CLI000604,2023-04-25,ESTORNO,2336.05,01,MG-CORE-01,BR,BR-2432410914
TXN00000450,CLI000373,2023-04-01,AJUSTE,2556.33,10,BA-CORE-01,BR,BR-5246953455
TXN00000451,CLI000160,2023-11-10,ESTORNO,-788.72,00,MG-CORE-01,BR,BR-1881351238
TXN00000452,CLI000915,2023-06-27,AJUSTE,3438.68,01,SP-CORE-01,BR,BR-3380304322
TXN00000453,CLI000222,2023-05-16,FATURA,749.7,00,RJ-CORE-01,BR,BR-3518496186
TXN00000454,CLI001010,2023-01-25,FATURA,1363.06,10,SP-CORE-02,BR,BR-6295689007
TXN00000455,CLI000462,2023-06-29,PAGAMENTO,1920.16,00,MG-CORE-01,BR,BR-4325887726
TXN00000456,CLI000653,2023-08-20,AJUSTE,276.51,00,RJ-CORE-01,BR,BR-3559721644
TXN00000457,CLI001121,2023-02-23,ESTORNO,278.22,01,MG-CORE-01,BR,BR-5226368665
TXN00000458,CLI000338,2023-06-23,FATURA,2087.23,10,SP-CORE-01,BR,BR-5241397494
TXN00000459,CLI000839,2023-03-22,PAGAMENTO,99815.62,4F,SANTOS-PORT-07,KY,OFFSHORE-177589RI
TXN00000460,CLI001126,2023-12-05,ESTORNO,-999.7,01,SP-CORE-01,BR,BR-5763350700
TXN00000461,CLI000604,2023-03-20,PAGAMENTO,209.68,00,MG-CORE-01,BR,BR-3163970710
TXN00000462,CLI000168,2023-04-13,PAGAMENTO,357.51,01,SP-CORE-02,BR,BR-9776185998
TXN00000463,CLI000543,2023-03-01,PAGAMENTO,1093.07,10,MG-CORE-01,BR,BR-7534583219
TXN00000464,CLI000757,2023-11-25,FATURA,1913.56,01,RJ-CORE-01,BR,BR-5140460939
TXN00000465,CLI000464,2023-08-17,AJUSTE,175.27,10,MG-CORE-01,BR,BR-7019900273
TXN00000466,CLI000848,2023-10-16,ESTORNO,234.51,00,SP-CORE-01,BR,BR-3946766309
TXN00000467,CLI001097,2023-10-11,AJUSTE,232.22,10,BA-CORE-01,BR,BR-9202102595
TXN00000468,CLI000809,2023-10-21,PAGAMENTO,3088.16,10,RJ-CORE-01,BR,BR-5641959772
TXN00000469,CLI000355,2023-09-15,FATURA,2007.85,01,SP-CORE-01,BR,BR-3612617557
TXN00000470,CLI000161,2023-04-19,AJUSTE,2833.44,01,SP-CORE-01,BR,BR-1282103057
TXN00000471,CLI000655,2023-04-14,PAGAMENTO,3490.5,01,BA-CORE-01,BR,BR-6691628146
TXN00000472,CLI000566,2023-02-14,FATURA,1370.59,10,BA-CORE-01,BR,BR-7573691558
TXN00000473,CLI000307,2023-01-07,PAGAMENTO,2757.2,10,SP-CORE-01,BR,BR-7895255573
TXN00000474,CLI000207,2023-10-18,AJUSTE,2066.01,00,SP-CORE-01,BR,BR-4014119648
TXN00000475,CLI001172,2023-10-02,ESTORNO,3082.87,10,RJ-CORE-01,BR,BR-6218484323
TXN00000476,CLI000823,2023-01-20,PAGAMENTO,619.26,10,SP-CORE-02,BR,BR-6276339732
TXN00000477,CLI000974,2023-07-22,FATURA,3115.72,02,SP-CORE-02,BR,BR-7242730249
TXN00000478,CLI000202,2023-07-10,ESTORNO,90.41,02,RJ-CORE-01,BR,BR-5703357871
TXN00000479,CLI000854,2023-03-10,AJUSTE,1065.67,10,RJ-CORE-01,BR,BR-7127904756
TXN00000480,CLI000766,2023-04-07,FATURA,1557.17,10,MG-CORE-01,BR,BR-8151583833
TXN00000481,CLI000827,2023-09-21,FATURA,2774.39,00,RJ-CORE-01,BR,BR-9259157845
TXN00000482,CLI000412,2023-09-26,AJUSTE,3080.08,00,SP-CORE-02,BR,BR-1288335378
TXN00000483,CLI000562,2023-05-08,FATURA,135.09,00,RJ-CORE-01,BR,BR-4572433066
TXN00000484,CLI000914,2023-08-26,ESTORNO,-1777.84,00,SP-CORE-01,BR,BR-5695387521
TXN00000485,CLI000530,2023-08-31,AJUSTE,2062.34,02,RJ-CORE-01,BR,BR-8468071953
TXN00000486,CLI000439,2023-05-26,FATURA,115.53,00,SP-CORE-02,BR,BR-4486522557
TXN00000487,CLI001052,2023-11-28,AJUSTE,803.39,01,RJ-CORE-01,BR,BR-3389594115
TXN00000488,CLI000018,2023-12-16,FATURA,50.96,01,SP-CORE-02,BR,BR-5819946657
TXN00000489,CLI000772,2023-05-10,AJUSTE,2137.04,02,RJ-CORE-01,BR,BR-8517413631
TXN00000490,CLI000814,2023-08-24,ESTORNO,896.96,10,RJ-CORE-01,BR,BR-4096932037
TXN00000491,CLI000579,2023-01-04,FATURA,1800.07,02,BA-CORE-01,BR,BR-9454207717
TXN00000492,CLI000568,2023-12-17,ESTORNO,396.2,00,RJ-CORE-01,BR,BR-7873709012
TXN00000493,CLI000493,2023-12-02,ESTORNO,2494.61,02,SP-CORE-02,BR,BR-2510308881
TXN00000494,CLI001019,2023-11-04,FATURA,1426.26,02,SP-CORE-02,BR,BR-1913706213
TXN00000495,CLI001172,2023-05-13,ESTORNO,3176.05,10,MG-CORE-01,BR,BR-8115628227
TXN00000496,CLI000735,2023-06-25,AJUSTE,2548.39,01,BA-CORE-01,BR,BR-5759761714
TXN00000497,CLI000530,2023-03-29,ESTORNO,-2945.42,01,RJ-CORE-01,BR,BR-2578662692
TXN00000498,CLI000458,2023-12-15,AJUSTE,3150.58,00,SP-CORE-02,BR,BR-8570333548
TXN00000499,CLI000950,2023-08-04,ESTORNO,2762.55,02,RJ-CORE-01,BR,BR-3465740756
TXN00000500,CLI001025,2023-08-29,FATURA,206.8,00,MG-CORE-01,BR,BR-8761956684
TXN00000501,CLI000309,2023-12-15,FATURA,1348.21,02,MG-CORE-01,BR,BR-9702693937
TXN00000502,CLI000370,2023-04-13,AJUSTE,1212.49,10,SP-CORE-02,BR,BR-2148679234
TXN00000503,CLI000010,2023-09-07,FATURA,1177.55,01,RJ-CORE-01,BR,BR-6069848439
TXN00000504,CLI001003,2023-05-21,PAGAMENTO,748.65,01,BA-CORE-01,BR,BR-6754503097
TXN00000505,CLI000978,2023-03-08,FATURA,2158.39,10,MG-CORE-01,BR,BR-1026224160
TXN00000506,CLI000660,2023-01-03,PAGAMENTO,151.28,01,RJ-CORE-01,BR,BR-4736031885
TXN00000507,CLI000640,2023-01-10,AJUSTE,2375.08,01,SP-CORE-02,BR,BR-2721355673
TXN00000508,CLI000094,2023-02-22,AJUSTE,1354.76,02,SP-CORE-02,BR,BR-1131671246
TXN00000509,CLI001004,2023-05-29,ESTORNO,-1606.62,02,MG-CORE-01,BR,BR-6218955985
TXN00000510,CLI000269,2023-04-07,ESTORNO,-593.79,10,SP-CORE-01,BR,BR-7098134112
TXN00000511,CLI000077,2023-01-12,AJUSTE,2072.13,01,SP-CORE-01,BR,BR-2464137110
TXN00000512,CLI000222,2023-11-24,PAGAMENTO,910.15,00,BA-CORE-01,BR,BR-6884333221
TXN00000513,CLI000254,2023-01-25,FATURA,2420.33,10,MG-CORE-01,BR,BR-8394198376
TXN00000514,CLI000207,2023-08-31,ESTORNO,-2462.5,01,SP-CORE-01,BR,BR-1225953184
TXN00000515,CLI000242,2023-11-15,ESTORNO,2127.61,01,MG-CORE-01,BR,BR-3653594796
TXN00000516,CLI000539,2023-02-28,ESTORNO,-2750.97,10,SP-CORE-02,BR,BR-3894673596
TXN00000517,CLI001123,2023-07-03,AJUSTE,2467.96,02,SP-CORE-02,BR,BR-6463640105
TXN00000518,CLI000006,2023-04-17,PAGAMENTO,2414.95,10,RJ-CORE-01,BR,BR-8137972345
TXN00000519,CLI000306,2023-12-10,FATURA,329.73,00,BA-CORE-01,BR,BR-7193532615
TXN00000520,CLI000936,2023-09-19,FATURA,281.17,00,RJ-CORE-01,BR,BR-2173242669
TXN00000521,CLI000738,2023-05-16,ESTORNO,1635.69,00,SP-CORE-02,BR,BR-5783809766
TXN00000522,CLI000350,2023-08-07,ESTORNO,2590.12,00,SP-CORE-01,BR,BR-2846465000
TXN00000523,CLI000375,2023-07-03,ESTORNO,3132.96,02,SP-CORE-01,BR,BR-8160279830
TXN00000524,CLI000980,2023-07-25,FATURA,1412.87,10,RJ-CORE-01,BR,BR-1195066088
TXN00000525,CLI000121,2023-11-29,PAGAMENTO,3103.71,01,SP-CORE-01,BR,BR-3574081104
TXN00000526,CLI000372,2023-02-23,AJUSTE,1467.78,10,BA-CORE-01,BR,BR-1033015788
TXN00000527,CLI000232,2023-07-03,PAGAMENTO,2147.53,01,MG-CORE-01,BR,BR-6392415228
TXN00000528,CLI001075,2023-08-14,PAGAMENTO,179.98,02,RJ-CORE-01,BR,BR-2409274786
TXN00000529,CLI000987,2023-12-09,AJUSTE,3058.54,00,MG-CORE-01,BR,BR-5328166990
TXN00000530,CLI000112,2023-12-06,ESTORNO,2373.51,10,SP-CORE-02,BR,BR-8503368512
TXN00000531,CLI000154,2023-11-26,FATURA,3271.61,10,MG-CORE-01,BR,BR-1754603440
TXN00000532,CLI000457,2023-06-14,PAGAMENTO,858.3,02,SP-CORE-01,BR,BR-4022245086
TXN00000533,CLI001174,2023-07-26,PAGAMENTO,2863.52,00,MG-CORE-01,BR,BR-8757570742
TXN00000534,CLI001019,2023-02-15,PAGAMENTO,3000.93,10,RJ-CORE-01,BR,BR-5604529187
TXN00000535,CLI000001,2023-02-22,FATURA,1423.97,00,BA-CORE-01,BR,BR-5476654128
TXN00000536,CLI000424,2023-11-06,FATURA,3371.84,02,BA-CORE-01,BR,BR-5375461598
TXN00000537,CLI000680,2023-06-24,PAGAMENTO,1284.43,00,SP-CORE-02,BR,BR-4956362540
TXN00000538,CLI000455,2023-12-03,PAGAMENTO,1284.27,10,SP-CORE-01,BR,BR-8997701619
TXN00000539,CLI000766,2023-06-24,FATURA,1255.88,02,BA-CORE-01,BR,BR-7767834064
TXN00000540,CLI000220,2023-01-24,FATURA,3141.13,10,SP-CORE-02,BR,BR-7757700186
TXN00000541,CLI000391,2023-11-09,ESTORNO,-701.81,00,MG-CORE-01,BR,BR-7088949191
TXN00000542,CLI000923,2023-02-25,ESTORNO,2654.88,00,BA-CORE-01,BR,BR-5789633176
TXN00000543,CLI000100,2023-12-04,PAGAMENTO,-298046.98,9A,SANTOS-PORT-07,LU,OFFSHORE-521818AK
TXN00000544,CLI000263,2023-10-27,PAGAMENTO,1700.6,01,BA-CORE-01,BR,BR-3190227431
TXN00000545,CLI000858,2023-07-18,FATURA,2308.18,02,BA-CORE-01,BR,BR-6795522649
TXN00000546,CLI000274,2023-05-21,AJUSTE,1404.59,02,RJ-CORE-01,BR,BR-4500557310
TXN00000547,CLI001134,2023-07-31,AJUSTE,2116.79,02,BA-CORE-01,BR,BR-2014766981
TXN00000548,CLI000365,2023-04-13,AJUSTE,749.8,02,RJ-CORE-01,BR,BR-5923940434
TXN00000549,CLI000855,2023-12-30,ESTORNO,421.61,02,BA-CORE-01,BR,BR-1847275937
TXN00000550,CLI000116,2023-08-05,ESTORNO,-2832.9,00,SP-CORE-01,BR,BR-3587283948
TXN00000551,CLI000300,2023-05-17,AJUSTE,2630.64,01,RJ-CORE-01,BR,BR-3815389788
TXN00000552,CLI000735,2023-12-20,FATURA,2749.56,01,BA-CORE-01,BR,BR-7417183769
TXN00000553,CLI000487,2023-02-22,PAGAMENTO,2164.06,01,BA-CORE-01,BR,BR-7977267911
TXN00000554,CLI000641,2023-12-21,ESTORNO,2332.44,10,MG-CORE-01,BR,BR-7988845536
TXN00000555,CLI000462,2023-01-07,FATURA,2607.97,01,BA-CORE-01,BR,BR-5943324387
TXN00000556,CLI000153,2023-10-29,ESTORNO,-1922.22,01,SP-CORE-02,BR,BR-5588254555
TXN00000557,CLI000878,2023-03-30,AJUSTE,2578.08,00,MG-CORE-01,BR,BR-5536224717
TXN00000558,CLI000956,2023-10-12,ESTORNO,-939.55,01,BA-CORE-01,BR,BR-3178995337
TXN00000559,CLI000617,2023-01-21,AJUSTE,554.89,02,BA-CORE-01,BR,BR-6628158856
TXN00000560,CLI000451,2023-10-21,PAGAMENTO,1934.56,00,RJ-CORE-01,BR,BR-2940955281
TXN00000561,CLI001100,2023-09-24,AJUSTE,257.25,01,MG-CORE-01,BR,BR-5539308214
TXN00000562,CLI000739,2023-02-17,PAGAMENTO,1235.92,01,RJ-CORE-01,BR,BR-8867077130
TXN00000563,CLI000709,2023-04-22,ESTORNO,-3327.07,10,BA-CORE-01,BR,BR-9919491730
TXN00000564,CLI000782,2023-05-04,PAGAMENTO,3167.65,01,SP-CORE-01,BR,BR-4673457063
TXN00000565,CLI000768,2023-07-17,FATURA,912.94,02,SP-CORE-01,BR,BR-7472806994
TXN00000566,CLI000169,2023-09-07,PAGAMENTO,172.6,01,RJ-CORE-01,BR,BR-4847761430
TXN00000567,CLI000437,2023-03-27,FATURA,3401.27,00,SP-CORE-01,BR,BR-3799620568
TXN00000568,CLI000049,2023-02-23,PAGAMENTO,735.42,10,SP-CORE-01,BR,BR-5560712830
TXN00000569,CLI000516,2023-06-19,PAGAMENTO,151.84,00,SP-CORE-01,BR,BR-4067961943
TXN00000570,CLI000829,2023-10-22,FATURA,383999.15,4F,SANTOS-PORT-07,LU,OFFSHORE-515186QU
TXN00000571,CLI000130,2023-06-11,PAGAMENTO,78.78,00,BA-CORE-01,BR,BR-6515369278
TXN00000572,CLI000594,2023-12-25,FATURA,2971.91,02,BA-CORE-01,BR,BR-4750707607
TXN00000573,CLI000064,2023-11-07,ESTORNO,321.04,10,MG-CORE-01,BR,BR-2431779064
TXN00000574,CLI000605,2023-03-22,PAGAMENTO,1876.47,01,MG-CORE-01,BR,BR-6797436140
TXN00000575,CLI001137,2023-06-02,AJUSTE,2376.97,02,SP-CORE-01,BR,BR-2683446724
TXN00000576,CLI000175,2023-03-05,AJUSTE,165.37,10,BA-CORE-01,BR,BR-5028688786
TXN00000577,CLI001050,2023-04-18,ESTORNO,2624.07,02,SP-CORE-02,BR,BR-8695129534
TXN00000578,CLI000372,2023-03-24,AJUSTE,660.29,02,SP-CORE-02,BR,BR-4492602049
TXN00000579,CLI000514,2023-10-09,FATURA,1625.2,00,RJ-CORE-01,BR,BR-3260842187
TXN00000580,CLI000263,2023-04-12,FATURA,2545.05,10,RJ-CORE-01,BR,BR-2554039848
TXN00000581,CLI000996,2023-02-21,AJUSTE,1012.28,00,SP-CORE-02,BR,BR-6852312425
TXN00000582,CLI001159,2023-06-18,PAGAMENTO,2164.87,02,BA-CORE-01,BR,BR-6214917780
TXN00000583,CLI000454,2023-06-11,ESTORNO,-3356.13,01,SP-CORE-01,BR,BR-3088517710
TXN00000584,CLI000948,2023-05-22,PAGAMENTO,2943.58,01,RJ-CORE-01,BR,BR-1590838716
TXN00000585,CLI000168,2023-07-03,PAGAMENTO,-366663.78,4F,SANTOS-PORT-07,PA,OFFSHORE-653794CJ
TXN00000586,CLI000039,2023-03-13,ESTORNO,3121.71,01,RJ-CORE-01,BR,BR-8661364201
TXN00000587,CLI000534,2023-10-25,FATURA,2034.57,01,SP-CORE-01,BR,BR-6322188162
TXN00000588,CLI000596,2023-12-01,PAGAMENTO,2717.69,02,MG-CORE-01,BR,BR-8663811838
TXN00000589,CLI001029,2023-08-26,AJUSTE,1763.91,00,MG-CORE-01,BR,BR-6128260438
TXN00000590,CLI000914,2023-12-06,FATURA,851.31,01,BA-CORE-01,BR,BR-7187318744
TXN00000591,CLI000083,2023-04-02,AJUSTE,1990.92,01,MG-CORE-01,BR,BR-8599680717
TXN00000592,CLI000088,2023-09-07,AJUSTE,826.49,02,RJ-CORE-01,BR,BR-8636984580
TXN00000593,CLI000932,2023-09-23,AJUSTE,3178.89,02,MG-CORE-01,BR,BR-3597009738
TXN00000594,CLI000561,2023-01-21,FATURA,3432.45,02,SP-CORE-01,BR,BR-9044482007
TXN00000595,CLI000160,2023-10-24,ESTORNO,-1914.34,01,MG-CORE-01,BR,BR-9814045133
TXN00000596,CLI000707,2023-07-12,ESTORNO,-3404.91,01,BA-CORE-01,BR,BR-5012760260
TXN00000597,CLI000901,2023-09-04,PAGAMENTO,3107.36,00,BA-CORE-01,BR,BR-5830454240
TXN00000598,CLI000383,2023-04-28,AJUSTE,288.27,02,SP-CORE-02,BR,BR-5983503547
TXN00000599,CLI000677,2023-07-05,AJUSTE,2115.03,00,SP-CORE-02,BR,BR-3204833223
TXN00000600,CLI000331,2023-09-04,FATURA,2369.8,10,SP-CORE-02,BR,BR-8864285771
TXN00000601,CLI000330,2023-01-12,PAGAMENTO,867.97,01,BA-CORE-01,BR,BR-4910589015
TXN00000602,CLI000529,2023-11-19,AJUSTE,1804.0,01,SP-CORE-01,BR,BR-8802681056
TXN00000603,CLI000444,2023-09-22,AJUSTE,3354.67,00,RJ-CORE-01,BR,BR-9094423237
TXN00000604,CLI000842,2023-11-07,PAGAMENTO,3474.86,10,SP-CORE-02,BR,BR-4996346509
TXN00000605,CLI000542,2023-10-26,AJUSTE,2875.18,01,BA-CORE-01,BR,BR-2781968664
TXN00000606,CLI000141,2023-12-18,AJUSTE,1212.5,10,BA-CORE-01,BR,BR-2606152369
TXN00000607,CLI001071,2023-07-13,AJUSTE,1361.41,00,SP-CORE-01,BR,BR-5645459980
TXN00000608,CLI000080,2023-03-18,PAGAMENTO,2127.18,01,MG-CORE-01,BR,BR-1964386641
TXN00000609,CLI000003,2023-02-17,FATURA,1698.2,01,BA-CORE-01,BR,BR-1627276995
TXN00000610,CLI000470,2023-09-25,PAGAMENTO,1483.98,00,BA-CORE-01,BR,BR-5459478267
TXN00000611,CLI000522,2023-07-15,PAGAMENTO,1239.8,00,MG-CORE-01,BR,BR-4569592370
TXN00000612,CLI001114,2023-04-30,PAGAMENTO,3187.1,00,RJ-CORE-01,BR,BR-7309779967
TXN00000613,CLI000242,2023-05-12,PAGAMENTO,677.79,00,BA-CORE-01,BR,BR-3642900640
TXN00000614,CLI000219,2023-07-12,FATURA,2297.82,02,MG-CORE-01,BR,BR-4890628295
TXN00000615,CLI000868,2023-08-07,AJUSTE,2287.48,02,RJ-CORE-01,BR,BR-5376588372
TXN00000616,CLI001142,2023-11-10,ESTORNO,978.95,10,SP-CORE-02,BR,BR-2817865363
TXN00000617,CLI001184,2023-04-02,PAGAMENTO,1308.34,10,RJ-CORE-01,BR,BR-8628603366
TXN00000618,CLI000332,2023-12-28,ESTORNO,-1405.49,01,SP-CORE-01,BR,BR-6315624319
TXN00000619,CLI000107,2023-04-20,FATURA,1789.04,02,BA-CORE-01,BR,BR-1523334661
TXN00000620,CLI000966,2023-07-19,AJUSTE,3376.7,00,SP-CORE-01,BR,BR-6319057164
TXN00000621,CLI000078,2023-02-15,PAGAMENTO,243.0,01,RJ-CORE-01,BR,BR-7969918312
TXN00000622,CLI000359,2023-07-25,PAGAMENTO,2156.6,02,BA-CORE-01,BR,BR-1269754673
TXN00000623,CLI001046,2023-08-13,PAGAMENTO,57.27,02,SP-CORE-02,BR,BR-3302333490
TXN00000624,CLI000001,2023-11-11,AJUSTE,609.8,00,RJ-CORE-01,BR,BR-3469810046
TXN00000625,CLI000831,2023-02-14,AJUSTE,3488.92,10,RJ-CORE-01,BR,BR-4086124402
TXN00000626,CLI000583,2023-09-23,AJUSTE,73.48,00,SP-CORE-01,BR,BR-6545970956
TXN00000627,CLI000932,2023-06-27,ESTORNO,3372.24,02,SP-CORE-02,BR,BR-9596653373
TXN00000628,CLI000219,2023-10-22,PAGAMENTO,36.19,01,MG-CORE-01,BR,BR-2515333350
TXN00000629,CLI001102,2023-09-15,FATURA,1044.0,00,BA-CORE-01,BR,BR-7745949301
TXN00000630,CLI000696,2023-12-22,ESTORNO,1560.83,10,BA-CORE-01,BR,BR-3869961166
TXN00000631,CLI000529,2023-12-15,PAGAMENTO,1623.31,00,MG-CORE-01,BR,BR-2548781344
TXN00000632,CLI000845,2023-07-15,FATURA,2225.14,01,SP-CORE-02,BR,BR-5382302465
TXN00000633,CLI000701,2023-09-22,ESTORNO,-1884.07,02,SP-CORE-02,BR,BR-9045897249
TXN00000634,CLI000448,2023-10-11,FATURA,3261.26,10,RJ-CORE-01,BR,BR-9776913529
TXN00000635,CLI000496,2023-04-04,ESTORNO,-3315.97,01,MG-CORE-01,BR,BR-6898288854
TXN00000636,CLI000219,2023-04-16,ESTORNO,-817.64,01,BA-CORE-01,BR,BR-4209700340
TXN00000637,CLI001109,2023-02-10,FATURA,2371.83,10,BA-CORE-01,BR,BR-5585133383
TXN00000638,CLI000563,2023-09-04,FATURA,1311.76,02,MG-CORE-01,BR,BR-8544878538
TXN00000639,CLI001182,2023-04-04,PAGAMENTO,3445.69,02,MG-CORE-01,BR,BR-1572989855
TXN00000640,CLI000067,2023-01-28,AJUSTE,1849.56,10,MG-CORE-01,BR,BR-3760786161
TXN00000641,CLI000943,2023-07-21,ESTORNO,3014.19,01,MG-CORE-01,BR,BR-8235656521
TXN00000642,CLI000741,2023-12-19,ESTORNO,-49.3,01,MG-CORE-01,BR,BR-1579187439
TXN00000643,CLI000703,2023-04-06,ESTORNO,1929.0,01,RJ-CORE-01,BR,BR-9347720574
TXN00000644,CLI000821,2023-04-05,ESTORNO,-1755.72,01,MG-CORE-01,BR,BR-5453811475
TXN00000645,CLI000553,2023-08-19,ESTORNO,646.01,01,BA-CORE-01,BR,BR-1865826728
TXN00000646,CLI000307,2023-10-12,AJUSTE,-239920.94,4F,SANTOS-PORT-07,KY,OFFSHORE-667652ZG
TXN00000647,CLI001094,2023-01-05,PAGAMENTO,634.59,10,SP-CORE-02,BR,BR-7431813987
TXN00000648,CLI000123,2023-09-07,ESTORNO,1064.12,00,MG-CORE-01,BR,BR-7525240100
TXN00000649,CLI000533,2023-05-11,AJUSTE,1678.36,00,MG-CORE-01,BR,BR-4440904834
TXN00000650,CLI000720,2023-07-04,ESTORNO,-1970.02,02,RJ-CORE-01,BR,BR-8417757797
TXN00000651,CLI000666,2023-10-23,AJUSTE,2024.11,01,RJ-CORE-01,BR,BR-5633956194
TXN00000652,CLI000950,2023-08-17,PAGAMENTO,3115.92,10,BA-CORE-01,BR,BR-4531928910
TXN00000653,CLI001171,2023-03-27,AJUSTE,2249.22,02,MG-CORE-01,BR,BR-7637761996
TXN00000654,CLI000597,2023-02-06,PAGAMENTO,109271.41,4F,SANTOS-PORT-07,KY,OFFSHORE-165820KD
TXN00000655,CLI001067,2023-11-06,ESTORNO,2263.36,02,MG-CORE-01,BR,BR-8650676663
TXN00000656,CLI000516,2023-07-31,PAGAMENTO,602.27,00,SP-CORE-02,BR,BR-1149460439
TXN00000657,CLI000970,2023-04-18,FATURA,600.85,00,SP-CORE-01,BR,BR-1288765093
TXN00000658,CLI000319,2023-01-14,FATURA,2702.85,00,SP-CORE-01,BR,BR-6868336102
TXN00000659,CLI000507,2023-12-02,FATURA,3261.93,10,RJ-CORE-01,BR,BR-3436297208
TXN00000660,CLI000731,2023-08-15,ESTORNO,-2200.15,01,BA-CORE-01,BR,BR-3598862507
TXN00000661,CLI001105,2023-09-01,ESTORNO,-1645.83,02,BA-CORE-01,BR,BR-8211516617
TXN00000662,CLI000635,2023-10-30,AJUSTE,2099.59,10,BA-CORE-01,BR,BR-9370133343
TXN00000663,CLI000533,2023-09-04,ESTORNO,-1898.05,00,MG-CORE-01,BR,BR-6892752604
TXN00000664,CLI000961,2023-06-05,AJUSTE,56.73,01,RJ-CORE-01,BR,BR-4277422858
TXN00000665,CLI000882,2023-12-19,FATURA,3228.87,10,RJ-CORE-01,BR,BR-3464975279
TXN00000666,CLI001149,2023-11-02,ESTORNO,-824.63,00,BA-CORE-01,BR,BR-7568980185
TXN00000667,CLI000539,2023-07-22,PAGAMENTO,889.64,10,MG-CORE-01,BR,BR-7004510516
TXN00000668,CLI000551,2023-08-05,FATURA,2196.12,02,RJ-CORE-01,BR,BR-8084809436
TXN00000669,CLI000227,2023-04-07,PAGAMENTO,2990.12,01,SP-CORE-02,BR,BR-1487258103
TXN00000670,CLI000040,2023-11-13,PAGAMENTO,1595.63,10,SP-CORE-02,BR,BR-4159699467
TXN00000671,CLI000578,2023-01-26,AJUSTE,3394.61,00,SP-CORE-02,BR,BR-3412365931
TXN00000672,CLI001011,2023-03-06,ESTORNO,-2508.88,00,SP-CORE-02,BR,BR-2916728422
TXN00000673,CLI000065,2023-06-25,AJUSTE,1482.45,10,RJ-CORE-01,BR,BR-3109688769
TXN00000674,CLI000147,2023-02-11,ESTORNO,2955.54,01,SP-CORE-01,BR,BR-1526723719
TXN00000675,CLI000250,2023-04-03,PAGAMENTO,688.83,02,MG-CORE-01,BR,BR-4662861038
TXN00000676,CLI000408,2023-07-17,AJUSTE,2703.86,10,SP-CORE-02,BR,BR-2941508568
TXN00000677,CLI000640,2023-02-18,PAGAMENTO,1833.56,01,MG-CORE-01,BR,BR-9868845806
TXN00000678,CLI000986,2023-03-23,ESTORNO,-2209.49,00,BA-CORE-01,BR,BR-7623575561
TXN00000679,CLI000890,2023-04-12,ESTORNO,-1274.28,00,SP-CORE-02,BR,BR-9123207735
TXN00000680,CLI000498,2023-01-08,ESTORNO,-602.41,02,BA-CORE-01,BR,BR-4656572173
TXN00000681,CLI000761,2023-01-22,FATURA,2042.15,10,BA-CORE-01,BR,BR-3738900744
TXN00000682,CLI000123,2023-05-08,FATURA,568.79,00,BA-CORE-01,BR,BR-8703867299
TXN00000683,CLI000477,2023-07-02,FATURA,2263.12,00,SP-CORE-02,BR,BR-3185089287
TXN00000684,CLI000774,2023-10-13,ESTORNO,-2764.2,02,MG-CORE-01,BR,BR-1596471620
TXN00000685,CLI001112,2023-03-10,ESTORNO,892.42,00,MG-CORE-01,BR,BR-8689593739
TXN00000686,CLI000564,2023-04-08,PAGAMENTO,1992.12,02,RJ-CORE-01,BR,BR-5407856339
TXN00000687,CLI001110,2023-02-05,AJUSTE,1868.36,10,RJ-CORE-01,BR,BR-6879428703
TXN00000688,CLI000746,2023-08-21,ESTORNO,22.51,10,SP-CORE-02,BR,BR-3369305560
TXN00000689,CLI001019,2023-06-14,AJUSTE,2529.09,10,SP-CORE-02,BR,BR-1370292681
TXN00000690,CLI000198,2023-11-10,AJUSTE,1005.29,10,RJ-CORE-01,BR,BR-6623360831
TXN00000691,CLI000414,2023-01-23,FATURA,2926.47,01,SP-CORE-02,BR,BR-8382488970
TXN00000692,CLI001004,2023-09-06,FATURA,686.83,00,BA-CORE-01,BR,BR-7552812957
TXN00000693,CLI000164,2023-01-26,ESTORNO,1294.91,00,SP-CORE-01,BR,BR-8598503901
TXN00000694,CLI000545,2023-11-24,PAGAMENTO,231.24,10,RJ-CORE-01,BR,BR-1316756902
TXN00000695,CLI000199,2023-02-06,FATURA,2923.91,00,SP-CORE-02,BR,BR-9471306442
TXN00000696,CLI000510,2023-04-29,FATURA,1870.18,01,SP-CORE-02,BR,BR-3758823240
TXN00000697,CLI000734,2023-10-13,AJUSTE,2627.2,10,SP-CORE-01,BR,BR-7227593033
TXN00000698,CLI001127,2023-12-26,PAGAMENTO,2335.04,00,SP-CORE-02,BR,BR-2479679716
TXN00000699,CLI000908,2023-09-16,PAGAMENTO,1194.54,01,BA-CORE-01,BR,BR-5150074940
TXN00000700,CLI000882,2023-06-11,ESTORNO,1934.28,02,RJ-CORE-01,BR,BR-5952163720
TXN00000701,CLI000521,2023-11-08,ESTORNO,857.71,01,MG-CORE-01,BR,BR-1707196784
TXN00000702,CLI000034,2023-08-20,ESTORNO,1577.3,10,SP-CORE-01,BR,BR-4046558332
TXN00000703,CLI000045,2023-06-04,AJUSTE,42.86,01,SP-CORE-02,BR,BR-9138644862
TXN00000704,CLI000320,2023-10-11,ESTORNO,-1799.22,01,SP-CORE-01,BR,BR-4633257620
TXN00000705,CLI000616,2023-05-16,AJUSTE,1297.45,01,SP-CORE-02,BR,BR-2076341629
TXN00000706,CLI000989,2023-10-20,FATURA,1411.3,01,SP-CORE-01,BR,BR-7660813178
TXN00000707,CLI000077,2023-09-07,AJUSTE,2893.45,00,BA-CORE-01,BR,BR-3291270703
TXN00000708,CLI000854,2023-02-10,PAGAMENTO,2734.82,02,RJ-CORE-01,BR,BR-1662259333
TXN00000709,CLI000625,2023-04-27,FATURA,2621.92,00,MG-CORE-01,BR,BR-7894019119
TXN00000710,CLI000453,2023-06-13,FATURA,1898.96,01,RJ-CORE-01,BR,BR-3420721027
TXN00000711,CLI001179,2023-01-26,AJUSTE,2364.25,10,MG-CORE-01,BR,BR-1121863227
TXN00000712,CLI000689,2023-04-24,FATURA,1523.14,10,SP-CORE-02,BR,BR-7772180882
TXN00000713,CLI000175,2023-09-01,FATURA,291433.02,9A,SANTOS-PORT-07,PA,OFFSHORE-677359UG
TXN00000714,CLI001146,2023-09-14,PAGAMENTO,1532.03,01,SP-CORE-02,BR,BR-5912019621
TXN00000715,CLI001074,2023-09-07,AJUSTE,1395.71,01,BA-CORE-01,BR,BR-2712474804
TXN00000716,CLI000184,2023-05-05,AJUSTE,269.32,10,RJ-CORE-01,BR,BR-8561998560
TXN00000717,CLI000657,2023-12-10,FATURA,1459.27,02,RJ-CORE-01,BR,BR-5751023835
TXN00000718,CLI000906,2023-11-01,ESTORNO,2300.83,02,SP-CORE-02,BR,BR-6333223513
TXN00000719,CLI000320,2023-08-14,AJUSTE,176.17,01,SP-CORE-02,BR,BR-5821194895
TXN00000720,CLI000590,2023-02-27,FATURA,2593.74,01,BA-CORE-01,BR,BR-2931000173
TXN00000721,CLI000965,2023-06-25,FATURA,2434.41,00,RJ-CORE-01,BR,BR-1605064858
TXN00000722,CLI001072,2023-06-19,FATURA,747.35,01,SP-CORE-02,BR,BR-5512315375
TXN00000723,CLI001079,2023-10-08,ESTORNO,1700.93,01,SP-CORE-01,BR,BR-9355364489
TXN00000724,CLI000556,2023-05-11,FATURA,612.71,02,SP-CORE-02,BR,BR-2795875043
TXN00000725,CLI000556,2023-08-27,FATURA,2298.56,00,SP-CORE-01,BR,BR-4875395503
TXN00000726,CLI000204,2023-02-25,ESTORNO,86.39,10,SP-CORE-02,BR,BR-8788828039
TXN00000727,CLI000938,2023-09-06,ESTORNO,3036.37,00,SP-CORE-02,BR,BR-8392190335
TXN00000728,CLI000806,2023-01-21,FATURA,880.92,02,RJ-CORE-01,BR,BR-5979337757
TXN00000729,CLI000484,2023-01-10,AJUSTE,1226.79,02,RJ-CORE-01,BR,BR-7299922974
TXN00000730,CLI000462,2023-02-01,ESTORNO,2197.76,10,SP-CORE-01,BR,BR-9070568519
TXN00000731,CLI001067,2023-06-24,AJUSTE,3142.17,01,SP-CORE-01,BR,BR-3136189070
TXN00000732,CLI000675,2023-08-02,AJUSTE,856.46,01,MG-CORE-01,BR,BR-2033921654
TXN00000733,CLI000415,2023-10-05,PAGAMENTO,478.57,01,BA-CORE-01,BR,BR-7800411181
TXN00000734,CLI001157,2023-06-08,AJUSTE,2416.09,01,MG-CORE-01,BR,BR-1208985103
TXN00000735,CLI000299,2023-06-12,AJUSTE,255.99,00,SP-CORE-02,BR,BR-6503383556
TXN00000736,CLI000908,2023-06-13,FATURA,3082.86,10,MG-CORE-01,BR,BR-8183421297
TXN00000737,CLI000547,2023-03-19,ESTORNO,-2731.3,00,SP-CORE-02,BR,BR-5756663747
TXN00000738,CLI000977,2023-11-02,AJUSTE,828.0,00,RJ-CORE-01,BR,BR-7026930365
TXN00000739,CLI000794,2023-09-15,AJUSTE,2964.56,10,RJ-CORE-01,BR,BR-5489281916
TXN00000740,CLI000837,2023-08-31,PAGAMENTO,498.54,01,SP-CORE-02,BR,BR-9809655189
TXN00000741,CLI000136,2023-05-19,FATURA,3326.69,01,SP-CORE-02,BR,BR-3412985084
TXN00000742,CLI000506,2023-08-13,AJUSTE,3037.61,10,RJ-CORE-01,BR,BR-2239534867
TXN00000743,CLI001172,2023-07-27,PAGAMENTO,2721.23,10,RJ-CORE-01,BR,BR-7656585531
TXN00000744,CLI001063,2023-09-24,FATURA,400.42,10,SP-CORE-01,BR,BR-3624410325
TXN00000745,CLI000901,2023-01-21,PAGAMENTO,1960.8,00,SP-CORE-02,BR,BR-5710211115
TXN00000746,CLI000866,2023-06-05,PAGAMENTO,2712.4,02,MG-CORE-01,BR,BR-9533188043
TXN00000747,CLI001026,2023-11-10,ESTORNO,-3218.23,01,MG-CORE-01,BR,BR-1619623590
TXN00000748,CLI000663,2023-04-03,FATURA,2729.98,01,MG-CORE-01,BR,BR-1172893522
TXN00000749,CLI000513,2023-01-13,PAGAMENTO,642.5,01,MG-CORE-01,BR,BR-1167134213
TXN00000750,CLI000921,2023-12-21,ESTORNO,-2277.05,01,SP-CORE-01,BR,BR-8359820939
TXN00000751,CLI000776,2023-02-13,ESTORNO,1842.88,10,BA-CORE-01,BR,BR-8747974356
TXN00000752,CLI000333,2023-01-23,PAGAMENTO,2693.55,02,BA-CORE-01,BR,BR-7525484303
TXN00000753,CLI000634,2023-04-02,AJUSTE,2696.67,00,MG-CORE-01,BR,BR-5895322075
TXN00000754,CLI000008,2023-05-28,PAGAMENTO,2200.06,00,SP-CORE-02,BR,BR-2368076065
TXN00000755,CLI001011,2023-01-07,ESTORNO,1616.08,10,BA-CORE-01,BR,BR-8913915028
TXN00000756,CLI000905,2023-04-22,AJUSTE,2069.24,10,MG-CORE-01,BR,BR-7844995269
TXN00000757,CLI001142,2023-11-04,FATURA,2108.36,01,BA-CORE-01,BR,BR-7712708591
TXN00000758,CLI000298,2023-01-26,AJUSTE,663.24,00,RJ-CORE-01,BR,BR-5366422491
TXN00000759,CLI000101,2023-12-08,FATURA,2031.76,02,RJ-CORE-01,BR,BR-3702653209
TXN00000760,CLI001173,2023-08-02,FATURA,-447682.02,9A,SANTOS-PORT-07,PA,OFFSHORE-075626TP
TXN00000761,CLI000613,2023-08-22,AJUSTE,2627.69,02,SP-CORE-01,BR,BR-3965676060
TXN00000762,CLI000965,2023-07-08,ESTORNO,-3143.4,00,MG-CORE-01,BR,BR-9248574674
TXN00000763,CLI000848,2023-03-04,AJUSTE,2437.28,02,RJ-CORE-01,BR,BR-9857430687
TXN00000764,CLI001084,2023-12-23,AJUSTE,747.5,00,SP-CORE-01,BR,BR-8139209752
TXN00000765,CLI000649,2023-09-05,FATURA,2539.78,02,MG-CORE-01,BR,BR-7551874474
TXN00000766,CLI001065,2023-09-27,ESTORNO,2021.5,02,SP-CORE-02,BR,BR-6038780151
TXN00000767,CLI000004,2023-09-10,PAGAMENTO,2831.77,01,RJ-CORE-01,BR,BR-8272725281
TXN00000768,CLI000850,2023-01-13,FATURA,252007.68,9A,SANTOS-PORT-07,PA,OFFSHORE-986652TP
TXN00000769,CLI000577,2023-01-24,PAGAMENTO,1181.6,01,SP-CORE-01,BR,BR-2247484671
TXN00000770,CLI000700,2023-02-04,ESTORNO,1091.05,02,SP-CORE-01,BR,BR-4067213499
TXN00000771,CLI000677,2023-10-19,PAGAMENTO,2163.66,00,SP-CORE-02,BR,BR-3057629778
TXN00000772,CLI000944,2023-12-11,ESTORNO,-1687.3,10,SP-CORE-01,BR,BR-7608141858
TXN00000773,CLI000647,2023-08-25,ESTORNO,-2748.28,10,SP-CORE-01,BR,BR-8285000265
TXN00000774,CLI000306,2023-04-17,FATURA,2029.34,02,RJ-CORE-01,BR,BR-1589582865
TXN00000775,CLI000798,2023-01-16,ESTORNO,1200.25,10,BA-CORE-01,BR,BR-3520417815
TXN00000776,CLI000557,2023-11-01,AJUSTE,426.62,02,RJ-CORE-01,BR,BR-2041349374
TXN00000777,CLI000620,2023-02-14,PAGAMENTO,1749.75,01,RJ-CORE-01,BR,BR-3280805846
TXN00000778,CLI000414,2023-09-26,AJUSTE,1072.07,00,RJ-CORE-01,BR,BR-3739951076
TXN00000779,CLI000390,2023-08-16,FATURA,1780.86,10,BA-CORE-01,BR,BR-1225447588
TXN00000780,CLI000202,2023-09-05,ESTORNO,2568.89,02,RJ-CORE-01,BR,BR-7070083150
TXN00000781,CLI000238,2023-04-16,AJUSTE,2541.51,10,MG-CORE-01,BR,BR-8375996697
TXN00000782,CLI000095,2023-06-09,FATURA,3264.53,00,RJ-CORE-01,BR,BR-4310415016
TXN00000783,CLI000640,2023-09-24,FATURA,2686.31,02,SP-CORE-01,BR,BR-4990452762
TXN00000784,CLI000654,2023-06-14,AJUSTE,717.93,02,RJ-CORE-01,BR,BR-9067664957
TXN00000785,CLI000235,2023-12-10,PAGAMENTO,429.42,01,SP-CORE-02,BR,BR-9434946584
TXN00000786,CLI000718,2023-11-15,FATURA,1967.5,00,SP-CORE-02,BR,BR-6674372082
TXN00000787,CLI000638,2023-05-19,ESTORNO,-512.62,02,BA-CORE-01,BR,BR-3774110439
TXN00000788,CLI000104,2023-10-04,ESTORNO,1563.89,01,SP-CORE-01,BR,BR-9974165440
TXN00000789,CLI000914,2023-07-16,FATURA,207.22,10,MG-CORE-01,BR,BR-3465883999
TXN00000790,CLI000954,2023-06-09,ESTORNO,1176.52,01,BA-CORE-01,BR,BR-5022964382
TXN00000791,CLI000636,2023-02-17,AJUSTE,2848.72,10,SP-CORE-01,BR,BR-6046864799
TXN00000792,CLI000529,2023-08-29,PAGAMENTO,826.3,01,SP-CORE-02,BR,BR-4949801453
TXN00000793,CLI000062,2023-07-20,ESTORNO,-147840.64,4F,SANTOS-PORT-07,LU,OFFSHORE-743152MZ
TXN00000794,CLI000579,2023-09-01,FATURA,412.85,10,MG-CORE-01,BR,BR-8435100486
TXN00000795,CLI000146,2023-11-06,ESTORNO,-2019.88,00,MG-CORE-01,BR,BR-8079331637
TXN00000796,CLI000326,2023-09-30,ESTORNO,-1624.19,10,SP-CORE-02,BR,BR-4086355679
TXN00000797,CLI000892,2023-07-16,PAGAMENTO,249.89,01,BA-CORE-01,BR,BR-9650425740
TXN00000798,CLI000235,2023-10-06,ESTORNO,2435.58,01,SP-CORE-01,BR,BR-1829621429
TXN00000799,CLI000832,2023-06-16,PAGAMENTO,1951.71,10,SP-CORE-02,BR,BR-2408434291
TXN00000800,CLI000126,2023-11-03,FATURA,398.43,10,RJ-CORE-01,BR,BR-1409675904
TXN00000801,CLI000928,2023-04-22,FATURA,2863.28,00,SP-CORE-02,BR,BR-5216305802
TXN00000802,CLI000649,2023-07-19,ESTORNO,2162.19,10,SP-CORE-02,BR,BR-7345617046
TXN00000803,CLI001194,2023-10-19,ESTORNO,2784.33,02,MG-CORE-01,BR,BR-5019339446
TXN00000804,CLI000128,2023-11-10,FATURA,3452.75,10,SP-CORE-02,BR,BR-5324302451
TXN00000805,CLI000578,2023-10-09,ESTORNO,-3388.29,00,BA-CORE-01,BR,BR-2647439475
TXN00000806,CLI000832,2023-05-01,FATURA,1522.37,10,RJ-CORE-01,BR,BR-6710697191
TXN00000807,CLI000386,2023-08-11,PAGAMENTO,1917.01,01,MG-CORE-01,BR,BR-3460489491
TXN00000808,CLI000276,2023-07-04,PAGAMENTO,2943.07,01,RJ-CORE-01,BR,BR-2014911848
TXN00000809,CLI000279,2023-02-06,FATURA,2276.39,01,MG-CORE-01,BR,BR-3868119543
TXN00000810,CLI000872,2023-03-12,FATURA,2255.01,10,MG-CORE-01,BR,BR-7293823553
TXN00000811,CLI000463,2023-08-21,AJUSTE,1792.76,10,MG-CORE-01,BR,BR-5980945846
TXN00000812,CLI000552,2023-08-06,AJUSTE,2123.91,10,SP-CORE-02,BR,BR-8601409432
TXN00000813,CLI000990,2023-10-07,PAGAMENTO,2025.71,00,SP-CORE-01,BR,BR-3964774623
TXN00000814,CLI000573,2023-02-27,ESTORNO,2039.34,00,SP-CORE-02,BR,BR-9334966533
TXN00000815,CLI000160,2023-09-22,PAGAMENTO,292.26,00,SP-CORE-02,BR,BR-1948540266
TXN00000816,CLI001050,2023-11-10,ESTORNO,-203.65,02,BA-CORE-01,BR,BR-5111832212
TXN00000817,CLI000593,2023-10-21,PAGAMENTO,2573.67,10,RJ-CORE-01,BR,BR-3053775623
TXN00000818,CLI000126,2023-01-19,AJUSTE,2438.78,02,BA-CORE-01,BR,BR-6899673770
TXN00000819,CLI000056,2023-10-24,PAGAMENTO,608.4,00,RJ-CORE-01,BR,BR-9215400091
TXN00000820,CLI000576,2023-09-06,ESTORNO,-307.14,00,RJ-CORE-01,BR,BR-4545940090
TXN00000821,CLI000310,2023-05-12,ESTORNO,69.43,00,BA-CORE-01,BR,BR-4272162158
TXN00000822,CLI000371,2023-07-09,PAGAMENTO,2831.29,02,SP-CORE-02,BR,BR-4381731378
TXN00000823,CLI001016,2023-06-25,FATURA,3444.57,01,BA-CORE-01,BR,BR-7552001193
TXN00000824,CLI001184,2023-07-16,PAGAMENTO,848.06,10,SP-CORE-02,BR,BR-2553854176
TXN00000825,CLI000976,2023-01-28,ESTORNO,-2255.07,00,SP-CORE-01,BR,BR-1481933114
TXN00000826,CLI000298,2023-09-01,ESTORNO,-2616.6,01,MG-CORE-01,BR,BR-3304937838
TXN00000827,CLI001086,2023-01-07,PAGAMENTO,1025.0,10,MG-CORE-01,BR,BR-6001648993
TXN00000828,CLI000559,2023-02-19,FATURA,419553.49,4F,SANTOS-PORT-07,LU,OFFSHORE-406403QO
TXN00000829,CLI000496,2023-05-19,ESTORNO,-949.47,00,RJ-CORE-01,BR,BR-3483827971
TXN00000830,CLI000022,2023-09-24,AJUSTE,1194.17,01,RJ-CORE-01,BR,BR-5489485517
TXN00000831,CLI000914,2023-02-04,FATURA,61.63,00,BA-CORE-01,BR,BR-9863781331
TXN00000832,CLI000189,2023-04-23,ESTORNO,-2543.87,02,SP-CORE-02,BR,BR-5269728610
TXN00000833,CLI000246,2023-11-01,FATURA,2304.99,01,BA-CORE-01,BR,BR-9305502799
TXN00000834,CLI000519,2023-11-06,FATURA,472.08,01,SP-CORE-01,BR,BR-5431267548
TXN00000835,CLI000663,2023-08-28,ESTORNO,2318.46,00,MG-CORE-01,BR,BR-2756070122
TXN00000836,CLI000124,2023-03-24,ESTORNO,-2736.94,02,SP-CORE-01,BR,BR-4302709858
TXN00000837,CLI000366,2023-05-16,ESTORNO,639.19,00,MG-CORE-01,BR,BR-7100408092
TXN00000838,CLI000218,2023-02-25,PAGAMENTO,133232.86,4F,SANTOS-PORT-07,KY,OFFSHORE-868633MO
TXN00000839,CLI000514,2023-05-13,PAGAMENTO,379.44,00,SP-CORE-01,BR,BR-7273337794
TXN00000840,CLI000078,2023-01-10,PAGAMENTO,411709.59,9A,SANTOS-PORT-07,PA,OFFSHORE-673830EI
TXN00000841,CLI000008,2023-05-17,PAGAMENTO,547.59,02,MG-CORE-01,BR,BR-9561946187
TXN00000842,CLI000007,2023-09-02,PAGAMENTO,1537.48,00,BA-CORE-01,BR,BR-7769342363
TXN00000843,CLI001097,2023-12-19,PAGAMENTO,2866.56,10,SP-CORE-01,BR,BR-8809893329
TXN00000844,CLI000697,2023-06-20,ESTORNO,-2392.79,10,SP-CORE-01,BR,BR-6312462377
TXN00000845,CLI001136,2023-08-24,FATURA,2666.38,02,SP-CORE-02,BR,BR-4763500857
TXN00000846,CLI000736,2023-07-16,FATURA,2319.35,02,MG-CORE-01,BR,BR-3238756255
TXN00000847,CLI000074,2023-02-13,PAGAMENTO,3100.55,10,SP-CORE-02,BR,BR-7071194857
TXN00000848,CLI000130,2023-01-13,AJUSTE,2524.69,01,MG-CORE-01,BR,BR-2181777110
TXN00000849,CLI000692,2023-09-13,ESTORNO,-1878.11,10,SP-CORE-01,BR,BR-8210176888
TXN00000850,CLI001187,2023-07-27,FATURA,431.29,10,BA-CORE-01,BR,BR-7682327733
TXN00000851,CLI000966,2023-02-06,AJUSTE,148.33,01,MG-CORE-01,BR,BR-7547518979
TXN00000852,CLI000103,2023-05-05,FATURA,2460.51,01,SP-CORE-01,BR,BR-8285589122
TXN00000853,CLI000218,2023-02-19,ESTORNO,1607.52,01,BA-CORE-01,BR,BR-2753459822
TXN00000854,CLI000873,2023-09-12,FATURA,2090.52,01,SP-CORE-01,BR,BR-6582978573
TXN00000855,CLI000437,2023-12-14,ESTORNO,-1418.99,00,BA-CORE-01,BR,BR-7605351600
TXN00000856,CLI000290,2023-10-31,FATURA,623.6,00,SP-CORE-01,BR,BR-6262814762
TXN00000857,CLI001192,2023-03-28,PAGAMENTO,2443.11,01,MG-CORE-01,BR,BR-9837427517
TXN00000858,CLI000998,2023-03-10,FATURA,367.89,10,SP-CORE-02,BR,BR-3276297510
TXN00000859,CLI000853,2023-01-04,FATURA,45.14,00,BA-CORE-01,BR,BR-2668247132
TXN00000860,CLI000923,2023-12-21,PAGAMENTO,461.59,01,RJ-CORE-01,BR,BR-2095197958
TXN00000861,CLI001024,2023-05-03,PAGAMENTO,3284.55,00,BA-CORE-01,BR,BR-2593765711
TXN00000862,CLI000010,2023-11-18,FATURA,2896.16,02,RJ-CORE-01,BR,BR-4562272871
TXN00000863,CLI001106,2023-04-09,AJUSTE,428.93,00,BA-CORE-01,BR,BR-5516315438
TXN00000864,CLI000397,2023-08-26,AJUSTE,2700.75,01,RJ-CORE-01,BR,BR-1312606333
TXN00000865,CLI000328,2023-03-18,FATURA,2404.65,10,MG-CORE-01,BR,BR-6227046160
TXN00000866,CLI000515,2023-01-28,FATURA,2264.12,02,SP-CORE-02,BR,BR-9190643621
TXN00000867,CLI001101,2023-11-12,ESTORNO,2821.93,10,SP-CORE-01,BR,BR-4904100195
TXN00000868,CLI000146,2023-03-22,AJUSTE,2753.51,10,BA-CORE-01,BR,BR-4184611760
TXN00000869,CLI000668,2023-08-16,AJUSTE,2082.62,02,MG-CORE-01,BR,BR-8534793156
TXN00000870,CLI000410,2023-02-26,AJUSTE,1154.94,00,SP-CORE-02,BR,BR-4927495468
TXN00000871,CLI000297,2023-04-23,PAGAMENTO,275.88,10,SP-CORE-01,BR,BR-4022663059
TXN00000872,CLI000938,2023-11-09,AJUSTE,1603.37,10,RJ-CORE-01,BR,BR-6510697299
TXN00000873,CLI000261,2023-11-20,AJUSTE,1267.89,02,SP-CORE-02,BR,BR-8081204252
TXN00000874,CLI000954,2023-12-21,FATURA,1998.96,02,SP-CORE-02,BR,BR-6619630925
TXN00000875,CLI000322,2023-08-03,PAGAMENTO,615.78,02,SP-CORE-02,BR,BR-9086615744
TXN00000876,CLI001069,2023-10-23,AJUSTE,3396.07,01,SP-CORE-01,BR,BR-3001472250
TXN00000877,CLI000877,2023-04-21,PAGAMENTO,2078.7,10,RJ-CORE-01,BR,BR-8397709966
TXN00000878,CLI001175,2023-05-07,AJUSTE,1158.99,01,BA-CORE-01,BR,BR-6167393219
TXN00000879,CLI000069,2023-08-02,FATURA,3431.04,00,MG-CORE-01,BR,BR-6638957137
TXN00000880,CLI000493,2023-09-29,PAGAMENTO,1392.23,00,MG-CORE-01,BR,BR-9786280935
TXN00000881,CLI000735,2023-10-13,FATURA,2640.71,10,SP-CORE-02,BR,BR-4711216152
TXN00000882,CLI000332,2023-05-03,ESTORNO,2273.79,00,SP-CORE-01,BR,BR-4183654731
TXN00000883,CLI000284,2023-10-20,PAGAMENTO,2620.56,00,MG-CORE-01,BR,BR-5364631241
TXN00000884,CLI000145,2023-04-05,PAGAMENTO,2768.71,02,MG-CORE-01,BR,BR-8387395021
TXN00000885,CLI000553,2023-12-20,PAGAMENTO,1178.51,00,RJ-CORE-01,BR,BR-2267841227
TXN00000886,CLI000746,2023-12-17,AJUSTE,301.74,02,SP-CORE-01,BR,BR-6137604603
TXN00000887,CLI000749,2023-02-26,FATURA,1352.68,10,BA-CORE-01,BR,BR-6282889763
TXN00000888,CLI000686,2023-03-31,ESTORNO,-2275.64,00,BA-CORE-01,BR,BR-6350369667
TXN00000889,CLI000462,2023-10-04,AJUSTE,415.18,10,BA-CORE-01,BR,BR-6744794855
TXN00000890,CLI000708,2023-06-30,ESTORNO,-3144.81,10,RJ-CORE-01,BR,BR-8471499716
TXN00000891,CLI001092,2023-09-06,PAGAMENTO,1765.05,00,MG-CORE-01,BR,BR-2979245480
TXN00000892,CLI000801,2023-08-20,ESTORNO,-2180.91,00,SP-CORE-02,BR,BR-2512585138
TXN00000893,CLI000566,2023-05-28,AJUSTE,3354.73,00,SP-CORE-01,BR,BR-7642365889
TXN00000894,CLI000047,2023-12-23,FATURA,534.88,01,SP-CORE-02,BR,BR-5111301175
TXN00000895,CLI000044,2023-08-02,ESTORNO,-3394.12,01,MG-CORE-01,BR,BR-3250324141
TXN00000896,CLI000703,2023-04-07,ESTORNO,-239.06,01,BA-CORE-01,BR,BR-5322385617
TXN00000897,CLI000628,2023-09-06,ESTORNO,2084.88,10,MG-CORE-01,BR,BR-3708842947
TXN00000898,CLI000304,2023-05-14,AJUSTE,809.2,02,RJ-CORE-01,BR,BR-9881854670
TXN00000899,CLI000585,2023-05-26,ESTORNO,1606.62,01,BA-CORE-01,BR,BR-1648667392
TXN00000900,CLI000240,2023-03-31,AJUSTE,2940.87,01,SP-CORE-02,BR,BR-7253513875
TXN00000901,CLI000378,2023-06-12,FATURA,2019.35,10,RJ-CORE-01,BR,BR-9849565863
TXN00000902,CLI000764,2023-10-15,AJUSTE,2480.83,02,RJ-CORE-01,BR,BR-9215204939
TXN00000903,CLI000829,2023-10-04,PAGAMENTO,3414.62,02,SP-CORE-01,BR,BR-8126571968
TXN00000904,CLI001119,2023-03-16,PAGAMENTO,3318.31,02,SP-CORE-02,BR,BR-1067567428
TXN00000905,CLI001158,2023-11-28,ESTORNO,2474.97,10,RJ-CORE-01,BR,BR-2766685440
TXN00000906,CLI001129,2023-06-23,PAGAMENTO,2418.23,10,SP-CORE-01,BR,BR-9661772834
TXN00000907,CLI000190,2023-06-07,FATURA,106.29,01,MG-CORE-01,BR,BR-8396761430
TXN00000908,CLI000570,2023-01-29,ESTORNO,-2136.37,01,BA-CORE-01,BR,BR-2231317910
TXN00000909,CLI000808,2023-01-12,AJUSTE,310.89,10,SP-CORE-01,BR,BR-1769945233
TXN00000910,CLI000303,2023-09-09,AJUSTE,1125.8,00,RJ-CORE-01,BR,BR-4942989764
TXN00000911,CLI000720,2023-07-09,PAGAMENTO,1363.67,00,RJ-CORE-01,BR,BR-3252218154
TXN00000912,CLI000852,2023-08-17,ESTORNO,3062.57,00,SP-CORE-02,BR,BR-2034953269
TXN00000913,CLI000286,2023-05-28,PAGAMENTO,140602.43,4F,SANTOS-PORT-07,PA,OFFSHORE-687002TQ
TXN00000914,CLI000136,2023-03-15,FATURA,743.09,10,BA-CORE-01,BR,BR-5650101484
TXN00000915,CLI001139,2023-02-15,PAGAMENTO,43.03,02,MG-CORE-01,BR,BR-8925631115
TXN00000916,CLI000782,2023-12-30,PAGAMENTO,1996.35,01,SP-CORE-02,BR,BR-5182609867
TXN00000917,CLI000950,2023-10-11,ESTORNO,-1727.24,02,BA-CORE-01,BR,BR-4947728706
TXN00000918,CLI000968,2023-01-14,AJUSTE,2773.44,01,RJ-CORE-01,BR,BR-1986839603
TXN00000919,CLI001008,2023-12-01,FATURA,2337.38,02,MG-CORE-01,BR,BR-7729286656
TXN00000920,CLI000741,2023-01-15,AJUSTE,435.35,02,MG-CORE-01,BR,BR-2164344392
TXN00000921,CLI000765,2023-10-17,PAGAMENTO,1537.52,02,MG-CORE-01,BR,BR-4969233836
TXN00000922,CLI000945,2023-05-13,FATURA,586.71,00,SP-CORE-02,BR,BR-3826557688
TXN00000923,CLI000730,2023-07-02,AJUSTE,588.31,02,RJ-CORE-01,BR,BR-8947526020
TXN00000924,CLI000376,2023-05-29,FATURA,1034.99,00,BA-CORE-01,BR,BR-8820716211
TXN00000925,CLI000556,2023-11-03,FATURA,2639.15,02,RJ-CORE-01,BR,BR-4989487508
TXN00000926,CLI000577,2023-02-19,ESTORNO,-1879.78,02,SP-CORE-02,BR,BR-2285384455
TXN00000927,CLI000453,2023-09-06,ESTORNO,-1453.74,01,SP-CORE-01,BR,BR-3422182038
TXN00000928,CLI000157,2023-10-14,AJUSTE,2154.73,00,MG-CORE-01,BR,BR-8943294720
TXN00000929,CLI000743,2023-03-09,FATURA,3233.47,10,RJ-CORE-01,BR,BR-7616665277
TXN00000930,CLI000059,2023-08-15,AJUSTE,3116.25,02,SP-CORE-02,BR,BR-4177181331
TXN00000931,CLI000257,2023-04-24,FATURA,467.93,01,SP-CORE-02,BR,BR-9926778957
TXN00000932,CLI000039,2023-03-08,AJUSTE,3434.26,10,SP-CORE-01,BR,BR-2485455239
TXN00000933,CLI000122,2023-08-09,PAGAMENTO,167.96,00,SP-CORE-01,BR,BR-5714524551
TXN00000934,CLI000022,2023-03-02,PAGAMENTO,3181.68,00,SP-CORE-01,BR,BR-5621463184
TXN00000935,CLI000379,2023-03-05,FATURA,3221.94,01,BA-CORE-01,BR,BR-7853087029
TXN00000936,CLI001026,2023-01-15,ESTORNO,-335.91,02,BA-CORE-01,BR,BR-2401777036
TXN00000937,CLI001084,2023-09-16,AJUSTE,2004.42,00,BA-CORE-01,BR,BR-8018504635
TXN00000938,CLI000203,2023-04-09,AJUSTE,3375.64,01,BA-CORE-01,BR,BR-7230065637
TXN00000939,CLI000380,2023-09-16,AJUSTE,2982.51,10,RJ-CORE-01,BR,BR-6274814220
TXN00000940,CLI000869,2023-12-11,PAGAMENTO,3352.96,01,RJ-CORE-01,BR,BR-6907413963
TXN00000941,CLI000955,2023-09-21,AJUSTE,811.89,00,RJ-CORE-01,BR,BR-2632399901
TXN00000942,CLI000084,2023-09-24,FATURA,492.98,02,RJ-CORE-01,BR,BR-1315708805
TXN00000943,CLI000639,2023-06-17,FATURA,1738.12,10,RJ-CORE-01,BR,BR-2150931110
TXN00000944,CLI000143,2023-04-26,PAGAMENTO,1947.63,02,MG-CORE-01,BR,BR-6968380957
TXN00000945,CLI000812,2023-12-14,PAGAMENTO,1298.7,00,MG-CORE-01,BR,BR-2549195708
TXN00000946,CLI000809,2023-09-25,PAGAMENTO,2311.75,00,SP-CORE-01,BR,BR-1393077279
TXN00000947,CLI000745,2023-12-22,PAGAMENTO,2075.14,00,SP-CORE-02,BR,BR-9344950649
TXN00000948,CLI000870,2023-06-23,AJUSTE,716.92,10,SP-CORE-01,BR,BR-7205093305
TXN00000949,CLI000975,2023-05-23,PAGAMENTO,2681.56,02,MG-CORE-01,BR,BR-8564925592
TXN00000950,CLI000251,2023-09-06,PAGAMENTO,1799.72,01,MG-CORE-01,BR,BR-1439080604
TXN00000951,CLI000140,2023-09-08,ESTORNO,1750.51,01,SP-CORE-01,BR,BR-1374938761
TXN00000952,CLI000670,2023-12-14,PAGAMENTO,113.09,01,MG-CORE-01,BR,BR-7146010221
TXN00000953,CLI001009,2023-06-05,AJUSTE,2184.44,00,SP-CORE-01,BR,BR-7495883972
TXN00000954,CLI000536,2023-04-14,PAGAMENTO,1041.6,10,MG-CORE-01,BR,BR-1443639751
TXN00000955,CLI000645,2023-10-04,ESTORNO,-1922.24,00,MG-CORE-01,BR,BR-5679877282
TXN00000956,CLI000621,2023-08-15,PAGAMENTO,1619.6,00,SP-CORE-02,BR,BR-3380355948
TXN00000957,CLI000225,2023-09-09,AJUSTE,1518.77,02,MG-CORE-01,BR,BR-8664105957
TXN00000958,CLI000321,2023-12-04,PAGAMENTO,1947.17,10,MG-CORE-01,BR,BR-9004608615
TXN00000959,CLI000583,2023-07-20,FATURA,936.6,10,BA-CORE-01,BR,BR-5347969846
TXN00000960,CLI001196,2023-02-01,ESTORNO,-117.95,00,SP-CORE-02,BR,BR-7072268003
TXN00000961,CLI000732,2023-11-17,FATURA,1207.57,00,MG-CORE-01,BR,BR-4346505855
TXN00000962,CLI000640,2023-06-29,PAGAMENTO,216.44,01,SP-CORE-02,BR,BR-3238126936
TXN00000963,CLI000348,2023-12-19,FATURA,247.94,02,SP-CORE-01,BR,BR-8238377072
TXN00000964,CLI001055,2023-10-03,FATURA,1154.89,10,MG-CORE-01,BR,BR-1728004476
TXN00000965,CLI000649,2023-05-17,PAGAMENTO,91.0,10,BA-CORE-01,BR,BR-6449965466
TXN00000966,CLI000422,2023-10-20,PAGAMENTO,1378.25,00,MG-CORE-01,BR,BR-6447765697
TXN00000967,CLI000893,2023-09-12,ESTORNO,-1769.63,02,SP-CORE-02,BR,BR-1626785308
TXN00000968,CLI000589,2023-09-12,AJUSTE,2231.35,00,BA-CORE-01,BR,BR-6013117609
TXN00000969,CLI000189,2023-01-25,ESTORNO,1054.67,10,SP-CORE-02,BR,BR-6480214504
TXN00000970,CLI000974,2023-10-31,FATURA,1192.2,00,BA-CORE-01,BR,BR-6582393412
TXN00000971,CLI000615,2023-04-18,PAGAMENTO,1228.66,00,RJ-CORE-01,BR,BR-4361527572
TXN00000972,CLI000515,2023-12-06,PAGAMENTO,1899.02,01,MG-CORE-01,BR,BR-6845987005
TXN00000973,CLI000383,2023-12-10,PAGAMENTO,2676.78,01,SP-CORE-01,BR,BR-5055403877
TXN00000974,CLI000889,2023-04-20,PAGAMENTO,2319.61,10,RJ-CORE-01,BR,BR-3648572296
TXN00000975,CLI000309,2023-09-25,FATURA,718.26,10,SP-CORE-02,BR,BR-2966500767
TXN00000976,CLI000588,2023-08-11,ESTORNO,-1447.71,00,SP-CORE-02,BR,BR-5876890399
TXN00000977,CLI000233,2023-05-12,AJUSTE,2410.26,01,MG-CORE-01,BR,BR-6994451417
TXN00000978,CLI001147,2023-04-09,AJUSTE,116.41,02,MG-CORE-01,BR,BR-8998080862
TXN00000979,CLI000559,2023-08-05,PAGAMENTO,2271.29,00,SP-CORE-02,BR,BR-7185710340
TXN00000980,CLI000087,2023-01-15,AJUSTE,919.22,02,BA-CORE-01,BR,BR-3552898167
TXN00000981,CLI000611,2023-01-11,PAGAMENTO,212.54,00,RJ-CORE-01,BR,BR-6585327015
TXN00000982,CLI000484,2023-07-28,FATURA,3140.77,00,MG-CORE-01,BR,BR-3986257683
TXN00000983,CLI001076,2023-10-20,FATURA,2575.99,00,BA-CORE-01,BR,BR-7352298473
TXN00000984,CLI000642,2023-09-12,ESTORNO,3098.29,01,BA-CORE-01,BR,BR-6665653122
TXN00000985,CLI000359,2023-10-27,ESTORNO,-2585.58,01,MG-CORE-01,BR,BR-8013262671
TXN00000986,CLI001005,2023-05-21,AJUSTE,1549.37,02,BA-CORE-01,BR,BR-4358554365
TXN00000987,CLI000505,2023-12-25,ESTORNO,-3321.51,02,BA-CORE-01,BR,BR-6694638039
TXN00000988,CLI000072,2023-03-16,ESTORNO,1283.23,02,RJ-CORE-01,BR,BR-8670238355
TXN00000989,CLI000788,2023-12-20,FATURA,3212.75,01,RJ-CORE-01,BR,BR-2567729816
TXN00000990,CLI000907,2023-11-24,ESTORNO,3355.52,02,SP-CORE-01,BR,BR-8418324922
TXN00000991,CLI000185,2023-01-05,PAGAMENTO,3186.07,10,RJ-CORE-01,BR,BR-6195400294
TXN00000992,CLI000833,2023-06-02,AJUSTE,752.14,01,MG-CORE-01,BR,BR-8721000527
TXN00000993,CLI000682,2023-05-21,FATURA,3035.23,10,MG-CORE-01,BR,BR-8709662258
TXN00000994,CLI000721,2023-02-21,PAGAMENTO,2888.92,02,BA-CORE-01,BR,BR-8185384294
TXN00000995,CLI000107,2023-11-05,PAGAMENTO,2557.73,02,MG-CORE-01,BR,BR-2300656317
TXN00000996,CLI000410,2023-11-19,AJUSTE,1563.05,01,SP-CORE-01,BR,BR-2619163247
TXN00000997,CLI000267,2023-06-10,ESTORNO,2023.82,00,SP-CORE-02,BR,BR-7863073642
TXN00000998,CLI000671,2023-06-13,PAGAMENTO,1591.18,01,RJ-CORE-01,BR,BR-7795686304
TXN00000999,CLI001169,2023-04-12,ESTORNO,313.71,02,SP-CORE-02,BR,BR-9454334062
TXN00001000,CLI000407,2023-01-11,AJUSTE,3319.42,01,SP-CORE-01,BR,BR-4927323476
TXN00001001,CLI000533,2023-12-26,ESTORNO,-2984.37,00,MG-CORE-01,BR,BR-8149805821
TXN00001002,CLI000029,2023-02-15,AJUSTE,3353.95,01,BA-CORE-01,BR,BR-3631431563
TXN00001003,CLI000417,2023-08-21,PAGAMENTO,2898.86,10,SP-CORE-01,BR,BR-8072709948
TXN00001004,CLI000884,2023-05-17,AJUSTE,1022.11,10,MG-CORE-01,BR,BR-8714753670
TXN00001005,CLI000370,2023-11-04,AJUSTE,770.17,02,SP-CORE-02,BR,BR-1455028401
TXN00001006,CLI000924,2023-03-16,PAGAMENTO,120.13,02,SP-CORE-02,BR,BR-5718479235
TXN00001007,CLI000961,2023-07-09,AJUSTE,2048.5,10,SP-CORE-01,BR,BR-6244291385
TXN00001008,CLI000867,2023-06-15,AJUSTE,3410.91,10,SP-CORE-02,BR,BR-6901798608
TXN00001009,CLI000965,2023-02-07,ESTORNO,351.57,00,SP-CORE-01,BR,BR-5942411853
TXN00001010,CLI000781,2023-11-07,ESTORNO,3288.84,00,SP-CORE-01,BR,BR-5285100605
TXN00001011,CLI000534,2023-07-22,ESTORNO,2355.99,01,BA-CORE-01,BR,BR-3073486033
TXN00001012,CLI000184,2023-09-15,AJUSTE,1735.08,02,MG-CORE-01,BR,BR-6563839027
TXN00001013,CLI000262,2023-12-30,ESTORNO,-1865.87,01,RJ-CORE-01,BR,BR-1368743555
TXN00001014,CLI000541,2023-05-24,PAGAMENTO,2622.43,10,RJ-CORE-01,BR,BR-4135973483
TXN00001015,CLI000902,2023-08-12,ESTORNO,3126.5,02,MG-CORE-01,BR,BR-6791027463
TXN00001016,CLI000964,2023-04-07,FATURA,537.2,01,SP-CORE-02,BR,BR-6768427475
TXN00001017,CLI000731,2023-03-25,ESTORNO,-2476.75,10,SP-CORE-01,BR,BR-4368413994
TXN00001018,CLI000192,2023-08-23,PAGAMENTO,1735.6,01,SP-CORE-01,BR,BR-7533138437
TXN00001019,CLI001154,2023-05-26,AJUSTE,648.68,01,BA-CORE-01,BR,BR-6790905673
TXN00001020,CLI000370,2023-10-26,AJUSTE,3493.06,00,BA-CORE-01,BR,BR-5714255033
TXN00001021,CLI000054,2023-02-09,PAGAMENTO,876.63,10,SP-CORE-01,BR,BR-7238213207
TXN00001022,CLI000218,2023-12-15,ESTORNO,3435.04,00,MG-CORE-01,BR,BR-5583478908
TXN00001023,CLI000552,2023-03-20,ESTORNO,90683.57,4F,SANTOS-PORT-07,PA,OFFSHORE-266093BZ
TXN00001024,CLI000265,2023-06-18,FATURA,3394.8,10,RJ-CORE-01,BR,BR-7139882707
TXN00001025,CLI000145,2023-01-25,AJUSTE,2809.42,02,RJ-CORE-01,BR,BR-9609047368
TXN00001026,CLI000183,2023-02-17,PAGAMENTO,1408.03,01,SP-CORE-02,BR,BR-1922542252
TXN00001027,CLI000247,2023-04-17,FATURA,587.03,10,RJ-CORE-01,BR,BR-4418828570
TXN00001028,CLI000197,2023-09-09,ESTORNO,-2807.83,02,BA-CORE-01,BR,BR-3479690385
TXN00001029,CLI000867,2023-09-20,ESTORNO,-715.55,10,MG-CORE-01,BR,BR-3305920746
TXN00001030,CLI000191,2023-08-05,FATURA,2842.26,01,MG-CORE-01,BR,BR-6866036409
TXN00001031,CLI001015,2023-09-20,FATURA,1209.27,10,SP-CORE-02,BR,BR-6141394879
TXN00001032,CLI000305,2023-05-29,FATURA,1649.4,00,MG-CORE-01,BR,BR-5784400161
TXN00001033,CLI000606,2023-12-17,AJUSTE,3162.1,01,BA-CORE-01,BR,BR-5785590330
TXN00001034,CLI001046,2023-10-10,FATURA,286.33,00,BA-CORE-01,BR,BR-8733575600
TXN00001035,CLI001200,2023-07-31,PAGAMENTO,348.81,02,RJ-CORE-01,BR,BR-3534753843
TXN00001036,CLI000805,2023-09-15,FATURA,76.62,10,SP-CORE-02,BR,BR-3886690817
TXN00001037,CLI000932,2023-02-12,FATURA,1468.56,02,RJ-CORE-01,BR,BR-2345122542
TXN00001038,CLI000380,2023-11-16,PAGAMENTO,2831.26,02,SP-CORE-02,BR,BR-6319629373
TXN00001039,CLI000037,2023-11-06,FATURA,922.43,00,MG-CORE-01,BR,BR-1502291736
TXN00001040,CLI000830,2023-07-22,FATURA,426.04,01,MG-CORE-01,BR,BR-6963404324
TXN00001041,CLI000180,2023-06-05,PAGAMENTO,2172.38,02,MG-CORE-01,BR,BR-3561629386
TXN00001042,CLI000055,2023-03-11,AJUSTE,68.29,00,SP-CORE-01,BR,BR-7763740453
TXN00001043,CLI000391,2023-09-04,AJUSTE,2277.21,01,MG-CORE-01,BR,BR-2816937739
TXN00001044,CLI000045,2023-06-04,FATURA,2698.63,01,MG-CORE-01,BR,BR-6011649263
TXN00001045,CLI000041,2023-03-27,FATURA,3160.41,10,MG-CORE-01,BR,BR-2240535933
TXN00001046,CLI000105,2023-10-27,PAGAMENTO,864.35,02,BA-CORE-01,BR,BR-6098549568
TXN00001047,CLI001136,2023-01-05,ESTORNO,377.27,10,MG-CORE-01,BR,BR-8911266259
TXN00001048,CLI001000,2023-01-19,ESTORNO,1716.49,10,BA-CORE-01,BR,BR-3660345628
TXN00001049,CLI001134,2023-02-01,AJUSTE,1858.51,10,BA-CORE-01,BR,BR-9012356988
TXN00001050,CLI001014,2023-05-18,FATURA,3127.21,10,MG-CORE-01,BR,BR-5088130061
TXN00001051,CLI000962,2023-08-18,ESTORNO,2447.35,00,SP-CORE-02,BR,BR-3081379485
TXN00001052,CLI000960,2023-08-13,ESTORNO,827.72,01,BA-CORE-01,BR,BR-8099880573
TXN00001053,CLI000968,2023-05-31,AJUSTE,2536.02,10,MG-CORE-01,BR,BR-7406913885
TXN00001054,CLI000355,2023-11-15,AJUSTE,741.09,00,MG-CORE-01,BR,BR-7201296029
TXN00001055,CLI000622,2023-03-22,AJUSTE,2128.01,00,MG-CORE-01,BR,BR-1718348264
TXN00001056,CLI000732,2023-04-18,AJUSTE,1957.77,00,RJ-CORE-01,BR,BR-3428365056
TXN00001057,CLI000882,2023-03-31,AJUSTE,2901.26,00,SP-CORE-01,BR,BR-6242134332
TXN00001058,CLI000697,2023-11-13,FATURA,808.88,01,MG-CORE-01,BR,BR-5435391625
TXN00001059,CLI000214,2023-01-24,ESTORNO,2699.93,02,SP-CORE-02,BR,BR-2239829538
TXN00001060,CLI000209,2023-08-13,FATURA,2800.47,00,SP-CORE-01,BR,BR-8648220906
TXN00001061,CLI000322,2023-09-17,FATURA,386.83,00,SP-CORE-02,BR,BR-3193894984
TXN00001062,CLI000686,2023-12-29,ESTORNO,1556.48,10,SP-CORE-01,BR,BR-3459788151
TXN00001063,CLI000503,2023-03-04,AJUSTE,2973.11,10,MG-CORE-01,BR,BR-9550822977
TXN00001064,CLI000763,2023-06-24,PAGAMENTO,1017.92,01,SP-CORE-01,BR,BR-4250372185
TXN00001065,CLI000864,2023-07-04,PAGAMENTO,2210.45,01,SP-CORE-02,BR,BR-2826025489
TXN00001066,CLI001058,2023-03-12,AJUSTE,2810.16,10,MG-CORE-01,BR,BR-6358107532
TXN00001067,CLI000645,2023-01-16,ESTORNO,-1560.17,00,BA-CORE-01,BR,BR-5433395802
TXN00001068,CLI001177,2023-03-26,PAGAMENTO,1530.57,10,SP-CORE-01,BR,BR-6423750090
TXN00001069,CLI001134,2023-11-20,FATURA,3430.56,02,MG-CORE-01,BR,BR-5668556448
TXN00001070,CLI000301,2023-06-10,ESTORNO,3184.12,00,RJ-CORE-01,BR,BR-4487036345
TXN00001071,CLI000405,2023-08-17,PAGAMENTO,2260.7,10,RJ-CORE-01,BR,BR-8254773516
TXN00001072,CLI001108,2023-02-13,ESTORNO,148.66,02,MG-CORE-01,BR,BR-2838963536
TXN00001073,CLI000328,2023-04-20,ESTORNO,343.01,02,BA-CORE-01,BR,BR-3646349248
TXN00001074,CLI000866,2023-01-15,FATURA,3118.31,02,SP-CORE-02,BR,BR-4370902138
TXN00001075,CLI000254,2023-01-31,FATURA,2948.71,02,BA-CORE-01,BR,BR-4494084172
TXN00001076,CLI000011,2023-11-30,FATURA,3295.87,10,RJ-CORE-01,BR,BR-4459340599
TXN00001077,CLI000583,2023-06-23,PAGAMENTO,3440.67,01,RJ-CORE-01,BR,BR-7743417981
TXN00001078,CLI001058,2023-07-13,AJUSTE,1828.44,01,SP-CORE-01,BR,BR-7581095906
TXN00001079,CLI000168,2023-07-04,AJUSTE,1601.0,01,MG-CORE-01,BR,BR-6018142572
TXN00001080,CLI000914,2023-02-01,FATURA,1498.61,01,MG-CORE-01,BR,BR-6551823759
TXN00001081,CLI001063,2023-07-09,FATURA,2375.34,10,BA-CORE-01,BR,BR-7754847890
TXN00001082,CLI000854,2023-05-16,PAGAMENTO,2053.38,10,MG-CORE-01,BR,BR-4501175349
TXN00001083,CLI001052,2023-03-15,AJUSTE,1780.13,10,MG-CORE-01,BR,BR-3817053070
TXN00001084,CLI001145,2023-12-22,FATURA,760.0,10,SP-CORE-01,BR,BR-1569902893
TXN00001085,CLI000594,2023-03-02,ESTORNO,-2113.57,10,SP-CORE-01,BR,BR-6981604165
TXN00001086,CLI000622,2023-09-25,FATURA,553.5,02,RJ-CORE-01,BR,BR-8011113122
TXN00001087,CLI000625,2023-09-06,ESTORNO,-117.36,01,SP-CORE-02,BR,BR-7991402837
TXN00001088,CLI000139,2023-04-21,ESTORNO,657.11,10,SP-CORE-01,BR,BR-6906320181
TXN00001089,CLI000692,2023-08-02,FATURA,1694.49,02,BA-CORE-01,BR,BR-9914274512
TXN00001090,CLI000944,2023-09-01,PAGAMENTO,2923.92,01,SP-CORE-02,BR,BR-4302332663
TXN00001091,CLI000839,2023-12-08,PAGAMENTO,1582.78,02,SP-CORE-01,BR,BR-8515344013
TXN00001092,CLI000908,2023-04-30,PAGAMENTO,3152.85,02,BA-CORE-01,BR,BR-9063016667
TXN00001093,CLI000633,2023-11-27,ESTORNO,328.08,01,SP-CORE-01,BR,BR-7391102387
TXN00001094,CLI001182,2023-11-26,FATURA,1966.55,01,BA-CORE-01,BR,BR-3499480048
TXN00001095,CLI000247,2023-10-19,FATURA,1835.7,10,BA-CORE-01,BR,BR-9989974968
TXN00001096,CLI000910,2023-01-10,AJUSTE,976.87,01,SP-CORE-02,BR,BR-9470321015
TXN00001097,CLI001007,2023-10-01,FATURA,2131.85,10,BA-CORE-01,BR,BR-8289800644
TXN00001098,CLI000650,2023-06-24,FATURA,1540.82,10,SP-CORE-01,BR,BR-4651178503
TXN00001099,CLI000585,2023-05-12,PAGAMENTO,336.77,00,BA-CORE-01,BR,BR-2708176663
TXN00001100,CLI000835,2023-04-04,AJUSTE,909.33,00,SP-CORE-02,BR,BR-9453047901
TXN00001101,CLI000120,2023-01-31,AJUSTE,2158.37,02,SP-CORE-02,BR,BR-4542693668
TXN00001102,CLI000248,2023-07-19,ESTORNO,-363.63,01,MG-CORE-01,BR,BR-7419751815
TXN00001103,CLI001034,2023-04-14,FATURA,853.89,01,MG-CORE-01,BR,BR-6512990303
TXN00001104,CLI000834,2023-02-28,PAGAMENTO,957.12,02,MG-CORE-01,BR,BR-8956094389
TXN00001105,CLI001135,2023-09-05,FATURA,120.59,01,SP-CORE-01,BR,BR-8680705725
TXN00001106,CLI000834,2023-05-07,FATURA,2675.16,01,RJ-CORE-01,BR,BR-4273856102
TXN00001107,CLI001107,2023-02-12,PAGAMENTO,2965.05,01,SP-CORE-02,BR,BR-1197323378
TXN00001108,CLI000086,2023-05-06,AJUSTE,1890.62,10,BA-CORE-01,BR,BR-8888575793
TXN00001109,CLI000124,2023-08-26,FATURA,3364.68,02,SP-CORE-02,BR,BR-1069927882
TXN00001110,CLI001199,2023-05-20,PAGAMENTO,2100.58,10,RJ-CORE-01,BR,BR-5973501339
TXN00001111,CLI000252,2023-01-24,ESTORNO,-581.73,00,RJ-CORE-01,BR,BR-2960730480
TXN00001112,CLI001034,2023-10-12,AJUSTE,3495.9,10,SP-CORE-02,BR,BR-2837384013
TXN00001113,CLI000659,2023-12-16,ESTORNO,-3310.02,02,MG-CORE-01,BR,BR-4905874257
TXN00001114,CLI000005,2023-04-18,ESTORNO,1620.1,02,SP-CORE-01,BR,BR-2296502486
TXN00001115,CLI001002,2023-01-03,PAGAMENTO,3157.03,01,MG-CORE-01,BR,BR-9059914313
TXN00001116,CLI000912,2023-10-03,PAGAMENTO,302.4,00,BA-CORE-01,BR,BR-9990826771
TXN00001117,CLI000793,2023-06-30,FATURA,3402.7,10,BA-CORE-01,BR,BR-6843025485
TXN00001118,CLI000396,2023-12-23,AJUSTE,3443.61,00,MG-CORE-01,BR,BR-5648960780
TXN00001119,CLI000393,2023-01-05,PAGAMENTO,790.89,00,RJ-CORE-01,BR,BR-3787052438
TXN00001120,CLI000744,2023-11-11,FATURA,2195.82,01,SP-CORE-02,BR,BR-5517391943
TXN00001121,CLI000812,2023-05-24,FATURA,1735.08,01,SP-CORE-01,BR,BR-7981917208
TXN00001122,CLI000397,2023-05-23,FATURA,2000.48,10,SP-CORE-02,BR,BR-4243697409
TXN00001123,CLI001168,2023-02-03,AJUSTE,2066.81,00,SP-CORE-02,BR,BR-9981632126
TXN00001124,CLI001092,2023-09-25,AJUSTE,2556.57,02,SP-CORE-02,BR,BR-1408810792
TXN00001125,CLI000107,2023-12-15,ESTORNO,1969.2,10,SP-CORE-01,BR,BR-6211604267
TXN00001126,CLI000956,2023-08-10,ESTORNO,2958.31,10,RJ-CORE-01,BR,BR-1334744286
TXN00001127,CLI000570,2023-07-05,PAGAMENTO,1820.05,00,SP-CORE-02,BR,BR-3549834042
TXN00001128,CLI000686,2023-09-30,PAGAMENTO,1582.04,00,MG-CORE-01,BR,BR-2911547690
TXN00001129,CLI000512,2023-10-20,FATURA,2830.7,01,MG-CORE-01,BR,BR-9624563057
TXN00001130,CLI000983,2023-03-26,AJUSTE,1165.7,00,SP-CORE-01,BR,BR-8990100704
TXN00001131,CLI000221,2023-01-13,PAGAMENTO,2082.01,02,RJ-CORE-01,BR,BR-3980840461
TXN00001132,CLI000485,2023-05-03,PAGAMENTO,3356.63,00,RJ-CORE-01,BR,BR-3051706927
TXN00001133,CLI000256,2023-11-04,FATURA,2176.09,00,MG-CORE-01,BR,BR-6278286600
TXN00001134,CLI000262,2023-02-01,FATURA,3210.17,10,RJ-CORE-01,BR,BR-9973608649
TXN00001135,CLI000115,2023-08-15,FATURA,210.67,10,SP-CORE-01,BR,BR-4461558269
TXN00001136,CLI000842,2023-05-31,FATURA,2977.75,10,SP-CORE-01,BR,BR-5738214525
TXN00001137,CLI000951,2023-11-03,AJUSTE,2760.41,00,MG-CORE-01,BR,BR-2285291868
TXN00001138,CLI001060,2023-11-14,PAGAMENTO,2174.92,02,SP-CORE-01,BR,BR-4755937285
TXN00001139,CLI000397,2023-10-28,ESTORNO,689.83,00,SP-CORE-01,BR,BR-3908281627
TXN00001140,CLI000911,2023-11-23,AJUSTE,1790.97,02,MG-CORE-01,BR,BR-9883760207
TXN00001141,CLI000639,2023-05-05,AJUSTE,499.1,00,SP-CORE-01,BR,BR-3419317349
TXN00001142,CLI001109,2023-09-20,PAGAMENTO,3359.9,02,RJ-CORE-01,BR,BR-5999842516
TXN00001143,CLI000017,2023-03-17,AJUSTE,1653.94,02,RJ-CORE-01,BR,BR-4213790202
TXN00001144,CLI000411,2023-01-30,AJUSTE,167833.32,9A,SANTOS-PORT-07,LU,OFFSHORE-999404NT
TXN00001145,CLI000679,2023-02-05,AJUSTE,1208.6,10,MG-CORE-01,BR,BR-6977525103
TXN00001146,CLI000087,2023-11-12,ESTORNO,-1062.72,02,SP-CORE-02,BR,BR-3775278048
TXN00001147,CLI000437,2023-04-23,PAGAMENTO,3221.44,01,SP-CORE-02,BR,BR-6322929387
TXN00001148,CLI000820,2023-09-04,AJUSTE,2576.36,02,MG-CORE-01,BR,BR-2657365938
TXN00001149,CLI001137,2023-01-04,AJUSTE,1282.6,00,RJ-CORE-01,BR,BR-6330405542
TXN00001150,CLI000090,2023-03-14,FATURA,1031.21,01,BA-CORE-01,BR,BR-9894928830
TXN00001151,CLI000357,2023-04-12,FATURA,708.43,01,SP-CORE-02,BR,BR-2359239702
TXN00001152,CLI000208,2023-10-11,ESTORNO,875.96,01,SP-CORE-01,BR,BR-7102562415
TXN00001153,CLI000625,2023-12-13,FATURA,497.61,00,RJ-CORE-01,BR,BR-1313497572
TXN00001154,CLI000889,2023-05-03,PAGAMENTO,1306.35,02,SP-CORE-02,BR,BR-3522707023
TXN00001155,CLI001091,2023-03-02,FATURA,522.62,01,SP-CORE-02,BR,BR-5354209613
TXN00001156,CLI000388,2023-12-22,PAGAMENTO,1322.41,10,SP-CORE-02,BR,BR-1926608888
TXN00001157,CLI001197,2023-03-18,ESTORNO,1160.33,00,RJ-CORE-01,BR,BR-4962447893
TXN00001158,CLI000343,2023-04-18,PAGAMENTO,2551.0,10,BA-CORE-01,BR,BR-8589679668
TXN00001159,CLI000951,2023-11-27,PAGAMENTO,2633.95,02,MG-CORE-01,BR,BR-2727768349
TXN00001160,CLI000550,2023-06-14,AJUSTE,2499.45,10,MG-CORE-01,BR,BR-5950724801
TXN00001161,CLI000416,2023-11-23,PAGAMENTO,3225.72,00,SP-CORE-02,BR,BR-5654014006
TXN00001162,CLI001171,2023-05-01,PAGAMENTO,1397.73,02,MG-CORE-01,BR,BR-9929329605
TXN00001163,CLI000605,2023-07-11,AJUSTE,905.76,00,SP-CORE-02,BR,BR-4955342162
TXN00001164,CLI000689,2023-09-23,PAGAMENTO,1243.48,00,MG-CORE-01,BR,BR-6698349136
TXN00001165,CLI000650,2023-08-19,PAGAMENTO,1647.08,10,RJ-CORE-01,BR,BR-3762327862
TXN00001166,CLI000736,2023-07-15,ESTORNO,106.02,10,SP-CORE-02,BR,BR-2024939794
TXN00001167,CLI000202,2023-05-31,FATURA,2952.26,00,RJ-CORE-01,BR,BR-2050032570
TXN00001168,CLI000675,2023-02-06,FATURA,1273.62,01,RJ-CORE-01,BR,BR-9266213260
TXN00001169,CLI001113,2023-06-04,ESTORNO,2613.34,02,SP-CORE-02,BR,BR-5793125884
TXN00001170,CLI001188,2023-01-05,ESTORNO,2699.86,02,RJ-CORE-01,BR,BR-5531313426
TXN00001171,CLI000430,2023-08-30,FATURA,-322013.68,9A,SANTOS-PORT-07,LU,OFFSHORE-564814VX
TXN00001172,CLI000176,2023-04-30,PAGAMENTO,1815.07,10,MG-CORE-01,BR,BR-5625980561
TXN00001173,CLI001144,2023-04-07,ESTORNO,-1512.2,10,SP-CORE-02,BR,BR-2546720356
TXN00001174,CLI001024,2023-07-11,FATURA,503.55,01,RJ-CORE-01,BR,BR-3434757387
TXN00001175,CLI000048,2023-06-23,ESTORNO,-804.71,10,MG-CORE-01,BR,BR-2579206999
TXN00001176,CLI001176,2023-03-13,FATURA,554.85,02,BA-CORE-01,BR,BR-4104309491
TXN00001177,CLI000792,2023-07-15,PAGAMENTO,730.63,10,SP-CORE-01,BR,BR-3185386258
TXN00001178,CLI000352,2023-09-01,AJUSTE,398.06,10,RJ-CORE-01,BR,BR-4706249669
TXN00001179,CLI000055,2023-12-12,FATURA,1944.12,00,BA-CORE-01,BR,BR-2050340486
TXN00001180,CLI000478,2023-04-12,AJUSTE,261.83,10,RJ-CORE-01,BR,BR-7321180787
TXN00001181,CLI000352,2023-12-04,ESTORNO,1844.9,10,SP-CORE-01,BR,BR-1644608746
TXN00001182,CLI000141,2023-07-30,ESTORNO,-1381.05,00,SP-CORE-02,BR,BR-4682870880
TXN00001183,CLI000973,2023-04-16,PAGAMENTO,472.16,01,RJ-CORE-01,BR,BR-2801177461
TXN00001184,CLI001030,2023-11-06,AJUSTE,2021.32,02,BA-CORE-01,BR,BR-2382129132
TXN00001185,CLI000818,2023-05-22,PAGAMENTO,721.93,01,MG-CORE-01,BR,BR-8388580360
TXN00001186,CLI001180,2023-09-27,AJUSTE,1164.54,10,MG-CORE-01,BR,BR-9924456994
TXN00001187,CLI000801,2023-02-16,FATURA,1021.93,10,RJ-CORE-01,BR,BR-2601198885
TXN00001188,CLI000376,2023-08-01,AJUSTE,886.99,10,MG-CORE-01,BR,BR-4873807154
TXN00001189,CLI000561,2023-07-21,FATURA,2451.28,00,SP-CORE-02,BR,BR-1770278136
TXN00001190,CLI001133,2023-12-08,ESTORNO,3208.71,01,MG-CORE-01,BR,BR-5215140451
TXN00001191,CLI000840,2023-07-08,FATURA,286.34,00,BA-CORE-01,BR,BR-9392707144
TXN00001192,CLI000150,2023-03-26,PAGAMENTO,899.63,00,MG-CORE-01,BR,BR-8923555411
TXN00001193,CLI000078,2023-07-15,PAGAMENTO,1215.93,10,SP-CORE-02,BR,BR-2405746777
TXN00001194,CLI000993,2023-05-09,FATURA,419.1,01,RJ-CORE-01,BR,BR-7670476743
TXN00001195,CLI000965,2023-02-04,PAGAMENTO,307.27,01,MG-CORE-01,BR,BR-5329194647
TXN00001196,CLI000255,2023-03-24,ESTORNO,-613.65,00,BA-CORE-01,BR,BR-6156843353
TXN00001197,CLI000903,2023-03-28,PAGAMENTO,290.0,00,RJ-CORE-01,BR,BR-3674551397
TXN00001198,CLI000098,2023-04-02,ESTORNO,-774.02,00,BA-CORE-01,BR,BR-7287517250
TXN00001199,CLI000010,2023-07-19,FATURA,2422.41,10,SP-CORE-01,BR,BR-2052811909
TXN00001200,CLI000410,2023-07-13,FATURA,2689.56,01,RJ-CORE-01,BR,BR-2761091683
TXN00001201,CLI000130,2023-01-09,FATURA,1487.46,00,RJ-CORE-01,BR,BR-4767539382
TXN00001202,CLI000852,2023-02-19,AJUSTE,2793.3,01,SP-CORE-02,BR,BR-9379439373
TXN00001203,CLI001110,2023-06-17,FATURA,1142.92,01,BA-CORE-01,BR,BR-8118065825
TXN00001204,CLI000663,2023-08-08,PAGAMENTO,440.4,01,SP-CORE-01,BR,BR-8418332121
TXN00001205,CLI000436,2023-01-08,AJUSTE,1419.45,02,SP-CORE-01,BR,BR-1446457642
TXN00001206,CLI000090,2023-04-23,PAGAMENTO,249.74,02,BA-CORE-01,BR,BR-6317889312
TXN00001207,CLI001166,2023-04-22,FATURA,1450.62,10,SP-CORE-01,BR,BR-5281907480
TXN00001208,CLI000681,2023-05-09,AJUSTE,3357.44,02,MG-CORE-01,BR,BR-8351491401
TXN00001209,CLI000687,2023-11-22,AJUSTE,2670.77,02,MG-CORE-01,BR,BR-1399546384
TXN00001210,CLI000477,2023-11-08,FATURA,3194.12,10,MG-CORE-01,BR,BR-4956843441
TXN00001211,CLI000878,2023-04-30,FATURA,93.82,00,RJ-CORE-01,BR,BR-7527316141
TXN00001212,CLI000608,2023-11-14,AJUSTE,296.28,01,RJ-CORE-01,BR,BR-6894808149
TXN00001213,CLI000909,2023-03-19,AJUSTE,1327.6,00,SP-CORE-02,BR,BR-9954587710
TXN00001214,CLI000591,2023-03-10,ESTORNO,987.88,00,BA-CORE-01,BR,BR-8816681105
TXN00001215,CLI000422,2023-04-28,FATURA,2967.33,02,RJ-CORE-01,BR,BR-9911329062
TXN00001216,CLI001068,2023-12-07,FATURA,3459.55,01,BA-CORE-01,BR,BR-3438771483
TXN00001217,CLI000395,2023-04-04,ESTORNO,-1559.42,00,SP-CORE-01,BR,BR-5141285960
TXN00001218,CLI000356,2023-11-21,FATURA,3472.2,01,SP-CORE-02,BR,BR-6311894154
TXN00001219,CLI000337,2023-05-01,AJUSTE,1785.84,10,MG-CORE-01,BR,BR-8734449371
TXN00001220,CLI001181,2023-05-06,AJUSTE,1495.58,01,RJ-CORE-01,BR,BR-8453283834
TXN00001221,CLI000816,2023-11-22,PAGAMENTO,720.88,10,SP-CORE-01,BR,BR-6661014794
TXN00001222,CLI000888,2023-03-27,PAGAMENTO,1658.08,10,BA-CORE-01,BR,BR-2168041588
TXN00001223,CLI000615,2023-09-04,AJUSTE,88.94,10,MG-CORE-01,BR,BR-1870644102
TXN00001224,CLI000627,2023-10-11,AJUSTE,2548.74,02,MG-CORE-01,BR,BR-3511301900
TXN00001225,CLI000280,2023-05-26,PAGAMENTO,1325.51,10,SP-CORE-01,BR,BR-1667483244
TXN00001226,CLI001026,2023-04-11,PAGAMENTO,558.44,01,SP-CORE-01,BR,BR-6000952470
TXN00001227,CLI000631,2023-09-09,ESTORNO,-1427.85,10,MG-CORE-01,BR,BR-7296658772
TXN00001228,CLI000333,2023-07-29,FATURA,3099.8,00,MG-CORE-01,BR,BR-2745958114
TXN00001229,CLI000755,2023-08-12,AJUSTE,3350.7,02,BA-CORE-01,BR,BR-7596745715
TXN00001230,CLI000979,2023-11-30,FATURA,1360.96,10,SP-CORE-02,BR,BR-6186758088
TXN00001231,CLI000933,2023-07-05,FATURA,2215.72,00,SP-CORE-02,BR,BR-6619138852
TXN00001232,CLI000190,2023-05-11,AJUSTE,881.0,01,SP-CORE-01,BR,BR-1515024824
TXN00001233,CLI000867,2023-07-23,PAGAMENTO,2477.12,00,BA-CORE-01,BR,BR-8241550421
TXN00001234,CLI000784,2023-08-07,AJUSTE,899.99,02,BA-CORE-01,BR,BR-1173215225
TXN00001235,CLI000706,2023-07-30,ESTORNO,2638.57,00,SP-CORE-01,BR,BR-2407863065
TXN00001236,CLI000345,2023-05-18,AJUSTE,2625.58,10,RJ-CORE-01,BR,BR-9981691030
TXN00001237,CLI000591,2023-01-01,PAGAMENTO,357.11,10,BA-CORE-01,BR,BR-6822870815
TXN00001238,CLI000997,2023-03-29,PAGAMENTO,633.88,01,SP-CORE-02,BR,BR-3205292512
TXN00001239,CLI000381,2023-09-15,AJUSTE,3320.72,10,BA-CORE-01,BR,BR-8203447752
TXN00001240,CLI000903,2023-01-31,AJUSTE,2629.71,01,RJ-CORE-01,BR,BR-5254923696
TXN00001241,CLI000256,2023-11-22,FATURA,598.12,02,SP-CORE-01,BR,BR-2073108894
TXN00001242,CLI000207,2023-02-02,ESTORNO,1210.69,01,MG-CORE-01,BR,BR-2984460654
TXN00001243,CLI000199,2023-02-01,FATURA,945.96,00,BA-CORE-01,BR,BR-1600406558
TXN00001244,CLI000545,2023-09-25,AJUSTE,2775.42,10,BA-CORE-01,BR,BR-1051354601
TXN00001245,CLI000703,2023-08-31,PAGAMENTO,2654.05,10,RJ-CORE-01,BR,BR-5220094152
TXN00001246,CLI000730,2023-05-03,ESTORNO,-3294.65,10,MG-CORE-01,BR,BR-1561417687
TXN00001247,CLI001087,2023-02-21,ESTORNO,30.73,10,SP-CORE-02,BR,BR-8832617672
TXN00001248,CLI000974,2023-12-25,ESTORNO,2635.01,01,RJ-CORE-01,BR,BR-3768901084
TXN00001249,CLI000094,2023-12-05,PAGAMENTO,674.01,02,SP-CORE-01,BR,BR-4490722186
TXN00001250,CLI000714,2023-12-14,ESTORNO,1566.19,10,MG-CORE-01,BR,BR-1276905285
TXN00001251,CLI000400,2023-09-01,PAGAMENTO,3454.31,00,MG-CORE-01,BR,BR-1553155490
TXN00001252,CLI000179,2023-09-24,AJUSTE,3069.29,00,SP-CORE-02,BR,BR-2423995953
TXN00001253,CLI000988,2023-12-11,ESTORNO,3487.14,10,SP-CORE-02,BR,BR-2979958124
TXN00001254,CLI000060,2023-05-05,AJUSTE,756.51,00,SP-CORE-01,BR,BR-7759781156
TXN00001255,CLI000976,2023-06-17,AJUSTE,3161.22,02,SP-CORE-02,BR,BR-6991473746
TXN00001256,CLI000459,2023-12-07,FATURA,492.43,10,SP-CORE-01,BR,BR-5421592782
TXN00001257,CLI000478,2023-11-26,FATURA,1214.43,10,BA-CORE-01,BR,BR-8229344434
TXN00001258,CLI000697,2023-05-13,AJUSTE,422.6,00,SP-CORE-01,BR,BR-6037168610
TXN00001259,CLI001182,2023-03-01,AJUSTE,2013.48,01,RJ-CORE-01,BR,BR-6098775210
TXN00001260,CLI000655,2023-06-09,FATURA,235.36,01,MG-CORE-01,BR,BR-6496933442
TXN00001261,CLI000219,2023-12-14,ESTORNO,3270.06,01,BA-CORE-01,BR,BR-4794276323
TXN00001262,CLI000608,2023-01-05,PAGAMENTO,1893.26,10,RJ-CORE-01,BR,BR-9738752801
TXN00001263,CLI000299,2023-09-13,AJUSTE,2386.33,01,BA-CORE-01,BR,BR-6562434335
TXN00001264,CLI000980,2023-11-03,FATURA,1134.08,00,RJ-CORE-01,BR,BR-7660157097
TXN00001265,CLI000313,2023-09-11,AJUSTE,1034.4,10,SP-CORE-01,BR,BR-1261903104
TXN00001266,CLI000803,2023-04-26,AJUSTE,2457.42,00,SP-CORE-02,BR,BR-6496596008
TXN00001267,CLI000866,2023-12-04,ESTORNO,-3195.07,01,SP-CORE-01,BR,BR-5884391502
TXN00001268,CLI000580,2023-06-28,PAGAMENTO,2656.85,10,SP-CORE-01,BR,BR-3258354191
TXN00001269,CLI001189,2023-12-23,ESTORNO,-3232.26,10,SP-CORE-01,BR,BR-4413838650
TXN00001270,CLI000905,2023-12-30,FATURA,1078.18,01,BA-CORE-01,BR,BR-9544423456
TXN00001271,CLI000019,2023-05-30,PAGAMENTO,3142.32,01,SP-CORE-02,BR,BR-6837342064
TXN00001272,CLI000345,2023-10-22,ESTORNO,374.78,01,MG-CORE-01,BR,BR-7376649850
TXN00001273,CLI000241,2023-02-19,FATURA,1257.43,10,SP-CORE-02,BR,BR-7452729913
TXN00001274,CLI000244,2023-10-31,ESTORNO,-240513.93,9A,SANTOS-PORT-07,PA,OFFSHORE-480396MI
TXN00001275,CLI000950,2023-07-23,AJUSTE,1720.42,01,MG-CORE-01,BR,BR-4630196130
TXN00001276,CLI000246,2023-05-21,PAGAMENTO,2220.52,10,RJ-CORE-01,BR,BR-1756345332
TXN00001277,CLI001174,2023-02-12,FATURA,444.74,01,SP-CORE-01,BR,BR-7839819230
TXN00001278,CLI000787,2023-05-21,PAGAMENTO,2434.17,00,BA-CORE-01,BR,BR-8291250562
TXN00001279,CLI000204,2023-11-27,PAGAMENTO,2465.52,02,BA-CORE-01,BR,BR-9711080868
TXN00001280,CLI001099,2023-02-02,ESTORNO,-2503.91,01,MG-CORE-01,BR,BR-8303853049
TXN00001281,CLI000371,2023-02-02,PAGAMENTO,1825.78,00,SP-CORE-02,BR,BR-3420671425
TXN00001282,CLI000264,2023-01-03,AJUSTE,1950.43,02,SP-CORE-01,BR,BR-2327372855
TXN00001283,CLI000256,2023-12-01,AJUSTE,581.01,02,SP-CORE-01,BR,BR-3106408413
TXN00001284,CLI000095,2023-07-06,ESTORNO,-3382.64,01,MG-CORE-01,BR,BR-1387652480
TXN00001285,CLI001071,2023-12-04,ESTORNO,1878.68,01,BA-CORE-01,BR,BR-1939777262
TXN00001286,CLI000386,2023-11-07,ESTORNO,-1892.97,01,SP-CORE-01,BR,BR-7556046460
TXN00001287,CLI001131,2023-06-03,AJUSTE,2999.18,01,SP-CORE-02,BR,BR-5297902885
TXN00001288,CLI000153,2023-10-30,AJUSTE,1269.55,01,BA-CORE-01,BR,BR-5855415646
TXN00001289,CLI000521,2023-05-14,ESTORNO,-1348.6,01,MG-CORE-01,BR,BR-4079223686
TXN00001290,CLI000395,2023-12-22,PAGAMENTO,518.49,01,SP-CORE-01,BR,BR-2389803385
TXN00001291,CLI000889,2023-10-16,ESTORNO,-2307.47,01,MG-CORE-01,BR,BR-1094115188
TXN00001292,CLI000256,2023-01-14,PAGAMENTO,3374.78,01,SP-CORE-01,BR,BR-4939447721
TXN00001293,CLI000744,2023-12-17,FATURA,1928.32,00,RJ-CORE-01,BR,BR-4325878813
TXN00001294,CLI000456,2023-05-20,ESTORNO,-529.23,01,RJ-CORE-01,BR,BR-8991514523
TXN00001295,CLI000628,2023-02-23,PAGAMENTO,2743.91,00,SP-CORE-02,BR,BR-5125568431
TXN00001296,CLI000203,2023-02-18,PAGAMENTO,1860.78,02,BA-CORE-01,BR,BR-5728897164
TXN00001297,CLI001089,2023-03-29,FATURA,1126.63,10,SP-CORE-02,BR,BR-6591038760
TXN00001298,CLI000319,2023-09-02,PAGAMENTO,2081.24,02,SP-CORE-01,BR,BR-9369574998
TXN00001299,CLI000511,2023-03-15,AJUSTE,1338.23,02,SP-CORE-01,BR,BR-9420979586
TXN00001300,CLI001029,2023-12-28,PAGAMENTO,1613.1,10,RJ-CORE-01,BR,BR-8083175325
TXN00001301,CLI000833,2023-05-22,ESTORNO,3335.1,01,RJ-CORE-01,BR,BR-8675071314
TXN00001302,CLI000118,2023-02-16,ESTORNO,-2228.67,00,SP-CORE-02,BR,BR-6048096802
TXN00001303,CLI001042,2023-05-27,FATURA,1948.48,10,SP-CORE-01,BR,BR-8252045593
TXN00001304,CLI000390,2023-09-03,AJUSTE,1752.36,00,MG-CORE-01,BR,BR-1546957087
TXN00001305,CLI000087,2023-08-06,FATURA,2465.02,02,SP-CORE-02,BR,BR-4130305126
TXN00001306,CLI000752,2023-03-28,PAGAMENTO,2367.34,01,SP-CORE-02,BR,BR-1139082827
TXN00001307,CLI000777,2023-09-21,AJUSTE,1249.45,00,MG-CORE-01,BR,BR-7882206934
TXN00001308,CLI001105,2023-07-11,AJUSTE,-438799.51,4F,SANTOS-PORT-07,PA,OFFSHORE-315410ZT
TXN00001309,CLI000005,2023-05-29,FATURA,1061.14,02,RJ-CORE-01,BR,BR-5501759051
TXN00001310,CLI001000,2023-04-22,PAGAMENTO,3232.24,00,MG-CORE-01,BR,BR-7073166054
TXN00001311,CLI000725,2023-07-02,FATURA,40.5,10,RJ-CORE-01,BR,BR-9082143437
TXN00001312,CLI000019,2023-01-03,FATURA,1237.03,01,MG-CORE-01,BR,BR-2612105539
TXN00001313,CLI000315,2023-08-09,FATURA,1732.32,00,BA-CORE-01,BR,BR-8854666158
TXN00001314,CLI000464,2023-03-05,PAGAMENTO,3197.62,00,SP-CORE-02,BR,BR-1968870456
TXN00001315,CLI001099,2023-07-22,PAGAMENTO,1322.6,02,MG-CORE-01,BR,BR-2938264714
TXN00001316,CLI000889,2023-02-25,ESTORNO,-3463.0,10,SP-CORE-02,BR,BR-5438474114
TXN00001317,CLI000584,2023-07-03,FATURA,3094.85,01,SP-CORE-01,BR,BR-5381201661
TXN00001318,CLI000408,2023-03-10,FATURA,1393.02,02,SP-CORE-01,BR,BR-1449790661
TXN00001319,CLI001127,2023-12-07,PAGAMENTO,3440.59,00,MG-CORE-01,BR,BR-2468055063
TXN00001320,CLI000797,2023-12-16,PAGAMENTO,2505.84,02,MG-CORE-01,BR,BR-9108603060
TXN00001321,CLI000705,2023-02-26,AJUSTE,3352.72,00,SP-CORE-02,BR,BR-9912067529
TXN00001322,CLI000017,2023-12-17,FATURA,843.04,02,MG-CORE-01,BR,BR-5200656353
TXN00001323,CLI000508,2023-09-03,PAGAMENTO,1027.34,10,SP-CORE-01,BR,BR-9131344493
TXN00001324,CLI000507,2023-09-19,AJUSTE,670.27,02,SP-CORE-01,BR,BR-4025824435
TXN00001325,CLI000372,2023-04-12,PAGAMENTO,1669.15,00,BA-CORE-01,BR,BR-3807341727
TXN00001326,CLI000271,2023-10-30,AJUSTE,2208.6,01,SP-CORE-02,BR,BR-2864876473
TXN00001327,CLI000037,2023-01-20,PAGAMENTO,973.04,01,SP-CORE-02,BR,BR-1230020161
TXN00001328,CLI000628,2023-02-16,AJUSTE,3027.94,10,MG-CORE-01,BR,BR-2422040412
TXN00001329,CLI000875,2023-04-24,AJUSTE,1189.9,10,SP-CORE-01,BR,BR-5185009345
TXN00001330,CLI000857,2023-06-05,FATURA,402.99,02,RJ-CORE-01,BR,BR-7614788357
TXN00001331,CLI000107,2023-06-13,AJUSTE,3134.97,01,SP-CORE-01,BR,BR-8132213650
TXN00001332,CLI000517,2023-04-19,ESTORNO,-1012.9,02,BA-CORE-01,BR,BR-2277326067
TXN00001333,CLI001131,2023-07-06,PAGAMENTO,203684.39,9A,SANTOS-PORT-07,KY,OFFSHORE-241714DB
TXN00001334,CLI000762,2023-06-19,AJUSTE,1274.78,02,BA-CORE-01,BR,BR-8665986525
TXN00001335,CLI000268,2023-11-29,AJUSTE,980.3,10,SP-CORE-01,BR,BR-7317658317
TXN00001336,CLI000203,2023-01-22,FATURA,2061.23,01,SP-CORE-02,BR,BR-2138185235
TXN00001337,CLI001093,2023-10-07,FATURA,2174.16,02,MG-CORE-01,BR,BR-2664416298
TXN00001338,CLI001148,2023-01-23,AJUSTE,464.86,10,BA-CORE-01,BR,BR-6933261892
TXN00001339,CLI000859,2023-07-07,ESTORNO,-245938.42,9A,SANTOS-PORT-07,LU,OFFSHORE-806868FO
TXN00001340,CLI001160,2023-03-27,FATURA,2105.05,01,RJ-CORE-01,BR,BR-9316609031
TXN00001341,CLI001052,2023-12-22,FATURA,681.86,10,MG-CORE-01,BR,BR-6307042062
TXN00001342,CLI000821,2023-03-26,FATURA,1543.35,10,BA-CORE-01,BR,BR-2283560032
TXN00001343,CLI000019,2023-04-16,ESTORNO,660.55,01,BA-CORE-01,BR,BR-9739092337
TXN00001344,CLI000607,2023-09-15,PAGAMENTO,2482.98,02,RJ-CORE-01,BR,BR-1633282877
TXN00001345,CLI000081,2023-10-10,ESTORNO,-434.48,01,SP-CORE-01,BR,BR-2928610987
TXN00001346,CLI000431,2023-05-23,AJUSTE,3246.82,02,SP-CORE-01,BR,BR-1827752234
TXN00001347,CLI001125,2023-01-01,FATURA,2277.29,02,RJ-CORE-01,BR,BR-5478258887
TXN00001348,CLI000022,2023-03-10,ESTORNO,1441.03,02,RJ-CORE-01,BR,BR-8228968839
TXN00001349,CLI001101,2023-04-23,ESTORNO,2562.06,02,SP-CORE-02,BR,BR-7850677534
TXN00001350,CLI000423,2023-12-19,FATURA,1349.29,02,BA-CORE-01,BR,BR-4467514661
TXN00001351,CLI000319,2023-04-23,PAGAMENTO,1148.44,01,BA-CORE-01,BR,BR-5668747327
TXN00001352,CLI000982,2023-04-29,PAGAMENTO,2559.75,10,RJ-CORE-01,BR,BR-7684533347
TXN00001353,CLI001167,2023-09-11,FATURA,651.67,01,SP-CORE-02,BR,BR-7666022005
TXN00001354,CLI000364,2023-04-03,PAGAMENTO,2273.52,00,RJ-CORE-01,BR,BR-8974140139
TXN00001355,CLI000874,2023-12-18,PAGAMENTO,2135.22,00,SP-CORE-02,BR,BR-7527011028
TXN00001356,CLI000282,2023-08-21,AJUSTE,3183.78,10,SP-CORE-01,BR,BR-8652281649
TXN00001357,CLI000028,2023-11-05,FATURA,367.06,10,SP-CORE-01,BR,BR-5778232041
TXN00001358,CLI000028,2023-03-09,FATURA,884.23,00,RJ-CORE-01,BR,BR-1642708893
TXN00001359,CLI000286,2023-02-24,FATURA,1907.45,02,SP-CORE-01,BR,BR-4348118981
TXN00001360,CLI000981,2023-10-16,PAGAMENTO,3125.52,01,RJ-CORE-01,BR,BR-8669719073
TXN00001361,CLI000044,2023-05-05,AJUSTE,214.45,02,BA-CORE-01,BR,BR-9075121701
TXN00001362,CLI000291,2023-02-22,FATURA,1915.35,00,BA-CORE-01,BR,BR-9065491438
TXN00001363,CLI000724,2023-04-25,FATURA,103.52,10,MG-CORE-01,BR,BR-6429425484
TXN00001364,CLI000226,2023-04-26,ESTORNO,-3227.48,10,SP-CORE-01,BR,BR-8107258941
TXN00001365,CLI000684,2023-02-22,AJUSTE,3348.5,02,RJ-CORE-01,BR,BR-3031719772
TXN00001366,CLI000310,2023-07-04,FATURA,3233.15,00,SP-CORE-01,BR,BR-6034559492
TXN00001367,CLI000618,2023-08-08,AJUSTE,1866.07,01,MG-CORE-01,BR,BR-2730759996
TXN00001368,CLI000157,2023-06-28,ESTORNO,3066.4,02,MG-CORE-01,BR,BR-2725373847
TXN00001369,CLI000800,2023-03-18,FATURA,2726.69,01,RJ-CORE-01,BR,BR-9070061596
TXN00001370,CLI000571,2023-09-02,PAGAMENTO,2854.98,00,BA-CORE-01,BR,BR-3965734008
TXN00001371,CLI000723,2023-02-16,AJUSTE,1144.23,01,SP-CORE-02,BR,BR-9801637712
TXN00001372,CLI000504,2023-09-11,ESTORNO,-1494.94,10,BA-CORE-01,BR,BR-2599620611
TXN00001373,CLI000472,2023-08-03,PAGAMENTO,1931.7,10,BA-CORE-01,BR,BR-8703676933
TXN00001374,CLI000450,2023-02-12,PAGAMENTO,2041.75,10,BA-CORE-01,BR,BR-6630484376
TXN00001375,CLI001144,2023-05-01,FATURA,1278.75,01,SP-CORE-01,BR,BR-8914965741
TXN00001376,CLI000286,2023-03-10,PAGAMENTO,3224.75,00,RJ-CORE-01,BR,BR-3941417062
TXN00001377,CLI000115,2023-08-24,ESTORNO,521.61,10,SP-CORE-02,BR,BR-1979069637
TXN00001378,CLI000870,2023-03-02,AJUSTE,3367.94,01,MG-CORE-01,BR,BR-8489236010
TXN00001379,CLI000062,2023-01-28,ESTORNO,2460.88,00,MG-CORE-01,BR,BR-6673086213
TXN00001380,CLI001166,2023-07-07,AJUSTE,511.65,01,SP-CORE-01,BR,BR-8425136942
TXN00001381,CLI000614,2023-03-18,PAGAMENTO,2683.65,10,SP-CORE-02,BR,BR-1383484123
TXN00001382,CLI000228,2023-07-30,PAGAMENTO,2534.5,10,SP-CORE-01,BR,BR-2897158366
TXN00001383,CLI001031,2023-01-31,AJUSTE,3086.43,00,BA-CORE-01,BR,BR-9831336766
TXN00001384,CLI000529,2023-01-06,AJUSTE,1399.44,10,MG-CORE-01,BR,BR-4399425369
TXN00001385,CLI000257,2023-12-30,ESTORNO,811.06,01,RJ-CORE-01,BR,BR-5576790020
TXN00001386,CLI001146,2023-07-25,AJUSTE,2174.27,01,MG-CORE-01,BR,BR-2732526008
TXN00001387,CLI000338,2023-12-21,FATURA,1650.16,02,MG-CORE-01,BR,BR-3442428958
TXN00001388,CLI000214,2023-07-10,FATURA,2270.33,01,RJ-CORE-01,BR,BR-1746196273
TXN00001389,CLI000578,2023-07-05,FATURA,2119.1,02,SP-CORE-01,BR,BR-1247508299
TXN00001390,CLI000634,2023-10-05,AJUSTE,390.5,01,BA-CORE-01,BR,BR-5437006340
TXN00001391,CLI000175,2023-10-10,AJUSTE,722.01,00,SP-CORE-02,BR,BR-6150137259
TXN00001392,CLI000645,2023-10-16,FATURA,3453.0,10,SP-CORE-01,BR,BR-4964570811
TXN00001393,CLI001025,2023-06-08,FATURA,49.51,02,RJ-CORE-01,BR,BR-3925621610
TXN00001394,CLI000679,2023-06-11,AJUSTE,2636.41,02,SP-CORE-02,BR,BR-6334083514
TXN00001395,CLI000783,2023-09-15,PAGAMENTO,371.49,01,SP-CORE-01,BR,BR-2915999663
TXN00001396,CLI000311,2023-10-28,PAGAMENTO,3043.47,00,RJ-CORE-01,BR,BR-7662927609
TXN00001397,CLI000289,2023-02-10,PAGAMENTO,3100.51,00,SP-CORE-02,BR,BR-2478538226
TXN00001398,CLI000695,2023-09-14,AJUSTE,1816.73,02,MG-CORE-01,BR,BR-5683197659
TXN00001399,CLI000154,2023-07-04,ESTORNO,-2189.68,10,SP-CORE-01,BR,BR-5412866242
TXN00001400,CLI000293,2023-10-18,AJUSTE,2204.71,10,SP-CORE-01,BR,BR-1213249628
TXN00001401,CLI000348,2023-10-08,ESTORNO,-3039.02,00,MG-CORE-01,BR,BR-6182870116
TXN00001402,CLI000367,2023-03-24,ESTORNO,-105219.88,4F,SANTOS-PORT-07,LU,OFFSHORE-437489UN
TXN00001403,CLI000254,2023-05-13,PAGAMENTO,3451.78,02,MG-CORE-01,BR,BR-1439427140
TXN00001404,CLI000265,2023-01-21,PAGAMENTO,1284.88,02,MG-CORE-01,BR,BR-7910817577
TXN00001405,CLI000847,2023-07-07,PAGAMENTO,1803.43,02,RJ-CORE-01,BR,BR-5759272717
TXN00001406,CLI000502,2023-05-15,PAGAMENTO,3073.38,00,BA-CORE-01,BR,BR-5569145346
TXN00001407,CLI001168,2023-03-21,FATURA,2988.65,02,MG-CORE-01,BR,BR-9539945315
TXN00001408,CLI000955,2023-02-07,PAGAMENTO,796.22,10,SP-CORE-01,BR,BR-8046300793
TXN00001409,CLI000370,2023-11-25,PAGAMENTO,1882.2,10,SP-CORE-01,BR,BR-8995045543
TXN00001410,CLI000133,2023-07-23,FATURA,2693.39,01,MG-CORE-01,BR,BR-2283298067
TXN00001411,CLI000931,2023-06-25,ESTORNO,-3487.61,10,SP-CORE-02,BR,BR-4287687478
TXN00001412,CLI000656,2023-10-07,FATURA,561.98,10,SP-CORE-02,BR,BR-4864126433
TXN00001413,CLI000970,2023-11-04,FATURA,2714.24,00,RJ-CORE-01,BR,BR-7872090713
TXN00001414,CLI000517,2023-01-28,AJUSTE,756.0,00,MG-CORE-01,BR,BR-8131923452
TXN00001415,CLI000611,2023-02-12,AJUSTE,513.25,02,MG-CORE-01,BR,BR-3923823693
TXN00001416,CLI000190,2023-08-03,PAGAMENTO,1846.23,02,SP-CORE-02,BR,BR-4097887746
TXN00001417,CLI000716,2023-06-25,PAGAMENTO,3372.51,02,SP-CORE-02,BR,BR-8109891300
TXN00001418,CLI001169,2023-09-04,PAGAMENTO,1674.74,01,MG-CORE-01,BR,BR-9579064478
TXN00001419,CLI000297,2023-01-06,PAGAMENTO,1971.96,01,SP-CORE-01,BR,BR-7092693247
TXN00001420,CLI000303,2023-12-07,ESTORNO,3452.56,02,SP-CORE-01,BR,BR-9741628563
TXN00001421,CLI000008,2023-06-12,PAGAMENTO,415.35,10,RJ-CORE-01,BR,BR-6110646714
TXN00001422,CLI000385,2023-03-06,PAGAMENTO,2227.34,00,SP-CORE-01,BR,BR-8666074487
TXN00001423,CLI000443,2023-12-23,PAGAMENTO,1920.38,01,BA-CORE-01,BR,BR-8180620422
TXN00001424,CLI000629,2023-04-18,ESTORNO,-3334.27,00,RJ-CORE-01,BR,BR-7473868020
TXN00001425,CLI000721,2023-12-25,FATURA,1756.97,10,MG-CORE-01,BR,BR-4631048029
TXN00001426,CLI000765,2023-10-05,ESTORNO,-1501.96,02,SP-CORE-01,BR,BR-6072939882
TXN00001427,CLI000896,2023-10-11,AJUSTE,2090.22,10,MG-CORE-01,BR,BR-5714169271
TXN00001428,CLI000034,2023-12-26,ESTORNO,-2178.91,00,SP-CORE-01,BR,BR-1383539822
TXN00001429,CLI001191,2023-02-23,PAGAMENTO,1747.49,00,MG-CORE-01,BR,BR-2525930586
TXN00001430,CLI000932,2023-12-08,FATURA,1028.87,10,SP-CORE-02,BR,BR-6613888489
TXN00001431,CLI000951,2023-02-28,PAGAMENTO,700.55,10,SP-CORE-01,BR,BR-6717963562
TXN00001432,CLI000459,2023-11-27,PAGAMENTO,2469.35,10,SP-CORE-01,BR,BR-6557907251
TXN00001433,CLI000009,2023-05-18,ESTORNO,3081.03,02,RJ-CORE-01,BR,BR-4655935832
TXN00001434,CLI000651,2023-01-17,PAGAMENTO,74.04,01,RJ-CORE-01,BR,BR-3020939193
TXN00001435,CLI000395,2023-03-29,ESTORNO,3357.88,10,SP-CORE-02,BR,BR-5600836559
TXN00001436,CLI000356,2023-01-27,PAGAMENTO,2808.63,10,SP-CORE-02,BR,BR-4820055862
TXN00001437,CLI000259,2023-06-12,PAGAMENTO,1820.12,10,SP-CORE-02,BR,BR-3149533961
TXN00001438,CLI000326,2023-11-20,FATURA,2027.73,10,RJ-CORE-01,BR,BR-6576395496
TXN00001439,CLI000314,2023-04-15,ESTORNO,344.53,00,MG-CORE-01,BR,BR-4668931881
TXN00001440,CLI000052,2023-11-13,FATURA,2482.36,00,BA-CORE-01,BR,BR-6155234610
TXN00001441,CLI000455,2023-08-21,AJUSTE,2227.93,02,SP-CORE-02,BR,BR-2965254350
TXN00001442,CLI000564,2023-04-10,ESTORNO,1883.25,01,MG-CORE-01,BR,BR-4073772623
TXN00001443,CLI000252,2023-03-15,FATURA,2203.48,00,SP-CORE-01,BR,BR-4345526911
TXN00001444,CLI001013,2023-03-14,FATURA,1002.97,01,SP-CORE-01,BR,BR-7389111087
TXN00001445,CLI000157,2023-04-17,ESTORNO,-1379.98,10,SP-CORE-01,BR,BR-6054421752
TXN00001446,CLI000369,2023-12-18,AJUSTE,1481.28,02,MG-CORE-01,BR,BR-3725152347
TXN00001447,CLI000992,2023-01-06,ESTORNO,3164.66,00,SP-CORE-01,BR,BR-5315211627
TXN00001448,CLI000061,2023-03-23,FATURA,1835.68,02,SP-CORE-01,BR,BR-2174793230
TXN00001449,CLI000236,2023-09-23,FATURA,1800.87,01,SP-CORE-02,BR,BR-4283432667
TXN00001450,CLI000549,2023-01-16,AJUSTE,1159.84,01,SP-CORE-01,BR,BR-1378134712
TXN00001451,CLI000957,2023-09-04,ESTORNO,713.35,00,RJ-CORE-01,BR,BR-7934137693
TXN00001452,CLI000355,2023-08-12,PAGAMENTO,1804.04,10,SP-CORE-02,BR,BR-8015775567
TXN00001453,CLI001196,2023-12-18,AJUSTE,2964.2,02,MG-CORE-01,BR,BR-7027529118
TXN00001454,CLI000557,2023-03-26,ESTORNO,-2783.47,10,MG-CORE-01,BR,BR-9441018790
TXN00001455,CLI000766,2023-11-15,ESTORNO,394.31,10,MG-CORE-01,BR,BR-2646331504
TXN00001456,CLI000840,2023-08-19,FATURA,602.03,00,BA-CORE-01,BR,BR-9751963589
TXN00001457,CLI000661,2023-11-06,ESTORNO,-2896.87,02,MG-CORE-01,BR,BR-1818520766
TXN00001458,CLI000762,2023-04-06,PAGAMENTO,1264.95,00,SP-CORE-02,BR,BR-3906611156
TXN00001459,CLI000438,2023-06-10,AJUSTE,445.62,02,SP-CORE-01,BR,BR-2068687175
TXN00001460,CLI000790,2023-10-18,PAGAMENTO,2787.43,01,BA-CORE-01,BR,BR-6773938304
TXN00001461,CLI000154,2023-11-05,ESTORNO,-758.37,01,SP-CORE-01,BR,BR-1553753599
TXN00001462,CLI000404,2023-12-16,PAGAMENTO,2651.58,02,RJ-CORE-01,BR,BR-7823288650
TXN00001463,CLI000255,2023-09-10,FATURA,1755.31,02,MG-CORE-01,BR,BR-1717346250
TXN00001464,CLI000044,2023-03-29,PAGAMENTO,2112.98,10,SP-CORE-02,BR,BR-4538382315
TXN00001465,CLI000825,2023-01-10,ESTORNO,-2259.96,00,MG-CORE-01,BR,BR-6544063167
TXN00001466,CLI000143,2023-10-01,FATURA,3214.76,00,RJ-CORE-01,BR,BR-6745958212
TXN00001467,CLI000650,2023-02-18,PAGAMENTO,2907.88,10,RJ-CORE-01,BR,BR-5275521470
TXN00001468,CLI000612,2023-07-24,ESTORNO,-297.59,02,MG-CORE-01,BR,BR-9166381136
TXN00001469,CLI000211,2023-09-10,PAGAMENTO,2973.38,00,RJ-CORE-01,BR,BR-1809283659
TXN00001470,CLI000662,2023-04-25,FATURA,186.46,00,SP-CORE-02,BR,BR-2732553940
TXN00001471,CLI000011,2023-04-26,PAGAMENTO,612.27,01,RJ-CORE-01,BR,BR-1981049082
TXN00001472,CLI000624,2023-05-13,FATURA,3093.95,00,SP-CORE-01,BR,BR-1563524533
TXN00001473,CLI000283,2023-05-16,FATURA,1166.06,10,RJ-CORE-01,BR,BR-4152835101
TXN00001474,CLI000916,2023-03-03,PAGAMENTO,459.48,01,BA-CORE-01,BR,BR-1725783958
TXN00001475,CLI000660,2023-09-25,FATURA,1856.01,10,MG-CORE-01,BR,BR-5455441991
TXN00001476,CLI001144,2023-04-26,PAGAMENTO,339.46,02,SP-CORE-01,BR,BR-9798613995
TXN00001477,CLI001013,2023-12-04,AJUSTE,2272.03,01,SP-CORE-01,BR,BR-5272119095
TXN00001478,CLI000385,2023-04-19,FATURA,65.69,01,MG-CORE-01,BR,BR-3843139149
TXN00001479,CLI000316,2023-02-23,PAGAMENTO,1204.77,02,RJ-CORE-01,BR,BR-1084790270
TXN00001480,CLI001052,2023-03-08,FATURA,781.37,02,MG-CORE-01,BR,BR-3962452613
TXN00001481,CLI000630,2023-07-24,AJUSTE,674.08,02,MG-CORE-01,BR,BR-7085004726
TXN00001482,CLI000034,2023-03-17,FATURA,1624.12,00,SP-CORE-01,BR,BR-2633177480
TXN00001483,CLI000721,2023-04-06,PAGAMENTO,948.31,10,BA-CORE-01,BR,BR-7645527239
TXN00001484,CLI000813,2023-03-02,ESTORNO,-3245.71,00,RJ-CORE-01,BR,BR-1657675888
TXN00001485,CLI000201,2023-09-18,PAGAMENTO,1181.41,10,RJ-CORE-01,BR,BR-3707166618
TXN00001486,CLI000388,2023-11-29,FATURA,1351.18,10,SP-CORE-02,BR,BR-6588252632
TXN00001487,CLI000224,2023-04-01,PAGAMENTO,2087.29,10,BA-CORE-01,BR,BR-3841827734
TXN00001488,CLI000109,2023-11-27,FATURA,886.33,00,SP-CORE-02,BR,BR-5884080139
TXN00001489,CLI000565,2023-10-22,FATURA,946.3,00,BA-CORE-01,BR,BR-5800633419
TXN00001490,CLI000208,2023-11-14,AJUSTE,2454.3,10,MG-CORE-01,BR,BR-5751366455
TXN00001491,CLI000712,2023-12-21,AJUSTE,953.57,01,SP-CORE-02,BR,BR-6161147047
TXN00001492,CLI000977,2023-12-28,ESTORNO,2095.17,00,SP-CORE-01,BR,BR-8316205130
TXN00001493,CLI000933,2023-12-19,ESTORNO,-850.4,02,SP-CORE-01,BR,BR-2268523764
TXN00001494,CLI000364,2023-01-07,AJUSTE,2337.79,10,RJ-CORE-01,BR,BR-9759180824
TXN00001495,CLI001195,2023-02-09,ESTORNO,614.12,00,BA-CORE-01,BR,BR-9302705838
TXN00001496,CLI000036,2023-09-08,FATURA,3058.8,10,SP-CORE-01,BR,BR-2419931729
TXN00001497,CLI000688,2023-04-27,ESTORNO,-1847.94,01,SP-CORE-02,BR,BR-1011759631
TXN00001498,CLI000747,2023-09-09,PAGAMENTO,2577.16,02,MG-CORE-01,BR,BR-3884642366
TXN00001499,CLI000992,2023-01-07,PAGAMENTO,2900.57,02,RJ-CORE-01,BR,BR-4895020135
TXN00001500,CLI000452,2023-05-19,FATURA,2406.53,00,SP-CORE-02,BR,BR-8168394616
TXN00001501,CLI000737,2023-07-02,AJUSTE,1752.46,01,BA-CORE-01,BR,BR-3197757742
TXN00001502,CLI001116,2023-02-15,AJUSTE,694.57,10,SP-CORE-01,BR,BR-6287793163
TXN00001503,CLI000855,2023-09-27,PAGAMENTO,628.83,02,RJ-CORE-01,BR,BR-6566372886
TXN00001504,CLI000932,2023-06-08,ESTORNO,-683.19,02,BA-CORE-01,BR,BR-2994056084
TXN00001505,CLI000308,2023-05-28,ESTORNO,-403.46,00,MG-CORE-01,BR,BR-6542943838
TXN00001506,CLI000604,2023-11-16,ESTORNO,-1962.33,01,RJ-CORE-01,BR,BR-6638034087
TXN00001507,CLI000109,2023-08-21,FATURA,162.52,02,BA-CORE-01,BR,BR-4172006012
TXN00001508,CLI000515,2023-06-06,PAGAMENTO,37.71,02,SP-CORE-01,BR,BR-1197092148
TXN00001509,CLI000293,2023-06-29,AJUSTE,3077.95,01,SP-CORE-01,BR,BR-4659306670
TXN00001510,CLI000066,2023-08-10,AJUSTE,2056.58,00,RJ-CORE-01,BR,BR-6027311960
TXN00001511,CLI000201,2023-07-01,PAGAMENTO,885.58,10,MG-CORE-01,BR,BR-7965608188
TXN00001512,CLI000661,2023-06-04,ESTORNO,2097.69,01,BA-CORE-01,BR,BR-5694190173
TXN00001513,CLI001136,2023-12-16,AJUSTE,2691.46,02,SP-CORE-02,BR,BR-8795212264
TXN00001514,CLI001118,2023-06-04,AJUSTE,1081.39,02,BA-CORE-01,BR,BR-1785418196
TXN00001515,CLI001079,2023-07-12,AJUSTE,2742.77,10,SP-CORE-01,BR,BR-7016293621
TXN00001516,CLI000876,2023-12-22,PAGAMENTO,1110.15,02,MG-CORE-01,BR,BR-9428056968
TXN00001517,CLI000055,2023-08-04,PAGAMENTO,3365.84,10,SP-CORE-01,BR,BR-8948573913
TXN00001518,CLI001049,2023-02-15,PAGAMENTO,2650.38,02,SP-CORE-02,BR,BR-8730507757
TXN00001519,CLI000013,2023-03-07,ESTORNO,-2180.7,02,SP-CORE-01,BR,BR-4422700486
TXN00001520,CLI000554,2023-09-23,PAGAMENTO,1621.57,00,SP-CORE-01,BR,BR-1485574228
TXN00001521,CLI000679,2023-06-20,FATURA,2088.3,02,BA-CORE-01,BR,BR-1684598046
TXN00001522,CLI000296,2023-03-04,FATURA,2596.85,00,SP-CORE-02,BR,BR-7832220535
TXN00001523,CLI000014,2023-03-11,PAGAMENTO,797.93,01,RJ-CORE-01,BR,BR-8208643631
TXN00001524,CLI000314,2023-11-16,PAGAMENTO,2413.46,00,SP-CORE-01,BR,BR-5856127658
TXN00001525,CLI000051,2023-09-24,FATURA,357.09,01,SP-CORE-01,BR,BR-9248046539
TXN00001526,CLI000991,2023-07-20,PAGAMENTO,213.67,00,RJ-CORE-01,BR,BR-7061419749
TXN00001527,CLI000253,2023-05-01,AJUSTE,2949.19,02,BA-CORE-01,BR,BR-1197449658
TXN00001528,CLI000350,2023-03-16,PAGAMENTO,2233.97,01,SP-CORE-02,BR,BR-2349641712
TXN00001529,CLI001010,2023-09-01,AJUSTE,1692.02,02,SP-CORE-01,BR,BR-3426709025
TXN00001530,CLI000871,2023-12-08,ESTORNO,-977.63,10,SP-CORE-01,BR,BR-5704029171
TXN00001531,CLI000023,2023-01-15,AJUSTE,1006.31,00,BA-CORE-01,BR,BR-6362597344
TXN00001532,CLI000959,2023-01-18,ESTORNO,2264.98,10,SP-CORE-01,BR,BR-2653032484
TXN00001533,CLI001031,2023-05-22,PAGAMENTO,51.74,01,RJ-CORE-01,BR,BR-1234359689
TXN00001534,CLI000358,2023-06-28,AJUSTE,3160.88,10,BA-CORE-01,BR,BR-8940731272
TXN00001535,CLI000571,2023-06-30,AJUSTE,2302.65,02,MG-CORE-01,BR,BR-8953726023
TXN00001536,CLI000370,2023-07-21,ESTORNO,257.37,10,MG-CORE-01,BR,BR-4734111722
TXN00001537,CLI000139,2023-03-08,ESTORNO,2448.24,02,BA-CORE-01,BR,BR-7406579219
TXN00001538,CLI000218,2023-01-16,FATURA,2985.07,01,SP-CORE-02,BR,BR-6329589780
TXN00001539,CLI000357,2023-12-14,PAGAMENTO,1677.92,01,SP-CORE-02,BR,BR-9461708554
TXN00001540,CLI000235,2023-08-04,PAGAMENTO,3229.87,00,BA-CORE-01,BR,BR-9806189256
TXN00001541,CLI000357,2023-02-07,FATURA,1556.52,02,BA-CORE-01,BR,BR-8057994126
TXN00001542,CLI000401,2023-02-25,ESTORNO,2451.57,10,SP-CORE-02,BR,BR-2009317340
TXN00001543,CLI000889,2023-09-09,ESTORNO,1542.55,02,SP-CORE-02,BR,BR-7266763552
TXN00001544,CLI000288,2023-02-14,AJUSTE,2045.74,00,SP-CORE-02,BR,BR-2924568778
TXN00001545,CLI001082,2023-07-04,FATURA,2714.86,00,RJ-CORE-01,BR,BR-8973989997
TXN00001546,CLI000731,2023-04-08,PAGAMENTO,2916.76,10,BA-CORE-01,BR,BR-7215110267
TXN00001547,CLI000161,2023-02-04,AJUSTE,1547.3,10,SP-CORE-01,BR,BR-3806215682
TXN00001548,CLI000106,2023-09-22,AJUSTE,1057.83,00,MG-CORE-01,BR,BR-5735817014
TXN00001549,CLI000140,2023-01-12,ESTORNO,799.59,02,RJ-CORE-01,BR,BR-2770980600
TXN00001550,CLI001025,2023-05-28,AJUSTE,280.22,01,BA-CORE-01,BR,BR-8178927766
TXN00001551,CLI000539,2023-07-24,ESTORNO,2172.88,00,BA-CORE-01,BR,BR-9376711497
TXN00001552,CLI000122,2023-01-17,FATURA,1196.4,02,SP-CORE-02,BR,BR-7246858055
TXN00001553,CLI001011,2023-04-15,AJUSTE,1923.86,02,SP-CORE-01,BR,BR-8117478955
TXN00001554,CLI000853,2023-10-16,FATURA,3167.05,00,RJ-CORE-01,BR,BR-8369792370
TXN00001555,CLI000214,2023-10-10,FATURA,1686.12,01,RJ-CORE-01,BR,BR-1489726608
TXN00001556,CLI000622,2023-09-12,FATURA,1786.46,02,MG-CORE-01,BR,BR-1952396600
TXN00001557,CLI000777,2023-01-11,AJUSTE,3260.74,00,SP-CORE-02,BR,BR-6761084958
TXN00001558,CLI000881,2023-10-10,FATURA,1697.96,10,MG-CORE-01,BR,BR-7536876169
TXN00001559,CLI000754,2023-10-09,PAGAMENTO,499.44,10,SP-CORE-01,BR,BR-4015479599
TXN00001560,CLI000021,2023-04-10,ESTORNO,-1214.08,00,SP-CORE-02,BR,BR-6000009225
TXN00001561,CLI000117,2023-07-31,AJUSTE,2621.22,00,SP-CORE-01,BR,BR-8394040015
TXN00001562,CLI000644,2023-01-30,FATURA,460.97,01,RJ-CORE-01,BR,BR-5754363475
TXN00001563,CLI000981,2023-11-05,ESTORNO,2300.13,01,RJ-CORE-01,BR,BR-3623588379
TXN00001564,CLI001014,2023-12-03,FATURA,287.28,02,BA-CORE-01,BR,BR-1805492785
TXN00001565,CLI000501,2023-04-23,ESTORNO,-1563.53,02,RJ-CORE-01,BR,BR-2687477596
TXN00001566,CLI000996,2023-06-13,ESTORNO,2448.25,00,SP-CORE-01,BR,BR-4356175095
TXN00001567,CLI001133,2023-02-10,ESTORNO,-728.37,01,BA-CORE-01,BR,BR-8373547961
TXN00001568,CLI000902,2023-03-04,AJUSTE,1315.92,01,SP-CORE-01,BR,BR-2780136605
TXN00001569,CLI000787,2023-02-28,PAGAMENTO,94.09,00,RJ-CORE-01,BR,BR-3528924461
TXN00001570,CLI000788,2023-02-13,ESTORNO,227.83,10,MG-CORE-01,BR,BR-7229869819
TXN00001571,CLI001091,2023-01-23,PAGAMENTO,801.08,10,SP-CORE-02,BR,BR-3142452709
TXN00001572,CLI000689,2023-12-05,FATURA,1081.92,02,SP-CORE-01,BR,BR-9798548049
TXN00001573,CLI000876,2023-10-30,ESTORNO,-773.57,00,RJ-CORE-01,BR,BR-9312085761
TXN00001574,CLI000869,2023-02-25,FATURA,1945.46,02,BA-CORE-01,BR,BR-3484872186
TXN00001575,CLI000575,2023-03-25,ESTORNO,3361.86,10,SP-CORE-02,BR,BR-1551395583
TXN00001576,CLI000562,2023-02-13,ESTORNO,-449558.25,4F,SANTOS-PORT-07,LU,OFFSHORE-848583MV
TXN00001577,CLI000658,2023-05-18,ESTORNO,2314.12,00,SP-CORE-01,BR,BR-1862812038
TXN00001578,CLI000735,2023-04-02,ESTORNO,-1564.45,00,MG-CORE-01,BR,BR-3887823121
TXN00001579,CLI001187,2023-11-23,PAGAMENTO,2958.25,01,MG-CORE-01,BR,BR-5115980792
TXN00001580,CLI000369,2023-05-22,FATURA,3141.71,02,SP-CORE-01,BR,BR-8934097788
TXN00001581,CLI000301,2023-05-22,ESTORNO,923.2,10,SP-CORE-02,BR,BR-4471642620
TXN00001582,CLI000902,2023-04-30,FATURA,418.27,00,SP-CORE-02,BR,BR-3245108207
TXN00001583,CLI000034,2023-01-22,ESTORNO,1945.86,01,SP-CORE-01,BR,BR-5403510324
TXN00001584,CLI000909,2023-10-04,ESTORNO,-2519.75,01,RJ-CORE-01,BR,BR-1624173500
TXN00001585,CLI000761,2023-09-19,FATURA,289.53,01,RJ-CORE-01,BR,BR-3878719791
TXN00001586,CLI000669,2023-02-06,PAGAMENTO,2253.77,02,SP-CORE-02,BR,BR-6153541642
TXN00001587,CLI000329,2023-06-21,ESTORNO,3413.34,02,MG-CORE-01,BR,BR-2076151332
TXN00001588,CLI000434,2023-01-23,ESTORNO,-1032.24,01,BA-CORE-01,BR,BR-4605117440
TXN00001589,CLI000067,2023-09-19,ESTORNO,2510.87,02,SP-CORE-02,BR,BR-2267619081
TXN00001590,CLI001158,2023-07-15,AJUSTE,2673.89,00,SP-CORE-01,BR,BR-5433722159
TXN00001591,CLI001075,2023-10-03,PAGAMENTO,2571.0,00,BA-CORE-01,BR,BR-8791183272
TXN00001592,CLI000498,2023-06-12,PAGAMENTO,956.76,02,SP-CORE-02,BR,BR-4714465905
TXN00001593,CLI000840,2023-04-29,ESTORNO,1606.26,00,SP-CORE-02,BR,BR-7705605962
TXN00001594,CLI000920,2023-02-10,ESTORNO,1244.91,00,RJ-CORE-01,BR,BR-3853978147
TXN00001595,CLI000835,2023-04-28,PAGAMENTO,2001.31,01,BA-CORE-01,BR,BR-9274189261
TXN00001596,CLI000242,2023-11-07,AJUSTE,925.77,02,RJ-CORE-01,BR,BR-6959501845
TXN00001597,CLI000406,2023-07-29,FATURA,1485.16,01,BA-CORE-01,BR,BR-3371357111
TXN00001598,CLI001136,2023-08-21,AJUSTE,73.98,00,MG-CORE-01,BR,BR-9645619869
TXN00001599,CLI000342,2023-02-21,PAGAMENTO,459.86,00,MG-CORE-01,BR,BR-2079501936
TXN00001600,CLI000262,2023-03-09,FATURA,1811.84,10,MG-CORE-01,BR,BR-9032096058
TXN00001601,CLI000690,2023-12-23,PAGAMENTO,1958.15,02,SP-CORE-01,BR,BR-4564751926
TXN00001602,CLI000922,2023-01-24,FATURA,276.66,02,MG-CORE-01,BR,BR-8076527214
TXN00001603,CLI001044,2023-05-29,PAGAMENTO,2656.66,01,SP-CORE-02,BR,BR-3591527330
TXN00001604,CLI000657,2023-03-19,FATURA,3136.69,02,MG-CORE-01,BR,BR-5141593270
TXN00001605,CLI000609,2023-04-01,PAGAMENTO,1790.16,02,SP-CORE-01,BR,BR-6558450990
TXN00001606,CLI000787,2023-06-24,PAGAMENTO,188.04,10,RJ-CORE-01,BR,BR-3931997465
TXN00001607,CLI001178,2023-04-02,ESTORNO,3338.23,00,SP-CORE-02,BR,BR-3206955437
TXN00001608,CLI000899,2023-02-20,ESTORNO,-1228.76,01,SP-CORE-01,BR,BR-2620054076
TXN00001609,CLI000475,2023-03-28,AJUSTE,1023.91,02,BA-CORE-01,BR,BR-7135394336
TXN00001610,CLI001106,2023-03-14,ESTORNO,354.0,01,SP-CORE-01,BR,BR-7685540186
TXN00001611,CLI000578,2023-01-04,AJUSTE,1719.51,00,RJ-CORE-01,BR,BR-1558631501
TXN00001612,CLI000246,2023-08-16,PAGAMENTO,1832.71,10,RJ-CORE-01,BR,BR-2095286033
TXN00001613,CLI000239,2023-08-10,PAGAMENTO,1736.53,00,SP-CORE-02,BR,BR-6714723660
TXN00001614,CLI000687,2023-02-10,ESTORNO,-2610.09,01,SP-CORE-01,BR,BR-1664885408
TXN00001615,CLI001068,2023-08-21,ESTORNO,-2214.57,00,RJ-CORE-01,BR,BR-8137764127
TXN00001616,CLI000771,2023-04-08,ESTORNO,-2948.18,00,SP-CORE-01,BR,BR-2537965898
TXN00001617,CLI000384,2023-12-11,AJUSTE,700.96,10,SP-CORE-02,BR,BR-3169561289
TXN00001618,CLI000007,2023-05-25,PAGAMENTO,478.64,00,BA-CORE-01,BR,BR-7601519165
TXN00001619,CLI000857,2023-02-04,PAGAMENTO,1727.61,01,SP-CORE-02,BR,BR-5689870435
TXN00001620,CLI000369,2023-11-11,ESTORNO,1343.41,01,RJ-CORE-01,BR,BR-6720396142
TXN00001621,CLI001113,2023-04-29,ESTORNO,3065.14,10,MG-CORE-01,BR,BR-6844582171
TXN00001622,CLI000916,2023-06-01,PAGAMENTO,355.94,00,RJ-CORE-01,BR,BR-7573442717
TXN00001623,CLI000233,2023-05-07,ESTORNO,2325.22,00,SP-CORE-02,BR,BR-1037811610
TXN00001624,CLI000481,2023-12-23,ESTORNO,1405.35,01,MG-CORE-01,BR,BR-8168036130
TXN00001625,CLI001152,2023-05-29,FATURA,952.38,01,MG-CORE-01,BR,BR-2914126243
TXN00001626,CLI000534,2023-05-14,ESTORNO,-2368.96,10,MG-CORE-01,BR,BR-3667740351
TXN00001627,CLI000632,2023-05-18,FATURA,1709.56,01,RJ-CORE-01,BR,BR-5118430494
TXN00001628,CLI000226,2023-07-29,PAGAMENTO,790.16,01,BA-CORE-01,BR,BR-6673381261
TXN00001629,CLI000777,2023-03-08,ESTORNO,-303835.65,9A,SANTOS-PORT-07,PA,OFFSHORE-128801ZD
TXN00001630,CLI000101,2023-12-27,FATURA,1179.84,02,BA-CORE-01,BR,BR-8238760130
TXN00001631,CLI000470,2023-07-05,AJUSTE,1883.44,01,BA-CORE-01,BR,BR-4589154183
TXN00001632,CLI000510,2023-03-24,ESTORNO,3189.08,02,MG-CORE-01,BR,BR-9899689747
TXN00001633,CLI000994,2023-01-19,FATURA,2962.28,00,BA-CORE-01,BR,BR-3946534590
TXN00001634,CLI000070,2023-03-22,FATURA,1005.15,00,SP-CORE-02,BR,BR-5396985409
TXN00001635,CLI000553,2023-03-05,ESTORNO,2849.23,10,MG-CORE-01,BR,BR-8373893128
TXN00001636,CLI001110,2023-02-09,FATURA,277.14,10,SP-CORE-01,BR,BR-1162720486
TXN00001637,CLI000640,2023-02-18,AJUSTE,2580.84,10,SP-CORE-02,BR,BR-1314597900
TXN00001638,CLI000205,2023-08-06,ESTORNO,-1803.0,00,RJ-CORE-01,BR,BR-9892481056
TXN00001639,CLI000833,2023-12-02,ESTORNO,-2025.18,10,RJ-CORE-01,BR,BR-4528828126
TXN00001640,CLI000807,2023-09-05,ESTORNO,1009.79,01,MG-CORE-01,BR,BR-9207624837
TXN00001641,CLI000814,2023-10-07,ESTORNO,2506.73,10,SP-CORE-02,BR,BR-7045736747
TXN00001642,CLI000295,2023-08-17,AJUSTE,1306.98,00,RJ-CORE-01,BR,BR-7032058320
TXN00001643,CLI000512,2023-02-18,FATURA,1971.88,01,MG-CORE-01,BR,BR-2358945892
TXN00001644,CLI000477,2023-03-14,FATURA,1423.12,10,BA-CORE-01,BR,BR-9615270274
TXN00001645,CLI000075,2023-09-10,FATURA,897.04,02,RJ-CORE-01,BR,BR-9785427977
TXN00001646,CLI001152,2023-12-19,ESTORNO,1987.29,10,SP-CORE-01,BR,BR-4643211329
TXN00001647,CLI000990,2023-10-07,PAGAMENTO,1759.36,01,RJ-CORE-01,BR,BR-3159668272
TXN00001648,CLI000028,2023-02-23,FATURA,1501.44,00,MG-CORE-01,BR,BR-8240793721
TXN00001649,CLI000233,2023-09-24,AJUSTE,2623.56,01,SP-CORE-02,BR,BR-3605180473
TXN00001650,CLI000857,2023-08-06,FATURA,1743.24,10,SP-CORE-02,BR,BR-9275074323
TXN00001651,CLI001071,2023-01-05,PAGAMENTO,1052.69,10,RJ-CORE-01,BR,BR-6933126143
TXN00001652,CLI000419,2023-11-11,ESTORNO,3115.62,01,SP-CORE-02,BR,BR-5427334554
TXN00001653,CLI000278,2023-09-23,ESTORNO,2123.72,10,MG-CORE-01,BR,BR-1944316108
TXN00001654,CLI000853,2023-09-26,AJUSTE,2508.48,10,SP-CORE-01,BR,BR-8502250932
TXN00001655,CLI000409,2023-03-18,AJUSTE,1657.32,00,RJ-CORE-01,BR,BR-3723205427
TXN00001656,CLI000960,2023-10-03,FATURA,1615.91,00,SP-CORE-01,BR,BR-8077851013
TXN00001657,CLI000395,2023-02-04,AJUSTE,1239.58,01,RJ-CORE-01,BR,BR-9637824374
TXN00001658,CLI000826,2023-05-26,ESTORNO,-2876.23,10,BA-CORE-01,BR,BR-1607196157
TXN00001659,CLI000444,2023-10-15,ESTORNO,-1902.74,01,SP-CORE-01,BR,BR-1179414276
TXN00001660,CLI000785,2023-04-02,ESTORNO,935.02,00,SP-CORE-02,BR,BR-5660584367
TXN00001661,CLI000006,2023-10-22,ESTORNO,-2706.49,02,BA-CORE-01,BR,BR-8412844457
TXN00001662,CLI000974,2023-04-21,AJUSTE,337.86,01,SP-CORE-02,BR,BR-6204370540
TXN00001663,CLI000901,2023-06-15,FATURA,290.7,00,SP-CORE-02,BR,BR-1611840071
TXN00001664,CLI000494,2023-12-07,PAGAMENTO,1661.48,02,BA-CORE-01,BR,BR-1790242728
TXN00001665,CLI001070,2023-07-13,PAGAMENTO,2713.24,10,RJ-CORE-01,BR,BR-2085517692
TXN00001666,CLI000896,2023-09-29,ESTORNO,292.13,01,SP-CORE-02,BR,BR-1492300084
TXN00001667,CLI000892,2023-09-08,PAGAMENTO,2438.95,02,SP-CORE-01,BR,BR-7652264884
TXN00001668,CLI000438,2023-04-02,ESTORNO,108.03,02,MG-CORE-01,BR,BR-5609120848
TXN00001669,CLI000740,2023-07-15,AJUSTE,1322.24,00,SP-CORE-02,BR,BR-3884866198
TXN00001670,CLI000520,2023-01-03,AJUSTE,2059.94,02,SP-CORE-01,BR,BR-2076695131
TXN00001671,CLI000090,2023-11-07,FATURA,970.14,02,MG-CORE-01,BR,BR-7788606640
TXN00001672,CLI001005,2023-05-21,ESTORNO,2195.94,00,MG-CORE-01,BR,BR-9381800094
TXN00001673,CLI000060,2023-08-31,AJUSTE,2629.78,00,SP-CORE-01,BR,BR-2533897596
TXN00001674,CLI000245,2023-12-28,AJUSTE,2581.96,01,SP-CORE-01,BR,BR-2007310926
TXN00001675,CLI001115,2023-08-16,FATURA,2238.42,00,RJ-CORE-01,BR,BR-6126037320
TXN00001676,CLI000347,2023-04-10,ESTORNO,2299.77,00,RJ-CORE-01,BR,BR-7381725407
TXN00001677,CLI001028,2023-09-22,ESTORNO,-69.32,10,MG-CORE-01,BR,BR-8127164297
TXN00001678,CLI000407,2023-05-17,AJUSTE,312.21,10,SP-CORE-01,BR,BR-7729620601
TXN00001679,CLI001149,2023-03-30,PAGAMENTO,2230.84,00,RJ-CORE-01,BR,BR-8764011369
TXN00001680,CLI000186,2023-03-02,ESTORNO,-1208.25,00,BA-CORE-01,BR,BR-9412376000
TXN00001681,CLI000446,2023-02-14,AJUSTE,666.09,00,SP-CORE-02,BR,BR-1724301196
TXN00001682,CLI000272,2023-08-24,ESTORNO,302.84,01,RJ-CORE-01,BR,BR-2345247256
TXN00001683,CLI000647,2023-01-28,ESTORNO,-1340.0,02,SP-CORE-02,BR,BR-4374384508
TXN00001684,CLI000605,2023-04-26,PAGAMENTO,2926.76,02,SP-CORE-02,BR,BR-8047347877
TXN00001685,CLI000715,2023-12-24,ESTORNO,1549.8,00,MG-CORE-01,BR,BR-2543980627
TXN00001686,CLI000790,2023-11-20,PAGAMENTO,2410.9,01,SP-CORE-01,BR,BR-7356353895
TXN00001687,CLI000425,2023-10-03,AJUSTE,1999.12,10,RJ-CORE-01,BR,BR-7207765221
TXN00001688,CLI000529,2023-12-25,ESTORNO,3390.35,02,SP-CORE-01,BR,BR-8622566062
TXN00001689,CLI000974,2023-08-28,AJUSTE,927.74,00,BA-CORE-01,BR,BR-1467432617
TXN00001690,CLI000070,2023-08-28,AJUSTE,2062.14,02,BA-CORE-01,BR,BR-4549548567
TXN00001691,CLI000686,2023-12-26,ESTORNO,-384.05,02,SP-CORE-01,BR,BR-6138636031
TXN00001692,CLI001120,2023-11-28,ESTORNO,-3162.37,01,RJ-CORE-01,BR,BR-3691307645
TXN00001693,CLI000891,2023-01-12,AJUSTE,1547.75,10,BA-CORE-01,BR,BR-4124268175
TXN00001694,CLI000692,2023-08-31,PAGAMENTO,2922.66,02,RJ-CORE-01,BR,BR-4831562592
TXN00001695,CLI000221,2023-12-14,PAGAMENTO,1416.01,00,SP-CORE-02,BR,BR-3712815143
TXN00001696,CLI000336,2023-08-07,PAGAMENTO,2713.77,10,BA-CORE-01,BR,BR-7781327255
TXN00001697,CLI000267,2023-06-03,AJUSTE,3105.35,01,BA-CORE-01,BR,BR-9747372233
TXN00001698,CLI000339,2023-01-28,ESTORNO,-3396.73,02,SP-CORE-02,BR,BR-7612862866
TXN00001699,CLI000630,2023-01-01,PAGAMENTO,2311.96,01,SP-CORE-02,BR,BR-5933341108
TXN00001700,CLI000502,2023-04-05,FATURA,841.92,01,MG-CORE-01,BR,BR-2685767569
TXN00001701,CLI000327,2023-12-17,AJUSTE,1952.61,02,SP-CORE-01,BR,BR-8976459315
TXN00001702,CLI000950,2023-02-21,ESTORNO,1658.39,10,SP-CORE-02,BR,BR-5869982921
TXN00001703,CLI000670,2023-02-19,AJUSTE,1368.76,02,SP-CORE-02,BR,BR-5683893864
TXN00001704,CLI000711,2023-12-12,ESTORNO,2561.69,10,BA-CORE-01,BR,BR-9635425513
TXN00001705,CLI000365,2023-12-09,PAGAMENTO,2596.69,00,SP-CORE-02,BR,BR-3938451957
TXN00001706,CLI000816,2023-07-08,AJUSTE,1280.74,00,BA-CORE-01,BR,BR-5897854817
TXN00001707,CLI000433,2023-11-27,FATURA,820.66,10,SP-CORE-02,BR,BR-1683855081
TXN00001708,CLI000638,2023-08-11,ESTORNO,-343.12,10,SP-CORE-02,BR,BR-8438902565
TXN00001709,CLI000368,2023-12-12,PAGAMENTO,2878.04,00,RJ-CORE-01,BR,BR-9328694308
TXN00001710,CLI000710,2023-07-23,AJUSTE,2394.54,00,MG-CORE-01,BR,BR-1173601852
TXN00001711,CLI000264,2023-12-02,FATURA,3021.38,00,SP-CORE-02,BR,BR-8565466251
TXN00001712,CLI000112,2023-12-18,PAGAMENTO,1602.33,10,MG-CORE-01,BR,BR-1995358283
TXN00001713,CLI000970,2023-08-06,ESTORNO,920.1,00,BA-CORE-01,BR,BR-6430372469
TXN00001714,CLI000786,2023-10-01,ESTORNO,3401.76,00,SP-CORE-02,BR,BR-2005102559
TXN00001715,CLI000932,2023-03-18,FATURA,44.21,02,SP-CORE-02,BR,BR-3871553289
TXN00001716,CLI000943,2023-01-25,PAGAMENTO,1637.38,00,SP-CORE-01,BR,BR-8694264068
TXN00001717,CLI000607,2023-01-26,ESTORNO,-408991.4,4F,SANTOS-PORT-07,LU,OFFSHORE-846386MP
TXN00001718,CLI000036,2023-10-05,FATURA,949.98,02,RJ-CORE-01,BR,BR-9021793855
TXN00001719,CLI000732,2023-06-16,PAGAMENTO,1055.94,00,BA-CORE-01,BR,BR-3595066420
TXN00001720,CLI001096,2023-09-30,FATURA,2590.61,01,SP-CORE-02,BR,BR-5891831621
TXN00001721,CLI000708,2023-03-06,FATURA,2549.22,10,MG-CORE-01,BR,BR-1711271599
TXN00001722,CLI000669,2023-12-19,PAGAMENTO,2168.0,10,SP-CORE-01,BR,BR-9921025990
TXN00001723,CLI000162,2023-01-20,ESTORNO,530.69,00,MG-CORE-01,BR,BR-8058679999
TXN00001724,CLI000527,2023-11-23,ESTORNO,-2627.45,10,MG-CORE-01,BR,BR-1908459040
TXN00001725,CLI000621,2023-08-10,FATURA,3378.76,01,BA-CORE-01,BR,BR-1802753761
TXN00001726,CLI000441,2023-12-22,AJUSTE,2800.36,02,BA-CORE-01,BR,BR-6284297249
TXN00001727,CLI000094,2023-05-21,PAGAMENTO,2619.11,01,RJ-CORE-01,BR,BR-8778927211
TXN00001728,CLI000425,2023-04-03,PAGAMENTO,2380.16,02,SP-CORE-01,BR,BR-4093474499
TXN00001729,CLI000652,2023-08-01,FATURA,323168.73,4F,SANTOS-PORT-07,LU,OFFSHORE-202428PV
TXN00001730,CLI000590,2023-04-24,FATURA,802.39,02,SP-CORE-02,BR,BR-9410569618
TXN00001731,CLI000975,2023-10-29,PAGAMENTO,1484.26,02,BA-CORE-01,BR,BR-1368287033
TXN00001732,CLI000947,2023-06-25,FATURA,1205.27,02,MG-CORE-01,BR,BR-9558906999
TXN00001733,CLI000826,2023-04-18,PAGAMENTO,1872.2,01,MG-CORE-01,BR,BR-9020002737
TXN00001734,CLI000708,2023-12-05,FATURA,2985.98,00,MG-CORE-01,BR,BR-1732578761
TXN00001735,CLI000646,2023-04-17,FATURA,2623.08,02,RJ-CORE-01,BR,BR-8861351706
TXN00001736,CLI000342,2023-12-12,PAGAMENTO,1646.48,01,BA-CORE-01,BR,BR-3580582653
TXN00001737,CLI000481,2023-10-17,ESTORNO,1521.73,00,RJ-CORE-01,BR,BR-2136107759
TXN00001738,CLI000448,2023-10-03,PAGAMENTO,478.31,00,SP-CORE-01,BR,BR-3536590481
TXN00001739,CLI001127,2023-02-26,AJUSTE,2006.19,01,SP-CORE-02,BR,BR-6282009986
TXN00001740,CLI000655,2023-06-30,PAGAMENTO,2634.46,10,BA-CORE-01,BR,BR-2655546199
TXN00001741,CLI000462,2023-11-19,ESTORNO,387.62,02,BA-CORE-01,BR,BR-1466305100
TXN00001742,CLI000364,2023-09-11,PAGAMENTO,-360026.43,4F,SANTOS-PORT-07,LU,OFFSHORE-806865GQ
TXN00001743,CLI000202,2023-05-28,PAGAMENTO,31.61,02,MG-CORE-01,BR,BR-4757341777
TXN00001744,CLI000060,2023-10-25,PAGAMENTO,2292.8,10,MG-CORE-01,BR,BR-2842353139
TXN00001745,CLI000838,2023-03-12,AJUSTE,2141.78,00,BA-CORE-01,BR,BR-8596386996
TXN00001746,CLI000187,2023-06-16,FATURA,2142.15,01,BA-CORE-01,BR,BR-3474420092
TXN00001747,CLI000331,2023-01-12,ESTORNO,2605.52,10,BA-CORE-01,BR,BR-2827463042
TXN00001748,CLI000410,2023-07-08,PAGAMENTO,2536.25,01,SP-CORE-02,BR,BR-6388113899
TXN00001749,CLI000502,2023-03-09,ESTORNO,-1039.58,00,SP-CORE-02,BR,BR-4289338885
TXN00001750,CLI000679,2023-05-04,PAGAMENTO,2792.7,10,BA-CORE-01,BR,BR-5654961069
TXN00001751,CLI000833,2023-05-06,AJUSTE,1628.5,00,SP-CORE-01,BR,BR-7630274264
TXN00001752,CLI000248,2023-07-17,PAGAMENTO,264.87,10,RJ-CORE-01,BR,BR-2107263953
TXN00001753,CLI000082,2023-08-13,FATURA,1693.21,00,RJ-CORE-01,BR,BR-9613425697
TXN00001754,CLI000538,2023-07-24,ESTORNO,-2513.85,10,MG-CORE-01,BR,BR-9620489334
TXN00001755,CLI000989,2023-03-28,FATURA,1295.3,02,SP-CORE-02,BR,BR-3244294928
TXN00001756,CLI000502,2023-05-16,AJUSTE,358.0,00,MG-CORE-01,BR,BR-3232360156
TXN00001757,CLI001164,2023-06-25,ESTORNO,1047.62,10,RJ-CORE-01,BR,BR-8749354330
TXN00001758,CLI000453,2023-11-01,ESTORNO,-144.39,01,SP-CORE-02,BR,BR-7050943542
TXN00001759,CLI000625,2023-10-16,ESTORNO,1282.28,02,RJ-CORE-01,BR,BR-1457771446
TXN00001760,CLI000599,2023-08-14,PAGAMENTO,2363.01,01,SP-CORE-02,BR,BR-7809113110
TXN00001761,CLI000621,2023-05-12,PAGAMENTO,2235.93,00,SP-CORE-02,BR,BR-7597520265
TXN00001762,CLI000832,2023-10-27,AJUSTE,61.99,02,BA-CORE-01,BR,BR-7720207509
TXN00001763,CLI001027,2023-11-13,PAGAMENTO,3152.01,02,SP-CORE-02,BR,BR-7922974797
TXN00001764,CLI001076,2023-09-25,ESTORNO,-218514.16,4F,SANTOS-PORT-07,PA,OFFSHORE-372138VM
TXN00001765,CLI000702,2023-03-31,PAGAMENTO,1704.31,10,SP-CORE-01,BR,BR-4035639663
TXN00001766,CLI000245,2023-06-08,AJUSTE,738.37,01,RJ-CORE-01,BR,BR-5985331805
TXN00001767,CLI000415,2023-07-02,AJUSTE,1755.79,00,BA-CORE-01,BR,BR-5919148165
TXN00001768,CLI001134,2023-12-07,ESTORNO,-134.29,00,RJ-CORE-01,BR,BR-2869931869
TXN00001769,CLI000375,2023-01-29,FATURA,1574.28,01,SP-CORE-02,BR,BR-5570190774
TXN00001770,CLI000545,2023-04-27,AJUSTE,2419.94,10,SP-CORE-02,BR,BR-6247463262
TXN00001771,CLI000426,2023-02-16,ESTORNO,-2606.02,00,SP-CORE-02,BR,BR-9933702652
TXN00001772,CLI001100,2023-05-05,AJUSTE,2058.16,10,MG-CORE-01,BR,BR-9752092528
TXN00001773,CLI000239,2023-06-13,FATURA,2769.26,00,SP-CORE-02,BR,BR-9523139706
TXN00001774,CLI000441,2023-02-12,PAGAMENTO,1676.6,00,BA-CORE-01,BR,BR-7532669066
TXN00001775,CLI000399,2023-06-03,PAGAMENTO,2001.27,10,SP-CORE-01,BR,BR-3566125120
TXN00001776,CLI001009,2023-01-01,PAGAMENTO,896.08,10,BA-CORE-01,BR,BR-4522855590
TXN00001777,CLI001090,2023-06-18,AJUSTE,1785.38,02,RJ-CORE-01,BR,BR-8044997538
TXN00001778,CLI000374,2023-06-24,AJUSTE,978.0,02,MG-CORE-01,BR,BR-2885370603
TXN00001779,CLI000367,2023-01-04,PAGAMENTO,1130.84,10,MG-CORE-01,BR,BR-2228388623
TXN00001780,CLI001104,2023-08-10,FATURA,2361.96,00,MG-CORE-01,BR,BR-5449848690
TXN00001781,CLI001028,2023-04-10,AJUSTE,2730.2,01,SP-CORE-02,BR,BR-1676220116
TXN00001782,CLI000431,2023-06-13,ESTORNO,2687.14,10,SP-CORE-01,BR,BR-9576264323
TXN00001783,CLI000322,2023-06-15,AJUSTE,564.23,10,SP-CORE-02,BR,BR-8643636805
TXN00001784,CLI000967,2023-09-22,ESTORNO,3434.42,10,RJ-CORE-01,BR,BR-6992094064
TXN00001785,CLI000872,2023-07-09,ESTORNO,-524.55,02,RJ-CORE-01,BR,BR-3517195150
TXN00001786,CLI000725,2023-08-02,PAGAMENTO,39.74,10,SP-CORE-01,BR,BR-3223687972
TXN00001787,CLI000525,2023-08-22,AJUSTE,2689.33,00,SP-CORE-02,BR,BR-9977193987
TXN00001788,CLI000409,2023-07-11,ESTORNO,102.4,10,MG-CORE-01,BR,BR-6790024996
TXN00001789,CLI000498,2023-11-13,AJUSTE,1770.24,02,SP-CORE-01,BR,BR-2187592160
TXN00001790,CLI000998,2023-06-16,AJUSTE,2535.52,10,SP-CORE-01,BR,BR-6130446648
TXN00001791,CLI000115,2023-05-24,AJUSTE,3454.51,10,SP-CORE-01,BR,BR-9288057824
TXN00001792,CLI000276,2023-05-22,ESTORNO,-279021.41,4F,SANTOS-PORT-07,LU,OFFSHORE-697357SA
TXN00001793,CLI000613,2023-06-16,FATURA,3420.58,10,SP-CORE-02,BR,BR-8222394132
TXN00001794,CLI001120,2023-10-15,AJUSTE,326.26,01,RJ-CORE-01,BR,BR-4702361794
TXN00001795,CLI000140,2023-10-13,ESTORNO,1867.98,02,SP-CORE-01,BR,BR-3070046110
TXN00001796,CLI000467,2023-07-04,ESTORNO,-3169.76,10,SP-CORE-02,BR,BR-2107327477
TXN00001797,CLI000048,2023-07-05,PAGAMENTO,1178.88,02,RJ-CORE-01,BR,BR-4011528431
TXN00001798,CLI000099,2023-03-03,AJUSTE,2255.0,10,MG-CORE-01,BR,BR-8731634319
TXN00001799,CLI000670,2023-09-20,FATURA,1319.69,10,SP-CORE-01,BR,BR-3300607428
TXN00001800,CLI000189,2023-05-25,PAGAMENTO,-292681.72,9A,SANTOS-PORT-07,PA,OFFSHORE-333433WI
TXN00001801,CLI000391,2023-09-30,FATURA,570.62,00,BA-CORE-01,BR,BR-7951820749
TXN00001802,CLI000312,2023-12-17,FATURA,1519.69,02,MG-CORE-01,BR,BR-1458227039
TXN00001803,CLI000886,2023-02-07,ESTORNO,652.22,02,MG-CORE-01,BR,BR-4952177946
TXN00001804,CLI000039,2023-07-25,FATURA,2020.09,00,BA-CORE-01,BR,BR-8144352013
TXN00001805,CLI001197,2023-04-26,FATURA,1141.9,01,RJ-CORE-01,BR,BR-3636366799
TXN00001806,CLI001182,2023-09-30,ESTORNO,249368.73,9A,SANTOS-PORT-07,PA,OFFSHORE-867808YR
TXN00001807,CLI000207,2023-04-07,AJUSTE,2710.01,01,RJ-CORE-01,BR,BR-6786562040
TXN00001808,CLI000714,2023-10-01,FATURA,2114.69,00,SP-CORE-02,BR,BR-4332482152
TXN00001809,CLI000621,2023-06-17,FATURA,3049.54,01,SP-CORE-02,BR,BR-7520641417
TXN00001810,CLI000056,2023-08-06,AJUSTE,3468.69,01,SP-CORE-02,BR,BR-1036157653
TXN00001811,CLI000428,2023-08-14,AJUSTE,448.42,10,SP-CORE-01,BR,BR-3895250612
TXN00001812,CLI000780,2023-01-26,PAGAMENTO,1574.91,10,SP-CORE-02,BR,BR-5727675931
TXN00001813,CLI000247,2023-02-17,FATURA,3392.97,00,SP-CORE-02,BR,BR-8996550604
TXN00001814,CLI000431,2023-11-06,PAGAMENTO,1267.2,02,MG-CORE-01,BR,BR-2128928014
TXN00001815,CLI000936,2023-09-17,FATURA,1272.31,02,BA-CORE-01,BR,BR-6452066842
TXN00001816,CLI000727,2023-01-04,FATURA,1342.5,10,MG-CORE-01,BR,BR-6768555384
TXN00001817,CLI000173,2023-06-08,ESTORNO,2931.14,10,RJ-CORE-01,BR,BR-6084870519
TXN00001818,CLI000289,2023-08-30,PAGAMENTO,75.16,02,RJ-CORE-01,BR,BR-2820820806
TXN00001819,CLI000288,2023-04-01,AJUSTE,1984.74,01,BA-CORE-01,BR,BR-8525623511
TXN00001820,CLI000850,2023-01-20,PAGAMENTO,232.91,01,RJ-CORE-01,BR,BR-7015499403
TXN00001821,CLI000225,2023-08-03,AJUSTE,620.02,01,SP-CORE-02,BR,BR-2935866295
TXN00001822,CLI000544,2023-01-16,AJUSTE,1751.49,02,MG-CORE-01,BR,BR-3454186065
TXN00001823,CLI000296,2023-01-15,ESTORNO,-2745.78,02,SP-CORE-01,BR,BR-3946398734
TXN00001824,CLI000031,2023-01-24,PAGAMENTO,1897.37,01,SP-CORE-02,BR,BR-4496922300
TXN00001825,CLI000851,2023-04-25,ESTORNO,-340.59,00,SP-CORE-01,BR,BR-8390846127
TXN00001826,CLI000962,2023-03-10,PAGAMENTO,3002.07,00,RJ-CORE-01,BR,BR-4453529865
TXN00001827,CLI001170,2023-03-07,ESTORNO,-1143.61,02,BA-CORE-01,BR,BR-7680134655
TXN00001828,CLI000169,2023-03-06,AJUSTE,783.2,01,SP-CORE-02,BR,BR-8972785319
TXN00001829,CLI000379,2023-07-26,FATURA,-184450.92,9A,SANTOS-PORT-07,KY,OFFSHORE-120347GE
TXN00001830,CLI000547,2023-06-18,ESTORNO,2492.4,10,BA-CORE-01,BR,BR-5708580756
TXN00001831,CLI000789,2023-06-17,AJUSTE,1488.63,01,BA-CORE-01,BR,BR-8492970833
TXN00001832,CLI000488,2023-04-12,FATURA,3428.77,00,SP-CORE-02,BR,BR-6410667168
TXN00001833,CLI000385,2023-07-23,AJUSTE,1142.41,10,MG-CORE-01,BR,BR-8773959039
TXN00001834,CLI001118,2023-08-20,PAGAMENTO,3474.59,10,BA-CORE-01,BR,BR-2478071244
TXN00001835,CLI000523,2023-03-02,PAGAMENTO,2612.46,02,RJ-CORE-01,BR,BR-2768499634
TXN00001836,CLI000539,2023-09-07,ESTORNO,2706.59,10,SP-CORE-01,BR,BR-3600929253
TXN00001837,CLI000194,2023-07-07,FATURA,1504.27,00,BA-CORE-01,BR,BR-3312574703
TXN00001838,CLI000259,2023-08-23,AJUSTE,2908.67,00,BA-CORE-01,BR,BR-6517352486
TXN00001839,CLI001047,2023-06-07,ESTORNO,-1594.93,00,BA-CORE-01,BR,BR-7487309853
TXN00001840,CLI000725,2023-03-14,AJUSTE,2943.24,01,SP-CORE-01,BR,BR-5631725051
TXN00001841,CLI001105,2023-10-16,AJUSTE,3012.54,00,BA-CORE-01,BR,BR-7930633125
TXN00001842,CLI000206,2023-12-22,AJUSTE,3316.13,01,RJ-CORE-01,BR,BR-5108541819
TXN00001843,CLI000869,2023-11-22,AJUSTE,2227.41,01,SP-CORE-02,BR,BR-4729138222
TXN00001844,CLI001069,2023-05-23,AJUSTE,190.21,10,RJ-CORE-01,BR,BR-9283130753
TXN00001845,CLI000154,2023-09-01,PAGAMENTO,1648.65,01,RJ-CORE-01,BR,BR-4895849088
TXN00001846,CLI000137,2023-12-29,ESTORNO,1954.04,02,SP-CORE-02,BR,BR-1339783148
TXN00001847,CLI000802,2023-07-30,FATURA,508.26,10,SP-CORE-02,BR,BR-2475860255
TXN00001848,CLI000145,2023-11-27,AJUSTE,1478.15,01,SP-CORE-02,BR,BR-6641362499
TXN00001849,CLI000311,2023-05-22,AJUSTE,508.73,10,SP-CORE-01,BR,BR-8099637213
TXN00001850,CLI000241,2023-08-16,AJUSTE,515.58,02,RJ-CORE-01,BR,BR-8346255879
TXN00001851,CLI000256,2023-09-26,ESTORNO,-377.09,10,SP-CORE-02,BR,BR-6993434996
TXN00001852,CLI000782,2023-03-20,PAGAMENTO,265.0,02,RJ-CORE-01,BR,BR-9107574572
TXN00001853,CLI000998,2023-02-27,ESTORNO,2201.61,10,BA-CORE-01,BR,BR-9326953041
TXN00001854,CLI000495,2023-04-26,ESTORNO,1839.48,00,BA-CORE-01,BR,BR-7228942343
TXN00001855,CLI000574,2023-12-26,PAGAMENTO,3372.09,10,SP-CORE-01,BR,BR-1718625803
TXN00001856,CLI000171,2023-05-09,ESTORNO,2248.12,02,MG-CORE-01,BR,BR-4668811953
TXN00001857,CLI001014,2023-02-21,FATURA,2501.57,10,SP-CORE-02,BR,BR-4220107677
TXN00001858,CLI001149,2023-10-30,AJUSTE,1529.51,02,SP-CORE-01,BR,BR-1904397668
TXN00001859,CLI000221,2023-11-07,PAGAMENTO,1826.0,10,SP-CORE-01,BR,BR-2705297819
TXN00001860,CLI000864,2023-10-22,FATURA,350.3,01,RJ-CORE-01,BR,BR-1410400118
TXN00001861,CLI001071,2023-01-21,PAGAMENTO,1228.62,10,MG-CORE-01,BR,BR-1231178500
TXN00001862,CLI001162,2023-07-24,FATURA,2849.8,10,SP-CORE-01,BR,BR-8606102365
TXN00001863,CLI000845,2023-01-13,AJUSTE,2214.21,02,SP-CORE-01,BR,BR-5277846424
TXN00001864,CLI000722,2023-08-22,FATURA,2976.02,02,RJ-CORE-01,BR,BR-5741336386
TXN00001865,CLI000539,2023-05-22,AJUSTE,1572.1,00,RJ-CORE-01,BR,BR-3654728627
TXN00001866,CLI000353,2023-04-18,AJUSTE,1963.5,02,MG-CORE-01,BR,BR-9952048706
TXN00001867,CLI000208,2023-02-15,PAGAMENTO,203492.41,9A,SANTOS-PORT-07,LU,OFFSHORE-728299MJ
TXN00001868,CLI000415,2023-11-24,FATURA,1433.11,10,SP-CORE-02,BR,BR-7587552692
TXN00001869,CLI000346,2023-12-29,ESTORNO,1709.33,02,MG-CORE-01,BR,BR-9198762527
TXN00001870,CLI001147,2023-01-09,ESTORNO,-407.95,02,BA-CORE-01,BR,BR-5679598896
TXN00001871,CLI000186,2023-07-23,AJUSTE,2172.28,00,SP-CORE-02,BR,BR-6617251085
TXN00001872,CLI000813,2023-05-15,PAGAMENTO,527.26,02,BA-CORE-01,BR,BR-7065369178
TXN00001873,CLI000169,2023-07-17,AJUSTE,380.62,02,BA-CORE-01,BR,BR-5963769028
TXN00001874,CLI000561,2023-04-26,ESTORNO,-1560.03,00,SP-CORE-02,BR,BR-1045336904
TXN00001875,CLI000902,2023-09-11,FATURA,801.15,01,SP-CORE-02,BR,BR-5880373288
TXN00001876,CLI000990,2023-03-16,AJUSTE,63.22,01,SP-CORE-01,BR,BR-6526601778
TXN00001877,CLI001063,2023-08-01,PAGAMENTO,-285839.27,9A,SANTOS-PORT-07,LU,OFFSHORE-266341RA
TXN00001878,CLI000540,2023-11-18,PAGAMENTO,2022.59,10,RJ-CORE-01,BR,BR-8235474949
TXN00001879,CLI000732,2023-07-09,PAGAMENTO,1288.51,01,RJ-CORE-01,BR,BR-8768773991
TXN00001880,CLI000264,2023-12-21,FATURA,488.03,01,BA-CORE-01,BR,BR-2773408660
TXN00001881,CLI000467,2023-09-17,FATURA,2485.07,02,SP-CORE-01,BR,BR-4665677395
TXN00001882,CLI000109,2023-12-26,ESTORNO,2264.48,01,MG-CORE-01,BR,BR-1783432867
TXN00001883,CLI000046,2023-11-13,PAGAMENTO,1543.79,10,SP-CORE-01,BR,BR-2243802345
TXN00001884,CLI000131,2023-10-14,PAGAMENTO,2282.97,02,MG-CORE-01,BR,BR-8030400668
TXN00001885,CLI000057,2023-02-03,ESTORNO,3342.48,02,BA-CORE-01,BR,BR-7948094928
TXN00001886,CLI000926,2023-08-09,PAGAMENTO,2470.68,01,MG-CORE-01,BR,BR-7969674420
TXN00001887,CLI001041,2023-10-03,ESTORNO,2446.28,02,RJ-CORE-01,BR,BR-6101516825
TXN00001888,CLI000109,2023-03-15,PAGAMENTO,2686.72,02,SP-CORE-01,BR,BR-1083302600
TXN00001889,CLI000331,2023-10-28,ESTORNO,436.5,00,BA-CORE-01,BR,BR-3297681898
TXN00001890,CLI001014,2023-05-08,AJUSTE,3429.64,01,SP-CORE-02,BR,BR-5734228580
TXN00001891,CLI000835,2023-06-19,FATURA,330.09,10,BA-CORE-01,BR,BR-2156184315
TXN00001892,CLI000638,2023-12-23,PAGAMENTO,1670.94,02,SP-CORE-02,BR,BR-8366710477
TXN00001893,CLI000823,2023-04-01,ESTORNO,-2481.28,02,MG-CORE-01,BR,BR-4122901114
TXN00001894,CLI000193,2023-04-27,AJUSTE,1242.18,00,RJ-CORE-01,BR,BR-1999913493
TXN00001895,CLI000196,2023-01-11,ESTORNO,3079.97,00,BA-CORE-01,BR,BR-1647181551
TXN00001896,CLI000788,2023-01-01,AJUSTE,3373.33,00,SP-CORE-01,BR,BR-3119908041
TXN00001897,CLI001021,2023-01-15,ESTORNO,-2804.13,02,SP-CORE-01,BR,BR-6763471833
TXN00001898,CLI000767,2023-10-02,AJUSTE,779.94,02,SP-CORE-01,BR,BR-8728631945
TXN00001899,CLI000912,2023-08-14,AJUSTE,2478.16,01,BA-CORE-01,BR,BR-9581187661
TXN00001900,CLI000221,2023-11-15,FATURA,154.93,00,RJ-CORE-01,BR,BR-4399143287
TXN00001901,CLI000318,2023-12-16,ESTORNO,-647.85,01,SP-CORE-01,BR,BR-2418407139
TXN00001902,CLI000135,2023-08-21,ESTORNO,3251.55,10,MG-CORE-01,BR,BR-5087280062
TXN00001903,CLI000086,2023-05-07,ESTORNO,1292.61,01,MG-CORE-01,BR,BR-5535650160
TXN00001904,CLI000187,2023-01-31,ESTORNO,3209.8,10,BA-CORE-01,BR,BR-8626371177
TXN00001905,CLI000278,2023-09-27,ESTORNO,-1979.23,10,BA-CORE-01,BR,BR-9896529524
TXN00001906,CLI000169,2023-04-12,PAGAMENTO,188394.89,4F,SANTOS-PORT-07,LU,OFFSHORE-452088PF
TXN00001907,CLI000797,2023-01-13,PAGAMENTO,1729.51,02,BA-CORE-01,BR,BR-5819561096
TXN00001908,CLI000086,2023-09-12,ESTORNO,447146.32,4F,SANTOS-PORT-07,PA,OFFSHORE-097925PU
TXN00001909,CLI001095,2023-02-15,AJUSTE,1088.78,01,RJ-CORE-01,BR,BR-4310547909
TXN00001910,CLI001102,2023-01-25,FATURA,3384.35,10,SP-CORE-02,BR,BR-2068253975
TXN00001911,CLI000092,2023-12-17,FATURA,3060.49,01,BA-CORE-01,BR,BR-3147136659
TXN00001912,CLI000150,2023-02-20,AJUSTE,1611.17,01,SP-CORE-02,BR,BR-1257922823
TXN00001913,CLI000422,2023-09-11,AJUSTE,739.44,00,SP-CORE-01,BR,BR-1461243650
TXN00001914,CLI000799,2023-05-29,FATURA,36.49,01,RJ-CORE-01,BR,BR-3095269219
TXN00001915,CLI000291,2023-07-10,AJUSTE,3213.19,10,SP-CORE-01,BR,BR-9125201729
TXN00001916,CLI000420,2023-11-15,AJUSTE,2346.49,10,BA-CORE-01,BR,BR-4149022054
TXN00001917,CLI000389,2023-07-29,ESTORNO,-2422.18,10,MG-CORE-01,BR,BR-9681644296
TXN00001918,CLI000264,2023-05-10,PAGAMENTO,2108.45,10,SP-CORE-01,BR,BR-6917472535
TXN00001919,CLI000137,2023-02-06,AJUSTE,2238.84,00,SP-CORE-02,BR,BR-4111270714
TXN00001920,CLI001099,2023-10-02,AJUSTE,1159.28,02,MG-CORE-01,BR,BR-5464569299
TXN00001921,CLI000414,2023-05-26,ESTORNO,-2997.17,02,SP-CORE-01,BR,BR-8329902778
TXN00001922,CLI000074,2023-10-12,FATURA,2965.66,01,SP-CORE-02,BR,BR-7695960480
TXN00001923,CLI000378,2023-09-03,PAGAMENTO,400.52,01,SP-CORE-01,BR,BR-3104929112
TXN00001924,CLI000760,2023-12-22,FATURA,2826.3,01,MG-CORE-01,BR,BR-3433965438
TXN00001925,CLI000431,2023-03-15,PAGAMENTO,1558.24,00,BA-CORE-01,BR,BR-7629799769
TXN00001926,CLI000718,2023-01-23,ESTORNO,1999.43,01,RJ-CORE-01,BR,BR-7306707298
TXN00001927,CLI000314,2023-04-13,PAGAMENTO,3157.44,00,MG-CORE-01,BR,BR-1688669716
TXN00001928,CLI000899,2023-09-16,ESTORNO,241.5,01,SP-CORE-02,BR,BR-3281217890
TXN00001929,CLI000590,2023-08-14,FATURA,261.45,01,BA-CORE-01,BR,BR-7225057758
TXN00001930,CLI000134,2023-03-15,AJUSTE,1923.99,02,SP-CORE-01,BR,BR-8814343168
TXN00001931,CLI000079,2023-09-23,PAGAMENTO,1879.27,01,RJ-CORE-01,BR,BR-7621147142
TXN00001932,CLI001153,2023-02-23,AJUSTE,2401.42,00,MG-CORE-01,BR,BR-2950254385
TXN00001933,CLI001155,2023-07-18,FATURA,2695.06,00,SP-CORE-02,BR,BR-7468039211
TXN00001934,CLI000579,2023-01-11,FATURA,2278.04,10,BA-CORE-01,BR,BR-4151036012
TXN00001935,CLI000513,2023-08-19,PAGAMENTO,3187.64,01,MG-CORE-01,BR,BR-4792165664
TXN00001936,CLI000459,2023-11-22,ESTORNO,1603.35,01,MG-CORE-01,BR,BR-3663727197
TXN00001937,CLI000329,2023-05-27,AJUSTE,2237.08,01,MG-CORE-01,BR,BR-9861985372
TXN00001938,CLI001109,2023-01-11,ESTORNO,-1522.44,02,SP-CORE-02,BR,BR-8812759121
TXN00001939,CLI000863,2023-07-25,AJUSTE,455.08,02,SP-CORE-02,BR,BR-8229392805
TXN00001940,CLI000745,2023-08-24,PAGAMENTO,2572.4,10,MG-CORE-01,BR,BR-6510997463
TXN00001941,CLI000392,2023-06-16,ESTORNO,-2335.5,01,BA-CORE-01,BR,BR-2383082793
TXN00001942,CLI000837,2023-12-04,AJUSTE,2748.76,02,MG-CORE-01,BR,BR-3829915449
TXN00001943,CLI000927,2023-11-26,ESTORNO,-1088.01,10,SP-CORE-02,BR,BR-5027818352
TXN00001944,CLI000321,2023-11-16,ESTORNO,1454.17,01,SP-CORE-02,BR,BR-1134319747
TXN00001945,CLI000791,2023-09-22,PAGAMENTO,1522.61,10,SP-CORE-01,BR,BR-5754765755
TXN00001946,CLI000406,2023-05-20,AJUSTE,3443.04,01,MG-CORE-01,BR,BR-1822987217
TXN00001947,CLI000648,2023-07-30,AJUSTE,1121.39,01,SP-CORE-02,BR,BR-9726588217
TXN00001948,CLI000018,2023-12-13,FATURA,357.78,00,SP-CORE-01,BR,BR-7830290429
TXN00001949,CLI000309,2023-06-19,FATURA,2987.05,02,RJ-CORE-01,BR,BR-5505788456
TXN00001950,CLI001195,2023-06-07,AJUSTE,2945.56,02,BA-CORE-01,BR,BR-4083121646
TXN00001951,CLI000208,2023-09-01,PAGAMENTO,1198.4,01,RJ-CORE-01,BR,BR-4955816119
TXN00001952,CLI000840,2023-03-19,AJUSTE,588.13,00,BA-CORE-01,BR,BR-8111389362
TXN00001953,CLI000233,2023-10-15,AJUSTE,1942.08,10,RJ-CORE-01,BR,BR-4573746499
TXN00001954,CLI000969,2023-08-16,AJUSTE,357.8,00,SP-CORE-02,BR,BR-3744126400
TXN00001955,CLI000904,2023-09-02,PAGAMENTO,613.19,00,BA-CORE-01,BR,BR-9119337640
TXN00001956,CLI000696,2023-08-18,AJUSTE,3131.08,10,BA-CORE-01,BR,BR-8825544304
TXN00001957,CLI000807,2023-07-09,FATURA,259.74,01,BA-CORE-01,BR,BR-7944675764
TXN00001958,CLI000171,2023-02-26,AJUSTE,3475.28,01,RJ-CORE-01,BR,BR-3272127173
TXN00001959,CLI000856,2023-11-05,ESTORNO,3442.83,10,SP-CORE-01,BR,BR-4153795953
TXN00001960,CLI001066,2023-07-06,AJUSTE,2982.36,01,BA-CORE-01,BR,BR-8878930685
TXN00001961,CLI000628,2023-09-08,FATURA,1128.62,01,SP-CORE-01,BR,BR-3231172272
TXN00001962,CLI000939,2023-08-18,ESTORNO,3486.62,02,SP-CORE-01,BR,BR-2654984428
TXN00001963,CLI001175,2023-06-20,FATURA,1938.43,01,BA-CORE-01,BR,BR-3821263164
TXN00001964,CLI000074,2023-06-04,FATURA,1344.74,10,MG-CORE-01,BR,BR-5069495876
TXN00001965,CLI000701,2023-12-23,ESTORNO,-1325.49,02,BA-CORE-01,BR,BR-7692167252
TXN00001966,CLI000547,2023-06-27,AJUSTE,2522.53,01,MG-CORE-01,BR,BR-4204511084
TXN00001967,CLI000233,2023-08-19,FATURA,3217.34,00,RJ-CORE-01,BR,BR-7771289365
TXN00001968,CLI000363,2023-03-07,FATURA,2825.67,00,SP-CORE-02,BR,BR-8191890793
TXN00001969,CLI000028,2023-02-03,ESTORNO,-555.94,01,SP-CORE-01,BR,BR-1447116404
TXN00001970,CLI000116,2023-11-13,ESTORNO,264.93,10,RJ-CORE-01,BR,BR-4403596665
TXN00001971,CLI000188,2023-04-13,AJUSTE,3214.65,00,SP-CORE-02,BR,BR-7657050979
TXN00001972,CLI000163,2023-08-10,FATURA,2774.74,01,SP-CORE-02,BR,BR-7462606300
TXN00001973,CLI001015,2023-06-14,PAGAMENTO,2196.57,01,MG-CORE-01,BR,BR-3824077950
TXN00001974,CLI001040,2023-08-29,AJUSTE,1022.46,00,MG-CORE-01,BR,BR-7871585740
TXN00001975,CLI001111,2023-02-10,FATURA,631.96,01,RJ-CORE-01,BR,BR-9304405028
TXN00001976,CLI000659,2023-12-25,AJUSTE,451.56,00,SP-CORE-02,BR,BR-9171110739
TXN00001977,CLI001038,2023-03-25,AJUSTE,1393.44,02,BA-CORE-01,BR,BR-9576406794
TXN00001978,CLI000516,2023-04-22,ESTORNO,-1504.3,02,SP-CORE-02,BR,BR-8923587668
TXN00001979,CLI000124,2023-03-24,ESTORNO,244.99,00,MG-CORE-01,BR,BR-8014715913
TXN00001980,CLI000653,2023-02-10,PAGAMENTO,2365.64,10,SP-CORE-01,BR,BR-3343446878
TXN00001981,CLI000654,2023-12-24,ESTORNO,2390.16,00,BA-CORE-01,BR,BR-8492906959
TXN00001982,CLI000615,2023-07-03,PAGAMENTO,2602.83,10,RJ-CORE-01,BR,BR-7238025415
TXN00001983,CLI000350,2023-06-10,PAGAMENTO,1919.79,01,SP-CORE-02,BR,BR-9417381849
TXN00001984,CLI000826,2023-12-20,FATURA,1248.07,10,MG-CORE-01,BR,BR-9590774810
TXN00001985,CLI000051,2023-08-26,PAGAMENTO,1593.57,01,MG-CORE-01,BR,BR-9659953069
TXN00001986,CLI000029,2023-06-12,AJUSTE,1347.47,01,MG-CORE-01,BR,BR-9118882154
TXN00001987,CLI000445,2023-12-05,PAGAMENTO,3170.66,01,BA-CORE-01,BR,BR-5323180209
TXN00001988,CLI000406,2023-01-09,FATURA,1381.69,01,RJ-CORE-01,BR,BR-5227941857
TXN00001989,CLI000467,2023-09-12,FATURA,1384.97,02,BA-CORE-01,BR,BR-2352505293
TXN00001990,CLI000328,2023-09-07,AJUSTE,2131.75,10,MG-CORE-01,BR,BR-8826879784
TXN00001991,CLI000977,2023-12-07,PAGAMENTO,227.97,00,SP-CORE-01,BR,BR-3455054143
TXN00001992,CLI000631,2023-03-14,ESTORNO,-838.33,10,SP-CORE-02,BR,BR-1404960131
TXN00001993,CLI000266,2023-06-23,AJUSTE,2214.0,10,BA-CORE-01,BR,BR-7272240574
TXN00001994,CLI000130,2023-06-24,ESTORNO,2542.15,01,RJ-CORE-01,BR,BR-1670474924
TXN00001995,CLI000479,2023-08-17,FATURA,1307.63,01,SP-CORE-02,BR,BR-6433082861
TXN00001996,CLI000679,2023-11-21,ESTORNO,-3206.77,10,RJ-CORE-01,BR,BR-2073127233
TXN00001997,CLI000486,2023-03-07,AJUSTE,3379.85,01,BA-CORE-01,BR,BR-2289789131
TXN00001998,CLI000196,2023-09-08,AJUSTE,1980.28,00,RJ-CORE-01,BR,BR-7745191003
TXN00001999,CLI000948,2023-03-17,PAGAMENTO,2190.15,00,BA-CORE-01,BR,BR-9921512797
TXN00002000,CLI000121,2023-02-04,ESTORNO,-1584.21,01,RJ-CORE-01,BR,BR-3072464202
TXN00002001,CLI000989,2023-05-07,PAGAMENTO,797.2,00,RJ-CORE-01,BR,BR-9999520085
TXN00002002,CLI001099,2023-05-20,AJUSTE,3349.2,10,RJ-CORE-01,BR,BR-8053429914
TXN00002003,CLI000400,2023-11-27,AJUSTE,674.92,00,RJ-CORE-01,BR,BR-9750444358
TXN00002004,CLI000296,2023-05-08,ESTORNO,-2771.67,10,SP-CORE-01,BR,BR-2638728074
TXN00002005,CLI000303,2023-01-13,ESTORNO,-120.3,10,SP-CORE-01,BR,BR-4350598093
TXN00002006,CLI000644,2023-11-17,PAGAMENTO,221347.2,9A,SANTOS-PORT-07,PA,OFFSHORE-832067YK
TXN00002007,CLI000584,2023-05-21,FATURA,248699.0,9A,SANTOS-PORT-07,PA,OFFSHORE-168622YT
TXN00002008,CLI000669,2023-10-28,AJUSTE,467.3,00,SP-CORE-01,BR,BR-6145836928
TXN00002009,CLI000890,2023-07-08,PAGAMENTO,513.3,10,BA-CORE-01,BR,BR-3453846612
TXN00002010,CLI001165,2023-07-22,ESTORNO,639.43,00,RJ-CORE-01,BR,BR-3251627092
TXN00002011,CLI000140,2023-09-19,FATURA,214.39,01,MG-CORE-01,BR,BR-2040735415
TXN00002012,CLI000738,2023-03-19,AJUSTE,375.84,01,SP-CORE-02,BR,BR-7142085555
TXN00002013,CLI000128,2023-06-23,ESTORNO,-302.43,02,SP-CORE-01,BR,BR-3473979489
TXN00002014,CLI000425,2023-11-25,PAGAMENTO,2768.26,01,BA-CORE-01,BR,BR-7071288688
TXN00002015,CLI000116,2023-03-23,PAGAMENTO,421.07,02,SP-CORE-02,BR,BR-6863779898
TXN00002016,CLI000087,2023-01-27,FATURA,2257.3,01,MG-CORE-01,BR,BR-6113114506
TXN00002017,CLI000662,2023-04-30,AJUSTE,3325.88,01,BA-CORE-01,BR,BR-3814963909
TXN00002018,CLI001009,2023-11-21,PAGAMENTO,2352.52,00,BA-CORE-01,BR,BR-8600723288
TXN00002019,CLI000083,2023-12-09,FATURA,2507.3,10,BA-CORE-01,BR,BR-8742949959
TXN00002020,CLI000015,2023-10-29,AJUSTE,145.3,01,BA-CORE-01,BR,BR-3676546979
TXN00002021,CLI000436,2023-12-26,ESTORNO,-109832.15,4F,SANTOS-PORT-07,PA,OFFSHORE-053833OB
TXN00002022,CLI000767,2023-10-02,AJUSTE,45.58,02,RJ-CORE-01,BR,BR-8517718126
TXN00002023,CLI000670,2023-03-23,PAGAMENTO,2925.18,02,RJ-CORE-01,BR,BR-7652045572
TXN00002024,CLI001049,2023-07-21,ESTORNO,-434.7,02,MG-CORE-01,BR,BR-5261905194
TXN00002025,CLI000422,2023-04-15,PAGAMENTO,663.22,00,MG-CORE-01,BR,BR-3870157362
TXN00002026,CLI000622,2023-10-19,AJUSTE,2580.24,02,SP-CORE-02,BR,BR-3262584884
TXN00002027,CLI000049,2023-08-26,ESTORNO,-209.2,01,BA-CORE-01,BR,BR-2097176652
TXN00002028,CLI000796,2023-01-07,ESTORNO,-773.15,01,RJ-CORE-01,BR,BR-5553137994
TXN00002029,CLI000585,2023-08-23,ESTORNO,3445.12,01,MG-CORE-01,BR,BR-2165144965
TXN00002030,CLI000103,2023-02-09,AJUSTE,2164.97,00,SP-CORE-01,BR,BR-5059502085
TXN00002031,CLI001164,2023-05-21,FATURA,3256.95,02,MG-CORE-01,BR,BR-5581002642
TXN00002032,CLI000764,2023-02-19,AJUSTE,206.31,01,SP-CORE-02,BR,BR-8131247005
TXN00002033,CLI000246,2023-05-24,FATURA,1472.85,00,RJ-CORE-01,BR,BR-1463390201
TXN00002034,CLI000976,2023-03-14,ESTORNO,934.29,01,SP-CORE-01,BR,BR-2660104622
TXN00002035,CLI001142,2023-01-08,AJUSTE,411.8,01,MG-CORE-01,BR,BR-9503145548
TXN00002036,CLI000815,2023-05-19,ESTORNO,-98.51,10,SP-CORE-01,BR,BR-4048090198
TXN00002037,CLI000359,2023-01-16,PAGAMENTO,149.32,10,MG-CORE-01,BR,BR-9177068228
TXN00002038,CLI000982,2023-10-23,FATURA,3142.98,00,RJ-CORE-01,BR,BR-1378045890
TXN00002039,CLI000918,2023-05-17,AJUSTE,104.96,02,SP-CORE-02,BR,BR-9447304615
TXN00002040,CLI000475,2023-11-29,FATURA,173.55,10,BA-CORE-01,BR,BR-4060031897
TXN00002041,CLI001116,2023-05-27,FATURA,1286.84,02,MG-CORE-01,BR,BR-1170735270
TXN00002042,CLI000299,2023-07-11,AJUSTE,2311.93,02,BA-CORE-01,BR,BR-6604621025
TXN00002043,CLI000712,2023-11-24,ESTORNO,-1226.82,01,BA-CORE-01,BR,BR-7399212842
TXN00002044,CLI000885,2023-03-17,ESTORNO,-2853.51,10,BA-CORE-01,BR,BR-4197133819
TXN00002045,CLI000956,2023-11-05,FATURA,901.14,01,RJ-CORE-01,BR,BR-5373875401
TXN00002046,CLI001038,2023-10-04,PAGAMENTO,3019.06,01,SP-CORE-01,BR,BR-8234062195
TXN00002047,CLI000422,2023-11-03,AJUSTE,1208.94,01,BA-CORE-01,BR,BR-2298481206
TXN00002048,CLI000086,2023-02-11,PAGAMENTO,2885.58,00,BA-CORE-01,BR,BR-9856264217
TXN00002049,CLI001002,2023-10-22,FATURA,34.06,01,SP-CORE-02,BR,BR-5253570650
TXN00002050,CLI001072,2023-06-16,FATURA,2566.85,02,BA-CORE-01,BR,BR-9371391276
TXN00002051,CLI000930,2023-04-23,PAGAMENTO,2028.03,10,SP-CORE-01,BR,BR-1968870326
TXN00002052,CLI000221,2023-12-22,AJUSTE,3135.42,01,SP-CORE-01,BR,BR-1589530134
TXN00002053,CLI000621,2023-03-15,PAGAMENTO,3207.14,02,SP-CORE-02,BR,BR-8429819540
TXN00002054,CLI000064,2023-10-05,AJUSTE,2241.11,01,SP-CORE-01,BR,BR-3948595172
TXN00002055,CLI000244,2023-03-03,ESTORNO,-740.66,00,SP-CORE-01,BR,BR-2792433036
TXN00002056,CLI000703,2023-07-03,PAGAMENTO,2322.32,00,BA-CORE-01,BR,BR-3460580557
TXN00002057,CLI000980,2023-07-11,PAGAMENTO,745.4,10,BA-CORE-01,BR,BR-7895006867
TXN00002058,CLI000720,2023-12-14,FATURA,1729.84,00,MG-CORE-01,BR,BR-1565956995
TXN00002059,CLI000866,2023-05-11,FATURA,2458.2,10,BA-CORE-01,BR,BR-3802348672
TXN00002060,CLI000178,2023-12-17,ESTORNO,1726.27,00,MG-CORE-01,BR,BR-5888143707
TXN00002061,CLI000932,2023-05-10,PAGAMENTO,1912.2,00,SP-CORE-02,BR,BR-4906542112
TXN00002062,CLI000635,2023-06-22,PAGAMENTO,860.0,10,SP-CORE-01,BR,BR-4307339566
TXN00002063,CLI000058,2023-04-21,PAGAMENTO,2155.74,00,SP-CORE-01,BR,BR-5973777930
TXN00002064,CLI000795,2023-02-05,PAGAMENTO,1767.21,10,RJ-CORE-01,BR,BR-9881193677
TXN00002065,CLI000601,2023-05-10,FATURA,2058.1,10,SP-CORE-02,BR,BR-4089973470
TXN00002066,CLI000318,2023-01-21,AJUSTE,1030.2,02,MG-CORE-01,BR,BR-6085822029
TXN00002067,CLI000362,2023-04-12,FATURA,1697.87,01,SP-CORE-01,BR,BR-9473523940
TXN00002068,CLI001011,2023-01-23,PAGAMENTO,1071.92,01,RJ-CORE-01,BR,BR-9423273485
TXN00002069,CLI000286,2023-08-16,AJUSTE,2833.3,00,SP-CORE-01,BR,BR-6597837495
TXN00002070,CLI000881,2023-11-06,AJUSTE,1978.44,10,MG-CORE-01,BR,BR-8466111803
TXN00002071,CLI000858,2023-12-29,FATURA,1847.61,02,BA-CORE-01,BR,BR-1807168703
TXN00002072,CLI000179,2023-01-18,PAGAMENTO,990.58,10,SP-CORE-01,BR,BR-1564985269
TXN00002073,CLI000282,2023-12-07,ESTORNO,1264.6,10,BA-CORE-01,BR,BR-7944732371
TXN00002074,CLI001119,2023-01-13,FATURA,583.74,01,SP-CORE-02,BR,BR-3630074869
TXN00002075,CLI001147,2023-10-13,ESTORNO,-935.26,00,SP-CORE-02,BR,BR-3561349676
TXN00002076,CLI000023,2023-04-29,FATURA,724.52,02,SP-CORE-02,BR,BR-5406999328
TXN00002077,CLI001200,2023-01-31,ESTORNO,1795.48,00,SP-CORE-01,BR,BR-9931278947
TXN00002078,CLI000984,2023-06-05,FATURA,3083.74,01,RJ-CORE-01,BR,BR-8644295537
TXN00002079,CLI000203,2023-04-07,AJUSTE,2330.85,10,MG-CORE-01,BR,BR-8084842984
TXN00002080,CLI001045,2023-07-18,AJUSTE,1944.55,00,SP-CORE-02,BR,BR-6959096557
TXN00002081,CLI000506,2023-02-04,AJUSTE,1682.36,00,BA-CORE-01,BR,BR-3035157048
TXN00002082,CLI000123,2023-11-17,PAGAMENTO,1278.79,01,RJ-CORE-01,BR,BR-1703457120
TXN00002083,CLI000766,2023-01-22,PAGAMENTO,3049.93,10,SP-CORE-01,BR,BR-1971835392
TXN00002084,CLI001044,2023-08-19,PAGAMENTO,2130.4,01,SP-CORE-02,BR,BR-5161029102
TXN00002085,CLI001068,2023-11-27,PAGAMENTO,3054.11,01,SP-CORE-02,BR,BR-9269680715
TXN00002086,CLI001151,2023-09-12,ESTORNO,-2710.39,10,BA-CORE-01,BR,BR-9376036819
TXN00002087,CLI000569,2023-12-27,FATURA,3122.94,01,SP-CORE-01,BR,BR-1878587567
TXN00002088,CLI000670,2023-05-24,PAGAMENTO,1636.48,02,RJ-CORE-01,BR,BR-7945217063
TXN00002089,CLI001176,2023-08-29,ESTORNO,1799.81,10,BA-CORE-01,BR,BR-8249315123
TXN00002090,CLI001059,2023-08-29,AJUSTE,1193.02,10,RJ-CORE-01,BR,BR-9017737153
TXN00002091,CLI001052,2023-05-09,FATURA,2209.34,02,RJ-CORE-01,BR,BR-4812156793
TXN00002092,CLI000392,2023-06-10,AJUSTE,3245.33,02,SP-CORE-02,BR,BR-7131304971
TXN00002093,CLI000869,2023-06-06,ESTORNO,-687.63,02,BA-CORE-01,BR,BR-4333816842
TXN00002094,CLI000741,2023-11-10,AJUSTE,3119.12,01,RJ-CORE-01,BR,BR-8835431320
TXN00002095,CLI000422,2023-04-15,ESTORNO,2797.15,01,SP-CORE-01,BR,BR-8388206667
TXN00002096,CLI000555,2023-04-04,ESTORNO,-3107.71,10,RJ-CORE-01,BR,BR-9755342261
TXN00002097,CLI000518,2023-10-03,PAGAMENTO,1208.07,02,BA-CORE-01,BR,BR-5764477196
TXN00002098,CLI000387,2023-07-12,FATURA,2849.64,10,SP-CORE-01,BR,BR-4769980437
TXN00002099,CLI000545,2023-09-11,ESTORNO,-1602.57,02,BA-CORE-01,BR,BR-7605097681
TXN00002100,CLI000976,2023-08-07,FATURA,2205.83,10,BA-CORE-01,BR,BR-9758519013
TXN00002101,CLI000741,2023-07-18,PAGAMENTO,1109.73,01,SP-CORE-02,BR,BR-5134302513
TXN00002102,CLI001097,2023-01-22,FATURA,2968.17,02,SP-CORE-01,BR,BR-6110368314
TXN00002103,CLI001161,2023-03-07,ESTORNO,2747.87,10,SP-CORE-02,BR,BR-7182836805
TXN00002104,CLI000493,2023-01-06,FATURA,407.78,02,RJ-CORE-01,BR,BR-9093425963
TXN00002105,CLI000485,2023-04-23,AJUSTE,2171.73,02,BA-CORE-01,BR,BR-6522961108
TXN00002106,CLI000785,2023-01-12,AJUSTE,1946.91,02,SP-CORE-02,BR,BR-6010021799
TXN00002107,CLI000553,2023-10-05,AJUSTE,2164.71,01,SP-CORE-01,BR,BR-4947215928
TXN00002108,CLI000942,2023-03-05,PAGAMENTO,352.98,10,SP-CORE-02,BR,BR-4881257367
TXN00002109,CLI000490,2023-03-30,AJUSTE,3213.34,02,SP-CORE-01,BR,BR-8069952132
TXN00002110,CLI000168,2023-08-11,ESTORNO,-2037.14,10,MG-CORE-01,BR,BR-9978374906
TXN00002111,CLI000779,2023-12-31,PAGAMENTO,1565.58,01,MG-CORE-01,BR,BR-3150308852
TXN00002112,CLI001074,2023-10-05,FATURA,2682.39,01,MG-CORE-01,BR,BR-3346800656
TXN00002113,CLI000296,2023-06-14,ESTORNO,-92.09,10,MG-CORE-01,BR,BR-6983175999
TXN00002114,CLI000425,2023-11-04,FATURA,2932.55,10,SP-CORE-02,BR,BR-6684221411
TXN00002115,CLI000473,2023-06-10,AJUSTE,1249.36,02,SP-CORE-02,BR,BR-1106996713
TXN00002116,CLI000133,2023-11-04,PAGAMENTO,3074.5,00,BA-CORE-01,BR,BR-4847409832
TXN00002117,CLI000042,2023-01-12,PAGAMENTO,1373.27,02,RJ-CORE-01,BR,BR-9085484017
TXN00002118,CLI000523,2023-08-12,PAGAMENTO,2540.14,10,SP-CORE-01,BR,BR-5682286001
TXN00002119,CLI001200,2023-04-28,ESTORNO,-956.54,02,MG-CORE-01,BR,BR-4149337748
TXN00002120,CLI000185,2023-01-19,AJUSTE,3427.48,02,SP-CORE-01,BR,BR-1391663395
TXN00002121,CLI001076,2023-02-17,AJUSTE,2161.77,00,RJ-CORE-01,BR,BR-8328187923
TXN00002122,CLI000381,2023-08-20,ESTORNO,538.62,01,MG-CORE-01,BR,BR-8018287603
TXN00002123,CLI000107,2023-07-29,AJUSTE,1104.36,00,SP-CORE-02,BR,BR-9956323416
TXN00002124,CLI000036,2023-05-28,AJUSTE,1926.83,10,SP-CORE-02,BR,BR-8332707996
TXN00002125,CLI000367,2023-11-05,AJUSTE,2499.6,00,SP-CORE-01,BR,BR-5981731142
TXN00002126,CLI001093,2023-08-25,FATURA,1945.97,02,SP-CORE-02,BR,BR-7658684887
TXN00002127,CLI001052,2023-05-06,AJUSTE,2758.44,02,SP-CORE-02,BR,BR-4705150091
TXN00002128,CLI000343,2023-09-14,FATURA,1775.69,00,MG-CORE-01,BR,BR-1621083944
TXN00002129,CLI000753,2023-08-29,FATURA,562.56,01,SP-CORE-02,BR,BR-5515344181
TXN00002130,CLI000087,2023-08-25,ESTORNO,-875.35,01,SP-CORE-01,BR,BR-6618084394
TXN00002131,CLI001004,2023-07-13,FATURA,492.95,02,MG-CORE-01,BR,BR-9422285317
TXN00002132,CLI001065,2023-10-09,PAGAMENTO,1904.31,10,BA-CORE-01,BR,BR-1776083520
TXN00002133,CLI000342,2023-11-07,ESTORNO,2029.6,10,RJ-CORE-01,BR,BR-4859208130
TXN00002134,CLI000753,2023-03-06,PAGAMENTO,2820.84,01,SP-CORE-01,BR,BR-5125032122
TXN00002135,CLI000049,2023-03-01,ESTORNO,-2123.3,10,MG-CORE-01,BR,BR-9605108260
TXN00002136,CLI000302,2023-09-07,ESTORNO,711.49,00,SP-CORE-02,BR,BR-8582317251
TXN00002137,CLI000501,2023-10-30,PAGAMENTO,2771.02,01,RJ-CORE-01,BR,BR-5347399246
TXN00002138,CLI000818,2023-01-09,AJUSTE,3153.75,10,RJ-CORE-01,BR,BR-4467990956
TXN00002139,CLI000852,2023-12-31,PAGAMENTO,1638.91,01,MG-CORE-01,BR,BR-3119423746
TXN00002140,CLI000109,2023-05-06,FATURA,3318.08,00,RJ-CORE-01,BR,BR-8127372046
TXN00002141,CLI001050,2023-08-27,ESTORNO,-3184.68,10,SP-CORE-01,BR,BR-7243759249
TXN00002142,CLI000679,2023-01-21,PAGAMENTO,3270.24,10,SP-CORE-01,BR,BR-2897840239
TXN00002143,CLI000299,2023-06-08,AJUSTE,3228.51,01,SP-CORE-01,BR,BR-1028230917
TXN00002144,CLI000827,2023-01-31,ESTORNO,-105.9,01,BA-CORE-01,BR,BR-1891796718
TXN00002145,CLI001059,2023-11-10,ESTORNO,-1621.81,02,RJ-CORE-01,BR,BR-1793881710
TXN00002146,CLI001123,2023-08-13,FATURA,2659.55,10,BA-CORE-01,BR,BR-9826432406
TXN00002147,CLI000548,2023-03-20,FATURA,3266.66,10,RJ-CORE-01,BR,BR-2499028775
TXN00002148,CLI000787,2023-03-14,AJUSTE,2672.14,01,SP-CORE-01,BR,BR-9729229346
TXN00002149,CLI000399,2023-07-21,ESTORNO,786.43,00,RJ-CORE-01,BR,BR-7886058634
TXN00002150,CLI001164,2023-10-19,PAGAMENTO,693.95,01,MG-CORE-01,BR,BR-1376680187
TXN00002151,CLI000989,2023-04-18,ESTORNO,-21.97,00,SP-CORE-02,BR,BR-5762636174
TXN00002152,CLI000164,2023-04-23,FATURA,1649.71,01,MG-CORE-01,BR,BR-5268060108
TXN00002153,CLI001182,2023-06-25,PAGAMENTO,2166.46,02,MG-CORE-01,BR,BR-3414532686
TXN00002154,CLI000503,2023-11-20,ESTORNO,2334.0,01,BA-CORE-01,BR,BR-9445165272
TXN00002155,CLI000616,2023-01-12,AJUSTE,1529.88,02,RJ-CORE-01,BR,BR-1153931824
TXN00002156,CLI000304,2023-07-27,PAGAMENTO,198.48,02,RJ-CORE-01,BR,BR-8595701134
TXN00002157,CLI000202,2023-04-23,AJUSTE,3085.0,01,MG-CORE-01,BR,BR-6681476601
TXN00002158,CLI000497,2023-07-31,ESTORNO,-2603.98,10,BA-CORE-01,BR,BR-9149828351
TXN00002159,CLI000893,2023-11-16,AJUSTE,1694.48,00,RJ-CORE-01,BR,BR-4523010269
TXN00002160,CLI000759,2023-08-10,PAGAMENTO,556.08,10,SP-CORE-01,BR,BR-8552450838
TXN00002161,CLI000439,2023-06-07,FATURA,840.17,10,MG-CORE-01,BR,BR-5573821760
TXN00002162,CLI000338,2023-08-09,PAGAMENTO,2976.09,02,SP-CORE-02,BR,BR-3022142957
TXN00002163,CLI000018,2023-03-23,ESTORNO,-2100.98,10,SP-CORE-01,BR,BR-8986096303
TXN00002164,CLI000005,2023-10-04,AJUSTE,1511.33,00,SP-CORE-02,BR,BR-1249900899
TXN00002165,CLI001172,2023-04-01,PAGAMENTO,133.74,02,RJ-CORE-01,BR,BR-5671505977
TXN00002166,CLI000080,2023-01-21,FATURA,594.97,02,RJ-CORE-01,BR,BR-8330674428
TXN00002167,CLI001005,2023-01-21,FATURA,307314.44,9A,SANTOS-PORT-07,KY,OFFSHORE-301071NT
TXN00002168,CLI000284,2023-05-17,FATURA,2084.93,00,BA-CORE-01,BR,BR-7075798574
TXN00002169,CLI000197,2023-08-25,FATURA,2129.46,02,SP-CORE-02,BR,BR-5490354768
TXN00002170,CLI000694,2023-11-07,PAGAMENTO,162803.01,4F,SANTOS-PORT-07,KY,OFFSHORE-902355LR
TXN00002171,CLI000628,2023-12-22,AJUSTE,1664.86,10,RJ-CORE-01,BR,BR-9742656117
TXN00002172,CLI000634,2023-12-01,ESTORNO,2475.69,10,MG-CORE-01,BR,BR-5878025845
TXN00002173,CLI000242,2023-04-18,ESTORNO,-857.57,01,SP-CORE-02,BR,BR-9142951341
TXN00002174,CLI000579,2023-02-25,AJUSTE,3493.83,01,SP-CORE-02,BR,BR-8791786307
TXN00002175,CLI001131,2023-12-19,ESTORNO,-1133.43,01,MG-CORE-01,BR,BR-7532959755
TXN00002176,CLI000393,2023-12-30,ESTORNO,-750.01,10,SP-CORE-01,BR,BR-8207803934
TXN00002177,CLI000950,2023-02-03,ESTORNO,190.21,02,MG-CORE-01,BR,BR-1080395064
TXN00002178,CLI000865,2023-12-30,PAGAMENTO,3021.76,10,SP-CORE-02,BR,BR-8712828384
TXN00002179,CLI000852,2023-10-18,ESTORNO,3041.11,01,SP-CORE-01,BR,BR-5936227006
TXN00002180,CLI000288,2023-09-07,FATURA,3066.81,02,SP-CORE-02,BR,BR-4610947195
TXN00002181,CLI000856,2023-09-20,AJUSTE,2121.65,02,SP-CORE-02,BR,BR-7896382125
TXN00002182,CLI000691,2023-01-05,FATURA,2217.75,02,BA-CORE-01,BR,BR-8979273911
TXN00002183,CLI000681,2023-02-23,FATURA,1700.14,01,SP-CORE-02,BR,BR-4048739665
TXN00002184,CLI001121,2023-09-29,ESTORNO,-1379.6,01,MG-CORE-01,BR,BR-6461039810
TXN00002185,CLI000835,2023-10-03,ESTORNO,-3488.83,10,SP-CORE-01,BR,BR-5667760951
TXN00002186,CLI001172,2023-08-31,FATURA,2906.84,10,MG-CORE-01,BR,BR-4766895640
TXN00002187,CLI000615,2023-06-11,AJUSTE,2925.11,01,MG-CORE-01,BR,BR-6890906602
TXN00002188,CLI001087,2023-04-28,FATURA,-327319.92,4F,SANTOS-PORT-07,LU,OFFSHORE-845218JG
TXN00002189,CLI000005,2023-01-21,AJUSTE,791.87,10,SP-CORE-02,BR,BR-1570015858
TXN00002190,CLI000854,2023-01-25,PAGAMENTO,3356.06,02,BA-CORE-01,BR,BR-4112007191
TXN00002191,CLI001018,2023-09-14,FATURA,3042.54,02,BA-CORE-01,BR,BR-7267939594
TXN00002192,CLI000797,2023-10-01,AJUSTE,2321.28,02,SP-CORE-01,BR,BR-3243454164
TXN00002193,CLI000503,2023-04-01,ESTORNO,-1916.82,01,SP-CORE-01,BR,BR-5312619071
TXN00002194,CLI000527,2023-01-11,PAGAMENTO,116800.18,4F,SANTOS-PORT-07,KY,OFFSHORE-857142BV
TXN00002195,CLI000200,2023-03-24,PAGAMENTO,3172.72,01,SP-CORE-02,BR,BR-5971407550
TXN00002196,CLI000007,2023-06-08,ESTORNO,3492.64,00,SP-CORE-01,BR,BR-1491603670
TXN00002197,CLI000925,2023-02-03,AJUSTE,2729.75,02,SP-CORE-02,BR,BR-1439698549
TXN00002198,CLI000570,2023-03-04,ESTORNO,-1761.61,10,BA-CORE-01,BR,BR-7625110398
TXN00002199,CLI000388,2023-07-02,FATURA,2765.72,02,SP-CORE-02,BR,BR-7654474836
TXN00002200,CLI000329,2023-01-10,ESTORNO,-3190.0,00,SP-CORE-01,BR,BR-2164159934
TXN00002201,CLI000798,2023-09-03,AJUSTE,3469.08,02,SP-CORE-01,BR,BR-8748133196
TXN00002202,CLI000390,2023-02-23,PAGAMENTO,2829.32,10,SP-CORE-02,BR,BR-3465667475
TXN00002203,CLI001142,2023-10-28,PAGAMENTO,2622.12,00,SP-CORE-02,BR,BR-1735620429
TXN00002204,CLI000075,2023-07-18,PAGAMENTO,1141.3,02,SP-CORE-02,BR,BR-9127122242
TXN00002205,CLI000694,2023-04-07,PAGAMENTO,32.95,02,SP-CORE-01,BR,BR-7616728266
TXN00002206,CLI000197,2023-01-04,PAGAMENTO,3394.15,10,SP-CORE-01,BR,BR-1217867296
TXN00002207,CLI000698,2023-10-31,FATURA,492.48,10,BA-CORE-01,BR,BR-5419489933
TXN00002208,CLI001100,2023-11-16,FATURA,2841.69,02,SP-CORE-02,BR,BR-1216706931
TXN00002209,CLI000281,2023-05-31,PAGAMENTO,155.51,00,SP-CORE-01,BR,BR-2647547914
TXN00002210,CLI001088,2023-07-14,ESTORNO,3497.5,02,RJ-CORE-01,BR,BR-5664848084
TXN00002211,CLI000584,2023-02-08,ESTORNO,-1754.04,02,MG-CORE-01,BR,BR-2683269674
TXN00002212,CLI000743,2023-04-05,ESTORNO,343366.11,9A,SANTOS-PORT-07,PA,OFFSHORE-773329WT
TXN00002213,CLI000375,2023-02-18,FATURA,3411.74,02,RJ-CORE-01,BR,BR-6855970349
TXN00002214,CLI000638,2023-10-26,AJUSTE,2805.29,01,SP-CORE-01,BR,BR-6689805567
TXN00002215,CLI000206,2023-12-31,FATURA,1930.3,02,BA-CORE-01,BR,BR-3093825472
TXN00002216,CLI000552,2023-01-21,PAGAMENTO,1105.38,10,SP-CORE-01,BR,BR-5575708685
TXN00002217,CLI000088,2023-03-12,FATURA,259.24,00,SP-CORE-01,BR,BR-5779813535
TXN00002218,CLI001150,2023-07-04,PAGAMENTO,1432.84,00,RJ-CORE-01,BR,BR-7350762338
TXN00002219,CLI000035,2023-02-11,AJUSTE,1182.54,01,BA-CORE-01,BR,BR-4632538452
TXN00002220,CLI000489,2023-04-22,PAGAMENTO,2556.05,01,SP-CORE-02,BR,BR-3468224333
TXN00002221,CLI001009,2023-01-03,PAGAMENTO,2391.31,02,BA-CORE-01,BR,BR-3181627202
TXN00002222,CLI000600,2023-01-31,AJUSTE,1515.44,10,SP-CORE-02,BR,BR-5754448479
TXN00002223,CLI000256,2023-03-11,ESTORNO,-1427.73,10,BA-CORE-01,BR,BR-7274839226
TXN00002224,CLI000831,2023-05-11,PAGAMENTO,2276.21,10,SP-CORE-01,BR,BR-7831299927
TXN00002225,CLI000510,2023-05-10,AJUSTE,2425.72,01,BA-CORE-01,BR,BR-7366750668
TXN00002226,CLI000809,2023-12-31,AJUSTE,159.92,01,SP-CORE-01,BR,BR-5578692558
TXN00002227,CLI000431,2023-04-22,AJUSTE,982.39,00,BA-CORE-01,BR,BR-9504916685
TXN00002228,CLI000916,2023-12-23,FATURA,67.88,00,RJ-CORE-01,BR,BR-3981279224
TXN00002229,CLI000842,2023-03-17,AJUSTE,2540.61,00,RJ-CORE-01,BR,BR-3875932424
TXN00002230,CLI000299,2023-12-04,PAGAMENTO,1825.65,02,MG-CORE-01,BR,BR-8888773421
TXN00002231,CLI000561,2023-07-19,AJUSTE,1249.06,01,MG-CORE-01,BR,BR-7855092056
TXN00002232,CLI000126,2023-01-26,PAGAMENTO,897.35,10,MG-CORE-01,BR,BR-2912189154
TXN00002233,CLI000589,2023-08-23,FATURA,1844.5,01,MG-CORE-01,BR,BR-2742870683
TXN00002234,CLI001085,2023-05-26,AJUSTE,992.06,10,SP-CORE-01,BR,BR-3569503643
TXN00002235,CLI000412,2023-10-28,FATURA,1601.41,02,SP-CORE-02,BR,BR-8816263800
TXN00002236,CLI000274,2023-09-02,ESTORNO,-3373.01,02,SP-CORE-02,BR,BR-6701174987
TXN00002237,CLI001044,2023-05-01,FATURA,2265.37,10,SP-CORE-02,BR,BR-1264064129
TXN00002238,CLI000203,2023-02-26,AJUSTE,951.51,02,BA-CORE-01,BR,BR-4478233603
TXN00002239,CLI000220,2023-12-04,ESTORNO,-1817.35,02,MG-CORE-01,BR,BR-4251624056
TXN00002240,CLI001177,2023-05-25,AJUSTE,897.3,01,BA-CORE-01,BR,BR-3838463998
TXN00002241,CLI000671,2023-11-18,AJUSTE,1749.69,00,SP-CORE-02,BR,BR-6546964238
TXN00002242,CLI000223,2023-10-18,PAGAMENTO,1207.71,10,SP-CORE-02,BR,BR-2920536604
TXN00002243,CLI001158,2023-08-06,ESTORNO,894.06,02,BA-CORE-01,BR,BR-9063480483
TXN00002244,CLI000689,2023-02-19,ESTORNO,-1342.13,01,SP-CORE-02,BR,BR-8213650687
TXN00002245,CLI001152,2023-08-30,ESTORNO,-2661.06,02,MG-CORE-01,BR,BR-9317962158
TXN00002246,CLI000090,2023-12-20,FATURA,285.41,01,SP-CORE-02,BR,BR-9225368829
TXN00002247,CLI000904,2023-08-28,AJUSTE,1455.01,00,SP-CORE-01,BR,BR-5253259971
TXN00002248,CLI000075,2023-04-24,AJUSTE,2588.33,01,RJ-CORE-01,BR,BR-3502793324
TXN00002249,CLI000922,2023-01-06,ESTORNO,3215.35,10,SP-CORE-01,BR,BR-7487221152
TXN00002250,CLI000192,2023-02-17,AJUSTE,1206.03,01,BA-CORE-01,BR,BR-4640572126
TXN00002251,CLI001109,2023-11-03,ESTORNO,1888.38,01,SP-CORE-01,BR,BR-8956449152
TXN00002252,CLI000844,2023-12-03,AJUSTE,2655.5,00,MG-CORE-01,BR,BR-5563018598
TXN00002253,CLI000715,2023-02-21,ESTORNO,-328.71,01,BA-CORE-01,BR,BR-5157096799
TXN00002254,CLI001171,2023-08-20,ESTORNO,285826.14,9A,SANTOS-PORT-07,KY,OFFSHORE-723865AW
TXN00002255,CLI000093,2023-12-08,FATURA,977.9,01,SP-CORE-02,BR,BR-8902579565
TXN00002256,CLI000944,2023-04-11,AJUSTE,2898.93,01,SP-CORE-02,BR,BR-5957540284
TXN00002257,CLI000419,2023-12-05,FATURA,1584.15,01,SP-CORE-01,BR,BR-3877911915
TXN00002258,CLI000326,2023-11-18,ESTORNO,2652.93,02,MG-CORE-01,BR,BR-1576717254
TXN00002259,CLI000359,2023-07-13,PAGAMENTO,46.53,02,SP-CORE-01,BR,BR-9898081286
TXN00002260,CLI000315,2023-02-25,PAGAMENTO,315.2,01,SP-CORE-02,BR,BR-1067464491
TXN00002261,CLI001137,2023-02-25,PAGAMENTO,1532.47,01,RJ-CORE-01,BR,BR-5252952412
TXN00002262,CLI000912,2023-08-20,ESTORNO,-567.74,01,MG-CORE-01,BR,BR-1363626724
TXN00002263,CLI000770,2023-06-11,ESTORNO,-925.6,01,SP-CORE-01,BR,BR-6067191149
TXN00002264,CLI000471,2023-02-16,PAGAMENTO,3064.04,00,SP-CORE-02,BR,BR-7482887706
TXN00002265,CLI000369,2023-10-14,FATURA,1688.04,01,SP-CORE-01,BR,BR-7227899138
TXN00002266,CLI001114,2023-03-06,AJUSTE,856.88,00,BA-CORE-01,BR,BR-2526032931
TXN00002267,CLI001101,2023-05-04,FATURA,1895.73,00,RJ-CORE-01,BR,BR-6092933720
TXN00002268,CLI000876,2023-05-13,FATURA,928.77,01,SP-CORE-02,BR,BR-3596622371
TXN00002269,CLI000303,2023-04-16,PAGAMENTO,506.2,01,SP-CORE-01,BR,BR-7777194242
TXN00002270,CLI000338,2023-02-06,PAGAMENTO,1488.99,00,RJ-CORE-01,BR,BR-7449876106
TXN00002271,CLI000063,2023-06-22,ESTORNO,124.26,00,SP-CORE-01,BR,BR-2576124271
TXN00002272,CLI000985,2023-06-15,FATURA,593.94,00,SP-CORE-01,BR,BR-5201480686
TXN00002273,CLI000053,2023-08-13,FATURA,2747.1,02,SP-CORE-01,BR,BR-7735151139
TXN00002274,CLI000599,2023-06-30,AJUSTE,1108.7,00,BA-CORE-01,BR,BR-8322414774
TXN00002275,CLI000589,2023-03-23,ESTORNO,315.94,01,BA-CORE-01,BR,BR-3965663196
TXN00002276,CLI000592,2023-09-25,PAGAMENTO,3187.68,00,SP-CORE-02,BR,BR-8640187694
TXN00002277,CLI000054,2023-06-10,FATURA,220394.75,9A,SANTOS-PORT-07,PA,OFFSHORE-879565OQ
TXN00002278,CLI000700,2023-11-03,FATURA,98075.66,4F,SANTOS-PORT-07,KY,OFFSHORE-712814ZJ
TXN00002279,CLI000774,2023-07-05,FATURA,-347842.71,4F,SANTOS-PORT-07,PA,OFFSHORE-805129IE
TXN00002280,CLI000659,2023-05-01,FATURA,1457.14,02,BA-CORE-01,BR,BR-9562384841
TXN00002281,CLI000086,2023-12-05,ESTORNO,-190.51,02,SP-CORE-02,BR,BR-8603671758
TXN00002282,CLI000841,2023-11-17,FATURA,1654.8,10,SP-CORE-02,BR,BR-3738362362
TXN00002283,CLI000379,2023-11-13,PAGAMENTO,1255.67,00,BA-CORE-01,BR,BR-2482088956
TXN00002284,CLI000518,2023-02-03,AJUSTE,231.28,00,SP-CORE-01,BR,BR-8053457714
TXN00002285,CLI000364,2023-10-12,FATURA,3205.02,00,RJ-CORE-01,BR,BR-1498192006
TXN00002286,CLI000775,2023-09-13,PAGAMENTO,3083.98,01,BA-CORE-01,BR,BR-6014805529
TXN00002287,CLI000318,2023-09-28,AJUSTE,2274.14,10,RJ-CORE-01,BR,BR-7007563175
TXN00002288,CLI001171,2023-03-14,FATURA,2444.32,02,SP-CORE-02,BR,BR-6589329268
TXN00002289,CLI000268,2023-07-28,ESTORNO,1055.6,00,SP-CORE-02,BR,BR-3287159563
TXN00002290,CLI000084,2023-09-28,ESTORNO,-1519.49,00,RJ-CORE-01,BR,BR-8325529753
TXN00002291,CLI000766,2023-05-30,PAGAMENTO,3310.18,10,SP-CORE-02,BR,BR-7333314020
TXN00002292,CLI000383,2023-01-22,ESTORNO,669.33,01,RJ-CORE-01,BR,BR-9032781720
TXN00002293,CLI000843,2023-04-09,ESTORNO,-3358.08,00,SP-CORE-01,BR,BR-5345918656
TXN00002294,CLI001139,2023-05-29,ESTORNO,-1805.17,00,SP-CORE-02,BR,BR-7222637202
TXN00002295,CLI000127,2023-05-22,AJUSTE,1173.8,01,MG-CORE-01,BR,BR-8209074298
TXN00002296,CLI000443,2023-01-20,ESTORNO,-1028.14,00,RJ-CORE-01,BR,BR-1176169319
TXN00002297,CLI000251,2023-07-01,AJUSTE,696.26,02,BA-CORE-01,BR,BR-8032683189
TXN00002298,CLI000932,2023-04-24,PAGAMENTO,2827.33,00,SP-CORE-01,BR,BR-8981576848
TXN00002299,CLI000188,2023-03-05,PAGAMENTO,1914.44,01,SP-CORE-02,BR,BR-6733641358
TXN00002300,CLI000081,2023-09-10,AJUSTE,774.4,10,RJ-CORE-01,BR,BR-5717062885
TXN00002301,CLI001018,2023-01-18,PAGAMENTO,2537.3,00,BA-CORE-01,BR,BR-6974959934
TXN00002302,CLI000022,2023-07-19,ESTORNO,351.67,10,BA-CORE-01,BR,BR-4217320974
TXN00002303,CLI000686,2023-04-17,AJUSTE,2874.81,00,BA-CORE-01,BR,BR-6067703428
TXN00002304,CLI000684,2023-02-27,PAGAMENTO,1933.1,00,SP-CORE-02,BR,BR-3351978047
TXN00002305,CLI000246,2023-11-23,PAGAMENTO,2465.88,02,RJ-CORE-01,BR,BR-3889662004
TXN00002306,CLI000709,2023-01-02,PAGAMENTO,3090.34,01,MG-CORE-01,BR,BR-4572079205
TXN00002307,CLI001178,2023-01-30,AJUSTE,285.36,00,SP-CORE-01,BR,BR-5346341182
TXN00002308,CLI000703,2023-02-25,ESTORNO,1896.52,01,SP-CORE-02,BR,BR-7210274473
TXN00002309,CLI000323,2023-10-28,FATURA,504.74,10,SP-CORE-02,BR,BR-6511718732
TXN00002310,CLI000925,2023-11-07,AJUSTE,2114.84,01,SP-CORE-01,BR,BR-1829270292
TXN00002311,CLI000603,2023-06-21,ESTORNO,1195.18,00,SP-CORE-01,BR,BR-9691727358
TXN00002312,CLI000692,2023-09-24,AJUSTE,1885.65,00,RJ-CORE-01,BR,BR-1394884830
TXN00002313,CLI001064,2023-09-10,AJUSTE,3275.86,10,MG-CORE-01,BR,BR-4588269668
TXN00002314,CLI000396,2023-03-01,FATURA,2617.27,10,SP-CORE-01,BR,BR-3740545127
TXN00002315,CLI000182,2023-09-24,FATURA,3099.58,02,MG-CORE-01,BR,BR-1515297776
TXN00002316,CLI000436,2023-07-17,FATURA,555.89,10,SP-CORE-01,BR,BR-5852914708
TXN00002317,CLI000107,2023-03-31,FATURA,2691.23,02,RJ-CORE-01,BR,BR-5153944226
TXN00002318,CLI000995,2023-09-18,PAGAMENTO,1935.01,10,BA-CORE-01,BR,BR-4848297723
TXN00002319,CLI001075,2023-08-06,PAGAMENTO,2675.42,01,BA-CORE-01,BR,BR-3987809626
TXN00002320,CLI001136,2023-05-29,ESTORNO,-2628.83,00,SP-CORE-01,BR,BR-6383036029
TXN00002321,CLI000487,2023-09-28,FATURA,3448.31,01,RJ-CORE-01,BR,BR-5020871331
TXN00002322,CLI000435,2023-12-08,PAGAMENTO,3196.28,01,MG-CORE-01,BR,BR-8038508690
TXN00002323,CLI000759,2023-11-27,AJUSTE,1322.57,00,SP-CORE-01,BR,BR-6683977453
TXN00002324,CLI001157,2023-12-20,PAGAMENTO,2435.01,00,BA-CORE-01,BR,BR-5612782269
TXN00002325,CLI000523,2023-05-29,FATURA,1014.46,01,SP-CORE-01,BR,BR-4337644657
TXN00002326,CLI000770,2023-07-26,AJUSTE,2651.64,10,BA-CORE-01,BR,BR-6939076506
TXN00002327,CLI001097,2023-10-10,ESTORNO,-2253.29,10,SP-CORE-01,BR,BR-5552917235
TXN00002328,CLI000603,2023-10-24,ESTORNO,1356.66,01,SP-CORE-02,BR,BR-2136726892
TXN00002329,CLI000222,2023-09-14,FATURA,3107.94,01,SP-CORE-02,BR,BR-2892254518
TXN00002330,CLI001155,2023-04-25,AJUSTE,1044.62,01,MG-CORE-01,BR,BR-4988247780
TXN00002331,CLI000318,2023-07-28,FATURA,2185.32,00,BA-CORE-01,BR,BR-7916193949
TXN00002332,CLI000357,2023-11-24,PAGAMENTO,429.65,10,SP-CORE-01,BR,BR-3113370001
TXN00002333,CLI000452,2023-06-08,AJUSTE,1974.58,01,BA-CORE-01,BR,BR-8596540119
TXN00002334,CLI001150,2023-12-10,ESTORNO,-2325.65,02,SP-CORE-02,BR,BR-3763116394
TXN00002335,CLI000292,2023-05-26,FATURA,2901.49,02,MG-CORE-01,BR,BR-9214594061
TXN00002336,CLI000735,2023-06-24,PAGAMENTO,124.19,01,MG-CORE-01,BR,BR-8367588279
TXN00002337,CLI001174,2023-08-11,AJUSTE,2320.0,00,BA-CORE-01,BR,BR-1443614797
TXN00002338,CLI001151,2023-06-26,PAGAMENTO,1436.1,00,SP-CORE-02,BR,BR-1313186891
TXN00002339,CLI000643,2023-08-07,PAGAMENTO,361.92,01,SP-CORE-02,BR,BR-2915048861
TXN00002340,CLI000493,2023-03-03,ESTORNO,896.72,01,RJ-CORE-01,BR,BR-9145458689
TXN00002341,CLI000459,2023-09-18,ESTORNO,-966.22,00,SP-CORE-01,BR,BR-3750219066
TXN00002342,CLI000798,2023-01-04,FATURA,2343.65,10,BA-CORE-01,BR,BR-5006748052
TXN00002343,CLI000154,2023-01-29,FATURA,426.41,10,BA-CORE-01,BR,BR-8149427618
TXN00002344,CLI000136,2023-12-09,FATURA,692.8,02,SP-CORE-01,BR,BR-2144335983
TXN00002345,CLI000150,2023-09-28,PAGAMENTO,214.83,02,SP-CORE-01,BR,BR-8301681475
TXN00002346,CLI000908,2023-01-28,ESTORNO,1596.92,01,BA-CORE-01,BR,BR-9180270075
TXN00002347,CLI000554,2023-11-18,PAGAMENTO,519.9,02,SP-CORE-02,BR,BR-3468061102
TXN00002348,CLI000120,2023-09-11,FATURA,1553.46,02,MG-CORE-01,BR,BR-7402419515
TXN00002349,CLI000281,2023-03-13,PAGAMENTO,2546.55,10,SP-CORE-02,BR,BR-7167820709
TXN00002350,CLI000098,2023-01-10,ESTORNO,1953.02,00,MG-CORE-01,BR,BR-4373188745
TXN00002351,CLI000814,2023-10-17,AJUSTE,2453.5,00,RJ-CORE-01,BR,BR-3319835182
TXN00002352,CLI000272,2023-02-04,ESTORNO,-3396.63,01,SP-CORE-02,BR,BR-5309172294
TXN00002353,CLI000822,2023-07-03,ESTORNO,2507.92,01,SP-CORE-02,BR,BR-3070459171
TXN00002354,CLI000420,2023-08-28,FATURA,1915.51,00,MG-CORE-01,BR,BR-6836509775
TXN00002355,CLI000231,2023-12-14,AJUSTE,373.76,01,SP-CORE-01,BR,BR-8223429499
TXN00002356,CLI001016,2023-08-05,AJUSTE,848.15,02,SP-CORE-02,BR,BR-2720627470
TXN00002357,CLI001117,2023-07-12,ESTORNO,442.0,01,MG-CORE-01,BR,BR-5684378987
TXN00002358,CLI000289,2023-06-07,ESTORNO,-940.8,00,SP-CORE-02,BR,BR-9422110981
TXN00002359,CLI000584,2023-05-31,PAGAMENTO,1795.73,00,MG-CORE-01,BR,BR-8587094479
TXN00002360,CLI000964,2023-05-02,FATURA,1592.05,02,SP-CORE-01,BR,BR-3782247929
TXN00002361,CLI000383,2023-03-14,FATURA,3169.55,10,BA-CORE-01,BR,BR-6115319619
TXN00002362,CLI001099,2023-01-08,FATURA,2922.17,00,MG-CORE-01,BR,BR-8283758926
TXN00002363,CLI000352,2023-02-22,AJUSTE,2206.36,02,BA-CORE-01,BR,BR-4850269395
TXN00002364,CLI000475,2023-09-09,ESTORNO,2749.69,10,SP-CORE-02,BR,BR-6837982055
TXN00002365,CLI000837,2023-02-28,AJUSTE,2971.3,01,BA-CORE-01,BR,BR-8012785094
TXN00002366,CLI001116,2023-06-23,FATURA,816.6,10,SP-CORE-01,BR,BR-4158193327
TXN00002367,CLI000126,2023-07-26,PAGAMENTO,2388.99,00,MG-CORE-01,BR,BR-1601050402
TXN00002368,CLI000032,2023-09-12,PAGAMENTO,841.11,10,BA-CORE-01,BR,BR-1829326917
TXN00002369,CLI000716,2023-01-02,ESTORNO,-1328.89,01,SP-CORE-01,BR,BR-3546681221
TXN00002370,CLI001105,2023-12-12,ESTORNO,574.08,10,RJ-CORE-01,BR,BR-7396205104
TXN00002371,CLI000150,2023-02-23,PAGAMENTO,-334096.57,4F,SANTOS-PORT-07,PA,OFFSHORE-293102CZ
TXN00002372,CLI000815,2023-02-07,AJUSTE,3436.32,01,RJ-CORE-01,BR,BR-5376842282
TXN00002373,CLI001110,2023-11-01,PAGAMENTO,3343.02,02,SP-CORE-02,BR,BR-3655887892
TXN00002374,CLI000070,2023-10-07,ESTORNO,3040.91,01,SP-CORE-02,BR,BR-3786516452
TXN00002375,CLI001040,2023-12-06,AJUSTE,2949.34,10,BA-CORE-01,BR,BR-1061698094
TXN00002376,CLI000136,2023-11-28,ESTORNO,472.36,02,BA-CORE-01,BR,BR-3717260269
TXN00002377,CLI000188,2023-05-26,FATURA,1226.79,10,SP-CORE-01,BR,BR-9180462510
TXN00002378,CLI001105,2023-04-02,ESTORNO,-838.78,10,MG-CORE-01,BR,BR-5712834281
TXN00002379,CLI000160,2023-01-14,AJUSTE,3269.99,10,RJ-CORE-01,BR,BR-3625195227
TXN00002380,CLI001090,2023-11-18,FATURA,2329.65,10,MG-CORE-01,BR,BR-4511008639
TXN00002381,CLI000316,2023-07-16,PAGAMENTO,1906.08,10,BA-CORE-01,BR,BR-5785365297
TXN00002382,CLI001090,2023-06-13,AJUSTE,1816.09,01,MG-CORE-01,BR,BR-3644104389
TXN00002383,CLI000552,2023-12-15,ESTORNO,-1844.87,10,SP-CORE-02,BR,BR-6165304376
TXN00002384,CLI000680,2023-12-06,FATURA,3133.61,02,MG-CORE-01,BR,BR-7021581129
TXN00002385,CLI001110,2023-10-19,PAGAMENTO,153.34,00,SP-CORE-02,BR,BR-3344557360
TXN00002386,CLI001073,2023-06-25,AJUSTE,2986.64,02,RJ-CORE-01,BR,BR-9785727315
TXN00002387,CLI000603,2023-08-24,PAGAMENTO,2085.71,01,SP-CORE-02,BR,BR-6039919293
TXN00002388,CLI000552,2023-11-23,AJUSTE,878.25,01,BA-CORE-01,BR,BR-1271535964
TXN00002389,CLI000212,2023-04-24,PAGAMENTO,3034.7,01,BA-CORE-01,BR,BR-2176363031
TXN00002390,CLI000692,2023-07-27,ESTORNO,592.19,00,RJ-CORE-01,BR,BR-8548620154
TXN00002391,CLI001179,2023-04-02,PAGAMENTO,3200.56,02,MG-CORE-01,BR,BR-6003663209
TXN00002392,CLI001085,2023-07-26,AJUSTE,3312.31,01,SP-CORE-02,BR,BR-3499610004
TXN00002393,CLI000053,2023-02-22,ESTORNO,-797.97,00,BA-CORE-01,BR,BR-1572823571
TXN00002394,CLI000033,2023-09-23,PAGAMENTO,934.72,10,BA-CORE-01,BR,BR-1677546830
TXN00002395,CLI000628,2023-09-07,ESTORNO,-2710.05,02,RJ-CORE-01,BR,BR-9072936225
TXN00002396,CLI000992,2023-12-12,FATURA,3130.66,00,SP-CORE-01,BR,BR-1346700963
TXN00002397,CLI000552,2023-01-25,AJUSTE,713.03,02,BA-CORE-01,BR,BR-1031026838
TXN00002398,CLI000181,2023-02-14,FATURA,2938.2,01,MG-CORE-01,BR,BR-4977727965
TXN00002399,CLI000356,2023-05-31,ESTORNO,-1598.8,02,RJ-CORE-01,BR,BR-6513585010
TXN00002400,CLI000873,2023-11-14,ESTORNO,-3103.62,10,MG-CORE-01,BR,BR-1544998804
TXN00002401,CLI000581,2023-06-12,PAGAMENTO,179.36,02,SP-CORE-02,BR,BR-7229502736
TXN00002402,CLI001084,2023-01-19,FATURA,367243.47,9A,SANTOS-PORT-07,LU,OFFSHORE-958837HF
TXN00002403,CLI000270,2023-12-23,FATURA,2079.24,10,BA-CORE-01,BR,BR-3831788593
TXN00002404,CLI001079,2023-01-04,PAGAMENTO,965.45,01,SP-CORE-02,BR,BR-2187243159
TXN00002405,CLI000877,2023-07-25,ESTORNO,586.51,01,RJ-CORE-01,BR,BR-1832016743
TXN00002406,CLI000906,2023-01-30,PAGAMENTO,3345.3,10,MG-CORE-01,BR,BR-4421426659
TXN00002407,CLI000573,2023-06-02,ESTORNO,3021.82,01,MG-CORE-01,BR,BR-7332554920
TXN00002408,CLI001029,2023-10-29,ESTORNO,-1488.44,02,RJ-CORE-01,BR,BR-1757305041
TXN00002409,CLI000681,2023-06-05,AJUSTE,3353.86,00,SP-CORE-01,BR,BR-1185180108
TXN00002410,CLI000320,2023-03-11,FATURA,3265.36,00,SP-CORE-01,BR,BR-8064623490
TXN00002411,CLI000238,2023-07-10,ESTORNO,-2244.29,01,SP-CORE-01,BR,BR-2224342797
TXN00002412,CLI001069,2023-06-12,ESTORNO,-260.96,00,RJ-CORE-01,BR,BR-7161867807
TXN00002413,CLI000622,2023-11-21,AJUSTE,2222.86,01,SP-CORE-01,BR,BR-8552304952
TXN00002414,CLI001005,2023-09-24,ESTORNO,1846.28,10,MG-CORE-01,BR,BR-1186047172
TXN00002415,CLI000904,2023-09-13,AJUSTE,3371.57,01,MG-CORE-01,BR,BR-4180066307
TXN00002416,CLI000344,2023-11-26,ESTORNO,1458.21,00,SP-CORE-02,BR,BR-1755431522
TXN00002417,CLI000355,2023-05-28,ESTORNO,747.84,00,BA-CORE-01,BR,BR-4373662535
TXN00002418,CLI000294,2023-03-10,FATURA,682.67,00,SP-CORE-02,BR,BR-1498495745
TXN00002419,CLI000017,2023-11-17,FATURA,1080.95,00,SP-CORE-01,BR,BR-4844335785
TXN00002420,CLI000418,2023-09-24,FATURA,871.72,02,MG-CORE-01,BR,BR-8393369940
TXN00002421,CLI001063,2023-06-26,PAGAMENTO,104.3,01,MG-CORE-01,BR,BR-6695007725
TXN00002422,CLI000951,2023-12-07,FATURA,1606.98,01,RJ-CORE-01,BR,BR-2398806247
TXN00002423,CLI000777,2023-05-14,ESTORNO,-2618.96,02,BA-CORE-01,BR,BR-4345673352
TXN00002424,CLI000185,2023-10-20,AJUSTE,3298.64,02,SP-CORE-02,BR,BR-2400727238
TXN00002425,CLI000109,2023-07-15,PAGAMENTO,3150.79,01,SP-CORE-01,BR,BR-1421182269
TXN00002426,CLI000937,2023-08-14,AJUSTE,3362.02,10,SP-CORE-02,BR,BR-8463570248
TXN00002427,CLI000382,2023-04-12,AJUSTE,1561.29,01,BA-CORE-01,BR,BR-4736133245
TXN00002428,CLI000439,2023-06-16,FATURA,652.63,01,BA-CORE-01,BR,BR-1947739357
TXN00002429,CLI000155,2023-03-29,PAGAMENTO,3344.59,10,RJ-CORE-01,BR,BR-3080515301
TXN00002430,CLI000745,2023-05-01,ESTORNO,-1944.91,01,SP-CORE-02,BR,BR-9119587751
TXN00002431,CLI000631,2023-10-23,AJUSTE,2997.83,01,RJ-CORE-01,BR,BR-1622518030
TXN00002432,CLI000806,2023-08-02,ESTORNO,-445.1,10,MG-CORE-01,BR,BR-2954170921
TXN00002433,CLI001021,2023-05-07,ESTORNO,3297.81,02,RJ-CORE-01,BR,BR-6958538302
TXN00002434,CLI001170,2023-04-03,FATURA,3128.59,10,SP-CORE-01,BR,BR-5880820657
TXN00002435,CLI000960,2023-08-14,AJUSTE,263.19,00,RJ-CORE-01,BR,BR-4091608595
TXN00002436,CLI001144,2023-02-27,PAGAMENTO,765.55,02,SP-CORE-02,BR,BR-8009477336
TXN00002437,CLI000814,2023-03-08,AJUSTE,539.35,00,SP-CORE-02,BR,BR-9484947955
TXN00002438,CLI001136,2023-10-08,FATURA,675.77,00,SP-CORE-01,BR,BR-6163456469
TXN00002439,CLI001037,2023-11-07,PAGAMENTO,2841.7,10,BA-CORE-01,BR,BR-1546370398
TXN00002440,CLI000379,2023-06-28,PAGAMENTO,2398.92,02,BA-CORE-01,BR,BR-5551169498
TXN00002441,CLI000036,2023-11-23,AJUSTE,1881.76,00,SP-CORE-01,BR,BR-1586269483
TXN00002442,CLI001176,2023-06-04,ESTORNO,842.28,10,SP-CORE-01,BR,BR-8952782076
TXN00002443,CLI001169,2023-02-26,ESTORNO,1621.55,02,SP-CORE-02,BR,BR-7264548783
TXN00002444,CLI000050,2023-01-12,FATURA,2730.73,01,BA-CORE-01,BR,BR-2475647712
TXN00002445,CLI000117,2023-06-05,FATURA,711.96,02,BA-CORE-01,BR,BR-9102064850
TXN00002446,CLI001024,2023-01-03,AJUSTE,2026.39,10,SP-CORE-01,BR,BR-3592596823
TXN00002447,CLI000310,2023-11-08,FATURA,3386.6,01,MG-CORE-01,BR,BR-4672214312
TXN00002448,CLI000956,2023-03-01,AJUSTE,741.21,00,MG-CORE-01,BR,BR-5666371719
TXN00002449,CLI000784,2023-01-28,AJUSTE,420.78,00,SP-CORE-01,BR,BR-5276345770
TXN00002450,CLI000066,2023-02-23,PAGAMENTO,470.67,01,SP-CORE-01,BR,BR-7835787787
TXN00002451,CLI000439,2023-03-11,PAGAMENTO,2536.04,10,SP-CORE-02,BR,BR-8889807790
TXN00002452,CLI000427,2023-05-31,FATURA,2010.16,10,MG-CORE-01,BR,BR-2199029793
TXN00002453,CLI000307,2023-12-05,FATURA,642.36,02,BA-CORE-01,BR,BR-8430369688
TXN00002454,CLI001075,2023-04-01,ESTORNO,369.6,02,SP-CORE-01,BR,BR-2059371626
TXN00002455,CLI000588,2023-06-22,AJUSTE,3012.26,02,SP-CORE-02,BR,BR-6700692683
TXN00002456,CLI000780,2023-03-07,PAGAMENTO,79.56,01,RJ-CORE-01,BR,BR-3488791944
TXN00002457,CLI000708,2023-12-02,FATURA,24.3,01,BA-CORE-01,BR,BR-5316775329
TXN00002458,CLI000930,2023-12-22,AJUSTE,2050.44,00,SP-CORE-01,BR,BR-5209858423
TXN00002459,CLI000669,2023-03-14,FATURA,978.61,10,RJ-CORE-01,BR,BR-5439366473
TXN00002460,CLI000154,2023-07-18,ESTORNO,-1088.17,01,SP-CORE-02,BR,BR-7576117754
TXN00002461,CLI000253,2023-01-14,AJUSTE,510.14,10,SP-CORE-01,BR,BR-4527419370
TXN00002462,CLI000341,2023-11-11,ESTORNO,-583.6,01,BA-CORE-01,BR,BR-7238188172
TXN00002463,CLI000046,2023-08-15,FATURA,2521.57,00,MG-CORE-01,BR,BR-2032989010
TXN00002464,CLI000702,2023-04-27,PAGAMENTO,472.36,02,BA-CORE-01,BR,BR-9643290928
TXN00002465,CLI000585,2023-05-14,ESTORNO,3336.14,01,SP-CORE-01,BR,BR-8437965451
TXN00002466,CLI000831,2023-05-08,FATURA,224.09,00,BA-CORE-01,BR,BR-5079935036
TXN00002467,CLI000632,2023-10-16,PAGAMENTO,3201.44,10,RJ-CORE-01,BR,BR-5864961001
TXN00002468,CLI000871,2023-07-09,FATURA,1560.99,02,RJ-CORE-01,BR,BR-2270410210
TXN00002469,CLI000946,2023-05-07,AJUSTE,894.46,00,SP-CORE-02,BR,BR-1389680278
TXN00002470,CLI000252,2023-01-02,PAGAMENTO,404.75,00,SP-CORE-01,BR,BR-2309263254
TXN00002471,CLI000206,2023-04-17,FATURA,112.73,10,BA-CORE-01,BR,BR-8315637075
TXN00002472,CLI000868,2023-07-24,PAGAMENTO,981.07,00,MG-CORE-01,BR,BR-7248493644
TXN00002473,CLI000220,2023-10-06,FATURA,65.69,00,RJ-CORE-01,BR,BR-4315006135
TXN00002474,CLI000950,2023-10-31,AJUSTE,126.08,00,RJ-CORE-01,BR,BR-2741009563
TXN00002475,CLI000505,2023-04-11,FATURA,1789.1,10,MG-CORE-01,BR,BR-3720442203
TXN00002476,CLI000590,2023-08-25,FATURA,2499.92,02,SP-CORE-01,BR,BR-5598615444
TXN00002477,CLI000359,2023-09-29,ESTORNO,3339.53,10,RJ-CORE-01,BR,BR-5435473617
TXN00002478,CLI000373,2023-12-27,FATURA,704.01,00,BA-CORE-01,BR,BR-4412260278
TXN00002479,CLI000520,2023-09-30,ESTORNO,3010.73,02,MG-CORE-01,BR,BR-9937651021
TXN00002480,CLI000411,2023-01-16,PAGAMENTO,731.88,00,RJ-CORE-01,BR,BR-9078177421
TXN00002481,CLI000807,2023-03-22,PAGAMENTO,2882.6,10,RJ-CORE-01,BR,BR-9825348931
TXN00002482,CLI000284,2023-03-18,PAGAMENTO,294.69,00,BA-CORE-01,BR,BR-8192579713
TXN00002483,CLI000872,2023-01-10,PAGAMENTO,131.65,02,MG-CORE-01,BR,BR-4813836089
TXN00002484,CLI000104,2023-06-09,FATURA,3378.48,00,SP-CORE-01,BR,BR-5771564976
TXN00002485,CLI000077,2023-10-29,PAGAMENTO,1710.07,10,SP-CORE-01,BR,BR-6865168092
TXN00002486,CLI000140,2023-12-02,FATURA,934.18,01,BA-CORE-01,BR,BR-3659157927
TXN00002487,CLI000087,2023-10-21,ESTORNO,30.53,01,SP-CORE-01,BR,BR-6865083405
TXN00002488,CLI001018,2023-11-09,ESTORNO,2138.8,00,BA-CORE-01,BR,BR-9877722802
TXN00002489,CLI000407,2023-11-07,PAGAMENTO,1861.57,10,SP-CORE-02,BR,BR-1879233902
TXN00002490,CLI001140,2023-10-30,PAGAMENTO,1547.78,00,MG-CORE-01,BR,BR-9509410913
TXN00002491,CLI000588,2023-02-22,ESTORNO,-1449.89,10,SP-CORE-01,BR,BR-6263212814
TXN00002492,CLI000357,2023-09-06,FATURA,1690.02,02,SP-CORE-02,BR,BR-8216518899
TXN00002493,CLI000914,2023-08-12,ESTORNO,656.89,02,BA-CORE-01,BR,BR-2190330168
TXN00002494,CLI000286,2023-02-04,FATURA,2495.97,02,SP-CORE-02,BR,BR-5567135862
TXN00002495,CLI000217,2023-04-20,FATURA,1646.09,10,BA-CORE-01,BR,BR-6777704180
TXN00002496,CLI000195,2023-07-30,FATURA,211.13,01,SP-CORE-01,BR,BR-5822000305
TXN00002497,CLI000172,2023-05-01,FATURA,1305.43,10,SP-CORE-02,BR,BR-6550233140
TXN00002498,CLI000145,2023-01-12,PAGAMENTO,2563.73,02,BA-CORE-01,BR,BR-7961932703
TXN00002499,CLI000925,2023-05-14,PAGAMENTO,1078.32,01,SP-CORE-02,BR,BR-1281868383
TXN00002500,CLI000766,2023-09-25,ESTORNO,1805.75,01,BA-CORE-01,BR,BR-2966554388
TXN00002501,CLI001107,2023-01-06,PAGAMENTO,1896.07,00,SP-CORE-01,BR,BR-5639296557
TXN00002502,CLI000387,2023-08-03,FATURA,1670.59,10,SP-CORE-01,BR,BR-4856648111
TXN00002503,CLI000324,2023-10-16,PAGAMENTO,316.25,10,SP-CORE-01,BR,BR-5108681386
TXN00002504,CLI000868,2023-12-12,PAGAMENTO,2863.65,02,SP-CORE-02,BR,BR-1469718772
TXN00002505,CLI000103,2023-08-26,AJUSTE,2547.19,10,BA-CORE-01,BR,BR-2185165025
TXN00002506,CLI000182,2023-01-23,ESTORNO,2069.17,01,SP-CORE-01,BR,BR-3993944892
TXN00002507,CLI000509,2023-02-27,PAGAMENTO,1254.04,00,MG-CORE-01,BR,BR-3131715682
TXN00002508,CLI000726,2023-09-07,AJUSTE,1008.73,01,RJ-CORE-01,BR,BR-4758066922
TXN00002509,CLI000093,2023-08-24,FATURA,2042.0,10,SP-CORE-02,BR,BR-3694130765
TXN00002510,CLI000510,2023-12-26,PAGAMENTO,2246.0,10,MG-CORE-01,BR,BR-6554120470
TXN00002511,CLI000133,2023-11-10,ESTORNO,-1513.99,02,MG-CORE-01,BR,BR-5862020519
TXN00002512,CLI000292,2023-01-06,PAGAMENTO,552.26,02,SP-CORE-01,BR,BR-6784033506
TXN00002513,CLI001112,2023-07-02,AJUSTE,2038.39,01,MG-CORE-01,BR,BR-3768898601
TXN00002514,CLI000820,2023-01-01,AJUSTE,1768.81,01,RJ-CORE-01,BR,BR-2252055106
TXN00002515,CLI000810,2023-11-11,AJUSTE,162.99,10,SP-CORE-02,BR,BR-1270366110
TXN00002516,CLI000140,2023-03-19,PAGAMENTO,3467.27,10,BA-CORE-01,BR,BR-8063812593
TXN00002517,CLI000152,2023-01-12,PAGAMENTO,2188.87,00,SP-CORE-01,BR,BR-6696442664
TXN00002518,CLI000335,2023-02-27,AJUSTE,2061.01,01,RJ-CORE-01,BR,BR-7207328566
TXN00002519,CLI000001,2023-07-28,AJUSTE,395.7,01,MG-CORE-01,BR,BR-8685192265
TXN00002520,CLI000194,2023-04-06,ESTORNO,3433.92,00,RJ-CORE-01,BR,BR-2116723521
TXN00002521,CLI000571,2023-06-20,PAGAMENTO,2733.56,00,SP-CORE-02,BR,BR-7374775639
TXN00002522,CLI000065,2023-09-11,ESTORNO,-523.36,00,BA-CORE-01,BR,BR-9464195352
TXN00002523,CLI000824,2023-12-23,AJUSTE,1026.25,00,BA-CORE-01,BR,BR-1203233294
TXN00002524,CLI000260,2023-08-29,FATURA,2649.51,10,SP-CORE-01,BR,BR-6811610014
TXN00002525,CLI000006,2023-11-01,ESTORNO,1893.08,00,BA-CORE-01,BR,BR-4969115197
TXN00002526,CLI000164,2023-08-25,PAGAMENTO,2919.98,01,SP-CORE-01,BR,BR-2225124755
TXN00002527,CLI000379,2023-05-19,PAGAMENTO,1459.67,00,SP-CORE-02,BR,BR-5179888323
TXN00002528,CLI001103,2023-11-17,PAGAMENTO,1330.33,02,BA-CORE-01,BR,BR-1659212199
TXN00002529,CLI000902,2023-12-24,AJUSTE,3413.89,10,BA-CORE-01,BR,BR-2021795614
TXN00002530,CLI000535,2023-09-17,ESTORNO,-1346.45,02,SP-CORE-01,BR,BR-5838166906
TXN00002531,CLI000370,2023-12-04,ESTORNO,191.57,00,BA-CORE-01,BR,BR-6413407687
TXN00002532,CLI000092,2023-12-18,FATURA,2738.04,02,SP-CORE-02,BR,BR-1792406808
TXN00002533,CLI001102,2023-02-28,ESTORNO,-264.94,00,MG-CORE-01,BR,BR-9738923086
TXN00002534,CLI000205,2023-04-17,PAGAMENTO,1485.95,01,MG-CORE-01,BR,BR-2476811694
TXN00002535,CLI000051,2023-06-17,ESTORNO,-1315.91,00,MG-CORE-01,BR,BR-6896624762
TXN00002536,CLI000771,2023-03-11,ESTORNO,-1059.52,02,SP-CORE-02,BR,BR-2295189353
TXN00002537,CLI000841,2023-12-16,PAGAMENTO,3030.84,10,MG-CORE-01,BR,BR-4953233832
TXN00002538,CLI000637,2023-06-17,FATURA,2766.34,02,SP-CORE-02,BR,BR-2375325559
TXN00002539,CLI000060,2023-08-05,ESTORNO,3030.82,10,MG-CORE-01,BR,BR-8324857808
TXN00002540,CLI000060,2023-06-07,PAGAMENTO,2692.66,01,SP-CORE-02,BR,BR-7193796102
TXN00002541,CLI000781,2023-03-08,PAGAMENTO,863.96,02,RJ-CORE-01,BR,BR-3959863754
TXN00002542,CLI000111,2023-11-21,AJUSTE,661.45,10,RJ-CORE-01,BR,BR-8437339412
TXN00002543,CLI000019,2023-07-23,FATURA,2221.53,02,SP-CORE-02,BR,BR-4866219906
TXN00002544,CLI000603,2023-03-24,PAGAMENTO,2997.4,00,SP-CORE-02,BR,BR-3366355159
TXN00002545,CLI000822,2023-08-20,AJUSTE,1510.07,10,MG-CORE-01,BR,BR-2323202998
TXN00002546,CLI000162,2023-06-11,AJUSTE,2154.19,10,SP-CORE-01,BR,BR-4611538856
TXN00002547,CLI001031,2023-05-24,AJUSTE,2487.81,00,SP-CORE-01,BR,BR-7210405433
TXN00002548,CLI001100,2023-10-01,ESTORNO,2793.15,10,SP-CORE-01,BR,BR-5692170729
TXN00002549,CLI001145,2023-02-25,FATURA,1671.56,10,MG-CORE-01,BR,BR-9826302271
TXN00002550,CLI000734,2023-04-11,AJUSTE,3063.67,01,BA-CORE-01,BR,BR-3754416885
TXN00002551,CLI000837,2023-01-07,PAGAMENTO,3259.83,02,MG-CORE-01,BR,BR-2193688100
TXN00002552,CLI000338,2023-03-26,ESTORNO,2242.31,10,SP-CORE-01,BR,BR-1096845709
TXN00002553,CLI000467,2023-04-15,FATURA,1860.09,01,MG-CORE-01,BR,BR-7493077954
TXN00002554,CLI000945,2023-06-27,PAGAMENTO,2443.59,10,BA-CORE-01,BR,BR-6130123844
TXN00002555,CLI000253,2023-11-22,ESTORNO,-607.44,02,BA-CORE-01,BR,BR-5051881463
TXN00002556,CLI000097,2023-09-15,AJUSTE,1148.56,02,RJ-CORE-01,BR,BR-6845729114
TXN00002557,CLI000585,2023-12-13,FATURA,3307.11,02,RJ-CORE-01,BR,BR-8962027840
TXN00002558,CLI000287,2023-06-23,PAGAMENTO,2594.39,01,SP-CORE-01,BR,BR-6882515917
TXN00002559,CLI001007,2023-03-20,AJUSTE,3272.6,10,RJ-CORE-01,BR,BR-2601297604
TXN00002560,CLI000602,2023-08-19,FATURA,1545.59,10,SP-CORE-02,BR,BR-6517531326
TXN00002561,CLI000778,2023-09-08,AJUSTE,610.63,01,BA-CORE-01,BR,BR-6804025676
TXN00002562,CLI000125,2023-02-07,AJUSTE,3144.13,02,SP-CORE-01,BR,BR-9493399299
TXN00002563,CLI000674,2023-11-07,FATURA,2748.45,01,SP-CORE-01,BR,BR-1376233267
TXN00002564,CLI001031,2023-01-17,AJUSTE,1365.41,01,RJ-CORE-01,BR,BR-9558139653
TXN00002565,CLI000626,2023-05-17,AJUSTE,2191.97,01,RJ-CORE-01,BR,BR-8746770248
TXN00002566,CLI000812,2023-01-19,FATURA,3005.28,00,BA-CORE-01,BR,BR-2239673672
TXN00002567,CLI000353,2023-08-31,PAGAMENTO,1777.94,00,MG-CORE-01,BR,BR-9145099778
TXN00002568,CLI001089,2023-05-11,ESTORNO,-905.29,02,RJ-CORE-01,BR,BR-1369702097
TXN00002569,CLI000446,2023-10-01,AJUSTE,3078.95,00,MG-CORE-01,BR,BR-6187391882
TXN00002570,CLI000494,2023-12-27,PAGAMENTO,2749.29,00,SP-CORE-01,BR,BR-9532546734
TXN00002571,CLI001164,2023-03-17,FATURA,1887.48,02,BA-CORE-01,BR,BR-8542452431
TXN00002572,CLI000627,2023-10-28,PAGAMENTO,1856.37,01,BA-CORE-01,BR,BR-1379882490
TXN00002573,CLI000921,2023-09-04,ESTORNO,-2034.14,01,MG-CORE-01,BR,BR-9222330478
TXN00002574,CLI001107,2023-05-10,AJUSTE,1331.41,00,SP-CORE-01,BR,BR-2780324145
TXN00002575,CLI001141,2023-12-30,PAGAMENTO,899.16,02,SP-CORE-02,BR,BR-7682169593
TXN00002576,CLI000212,2023-10-31,AJUSTE,1584.37,01,SP-CORE-02,BR,BR-1588097152
TXN00002577,CLI000322,2023-02-27,AJUSTE,3448.95,10,SP-CORE-01,BR,BR-6934654971
TXN00002578,CLI000435,2023-03-30,AJUSTE,271320.01,9A,SANTOS-PORT-07,PA,OFFSHORE-273014RP
TXN00002579,CLI000472,2023-03-16,AJUSTE,441.52,00,SP-CORE-01,BR,BR-5168804062
TXN00002580,CLI000778,2023-01-02,AJUSTE,76.65,10,MG-CORE-01,BR,BR-8240940498
TXN00002581,CLI000023,2023-01-24,FATURA,3186.94,10,MG-CORE-01,BR,BR-4514489277
TXN00002582,CLI000127,2023-06-01,FATURA,678.94,10,SP-CORE-01,BR,BR-2114703737
TXN00002583,CLI001046,2023-10-11,AJUSTE,1026.98,02,SP-CORE-02,BR,BR-3498187046
TXN00002584,CLI000634,2023-09-05,FATURA,981.75,01,SP-CORE-02,BR,BR-5922621459
TXN00002585,CLI000035,2023-10-29,PAGAMENTO,-197065.12,9A,SANTOS-PORT-07,KY,OFFSHORE-928554OW
TXN00002586,CLI000675,2023-07-26,PAGAMENTO,3207.68,00,RJ-CORE-01,BR,BR-2557023069
TXN00002587,CLI000893,2023-08-13,PAGAMENTO,2922.64,02,SP-CORE-01,BR,BR-1617262027
TXN00002588,CLI000027,2023-12-09,PAGAMENTO,1376.97,02,SP-CORE-01,BR,BR-6503647391
TXN00002589,CLI000578,2023-07-09,PAGAMENTO,1060.84,00,SP-CORE-01,BR,BR-8639921512
TXN00002590,CLI000551,2023-08-17,FATURA,1904.96,00,MG-CORE-01,BR,BR-7064470209
TXN00002591,CLI000399,2023-01-22,PAGAMENTO,1839.32,00,RJ-CORE-01,BR,BR-1700204852
TXN00002592,CLI000774,2023-08-03,PAGAMENTO,1927.86,02,BA-CORE-01,BR,BR-1935771229
TXN00002593,CLI000480,2023-03-23,PAGAMENTO,1371.68,10,SP-CORE-01,BR,BR-3162013062
TXN00002594,CLI000994,2023-10-13,PAGAMENTO,1952.86,00,MG-CORE-01,BR,BR-4571581236
TXN00002595,CLI000929,2023-07-06,FATURA,126.61,10,SP-CORE-02,BR,BR-4447056094
TXN00002596,CLI000485,2023-10-19,FATURA,1601.56,10,SP-CORE-01,BR,BR-7087455827
TXN00002597,CLI000931,2023-01-12,AJUSTE,3302.57,01,MG-CORE-01,BR,BR-4934323885
TXN00002598,CLI001171,2023-07-14,AJUSTE,71.13,00,BA-CORE-01,BR,BR-5369611254
TXN00002599,CLI000242,2023-03-13,ESTORNO,3293.79,10,RJ-CORE-01,BR,BR-6790517486
TXN00002600,CLI000608,2023-09-07,PAGAMENTO,1610.08,00,SP-CORE-02,BR,BR-8263007482
TXN00002601,CLI001130,2023-11-05,PAGAMENTO,663.38,00,SP-CORE-01,BR,BR-9461564269
TXN00002602,CLI000546,2023-05-24,AJUSTE,339.82,10,SP-CORE-02,BR,BR-2308608938
TXN00002603,CLI000153,2023-03-25,AJUSTE,510.38,10,RJ-CORE-01,BR,BR-1509369768
TXN00002604,CLI000271,2023-01-28,PAGAMENTO,2842.85,02,RJ-CORE-01,BR,BR-3981756317
TXN00002605,CLI000093,2023-10-11,FATURA,1226.21,02,RJ-CORE-01,BR,BR-3955140035
TXN00002606,CLI000752,2023-08-11,ESTORNO,-2732.67,01,SP-CORE-01,BR,BR-2320394595
TXN00002607,CLI000818,2023-01-01,PAGAMENTO,2491.87,00,SP-CORE-01,BR,BR-1901260260
TXN00002608,CLI000941,2023-12-27,AJUSTE,3146.7,10,RJ-CORE-01,BR,BR-5213833526
TXN00002609,CLI001031,2023-04-19,AJUSTE,2898.94,02,MG-CORE-01,BR,BR-1479843174
TXN00002610,CLI000183,2023-10-14,AJUSTE,2146.37,02,SP-CORE-01,BR,BR-2852193802
TXN00002611,CLI000927,2023-09-24,PAGAMENTO,2288.78,01,SP-CORE-02,BR,BR-1843321095
TXN00002612,CLI001111,2023-02-16,AJUSTE,494.15,10,SP-CORE-01,BR,BR-3547672267
TXN00002613,CLI000121,2023-01-04,ESTORNO,1695.52,00,RJ-CORE-01,BR,BR-3014693343
TXN00002614,CLI000950,2023-03-01,FATURA,2018.78,00,BA-CORE-01,BR,BR-9197070913
TXN00002615,CLI000090,2023-12-03,FATURA,319.88,01,MG-CORE-01,BR,BR-1185892639
TXN00002616,CLI000090,2023-04-27,ESTORNO,-3315.57,10,SP-CORE-01,BR,BR-3584676841
TXN00002617,CLI000031,2023-08-25,FATURA,266.66,10,BA-CORE-01,BR,BR-1859098375
TXN00002618,CLI000640,2023-09-05,FATURA,912.36,00,BA-CORE-01,BR,BR-8175175160
TXN00002619,CLI001138,2023-12-24,ESTORNO,-1039.76,01,BA-CORE-01,BR,BR-1125666952
TXN00002620,CLI000237,2023-07-31,AJUSTE,1219.26,02,RJ-CORE-01,BR,BR-7784980390
TXN00002621,CLI000637,2023-02-15,PAGAMENTO,3358.49,01,MG-CORE-01,BR,BR-2512701547
TXN00002622,CLI000681,2023-04-20,FATURA,3157.9,00,SP-CORE-01,BR,BR-3632627835
TXN00002623,CLI000141,2023-03-20,FATURA,1244.25,10,SP-CORE-02,BR,BR-1293505358
TXN00002624,CLI001074,2023-06-01,PAGAMENTO,762.41,02,MG-CORE-01,BR,BR-4278108191
TXN00002625,CLI000124,2023-06-22,AJUSTE,3052.32,01,MG-CORE-01,BR,BR-3271345114
TXN00002626,CLI000918,2023-05-20,PAGAMENTO,3426.97,10,SP-CORE-01,BR,BR-4074387556
TXN00002627,CLI001031,2023-10-29,AJUSTE,1926.88,02,RJ-CORE-01,BR,BR-9436448791
TXN00002628,CLI000784,2023-10-08,AJUSTE,1076.67,01,RJ-CORE-01,BR,BR-4115351748
TXN00002629,CLI000910,2023-07-27,ESTORNO,-3204.22,00,RJ-CORE-01,BR,BR-4969546654
TXN00002630,CLI000164,2023-12-27,ESTORNO,-194.42,02,MG-CORE-01,BR,BR-7333854872
TXN00002631,CLI000683,2023-07-23,ESTORNO,-574.91,01,SP-CORE-01,BR,BR-6090076463
TXN00002632,CLI000479,2023-02-24,ESTORNO,-167.92,02,SP-CORE-01,BR,BR-1460955243
TXN00002633,CLI000195,2023-02-12,FATURA,3488.8,10,BA-CORE-01,BR,BR-8880157546
TXN00002634,CLI000111,2023-03-14,FATURA,1163.3,02,MG-CORE-01,BR,BR-9509623540
TXN00002635,CLI000479,2023-03-28,AJUSTE,2225.78,10,BA-CORE-01,BR,BR-2821460610
TXN00002636,CLI000277,2023-05-18,ESTORNO,2451.24,00,SP-CORE-02,BR,BR-3208691233
TXN00002637,CLI000324,2023-08-13,AJUSTE,3155.89,02,SP-CORE-01,BR,BR-2750534060
TXN00002638,CLI000691,2023-12-25,PAGAMENTO,3218.03,00,RJ-CORE-01,BR,BR-2349823507
TXN00002639,CLI000902,2023-04-04,AJUSTE,3174.64,02,BA-CORE-01,BR,BR-3001032544
TXN00002640,CLI000392,2023-01-17,ESTORNO,1544.45,00,MG-CORE-01,BR,BR-3232212989
TXN00002641,CLI000750,2023-08-26,AJUSTE,2090.46,00,RJ-CORE-01,BR,BR-4101552989
TXN00002642,CLI000805,2023-04-29,FATURA,2339.17,00,SP-CORE-01,BR,BR-5648219528
TXN00002643,CLI001186,2023-12-13,ESTORNO,2184.7,02,SP-CORE-01,BR,BR-3120480340
TXN00002644,CLI000878,2023-01-02,FATURA,985.47,01,SP-CORE-01,BR,BR-6947589616
TXN00002645,CLI001112,2023-09-17,FATURA,2148.28,02,SP-CORE-01,BR,BR-8456812371
TXN00002646,CLI000357,2023-11-17,ESTORNO,2154.74,00,SP-CORE-02,BR,BR-8907422108
TXN00002647,CLI000094,2023-06-27,ESTORNO,-2664.68,01,RJ-CORE-01,BR,BR-7044231107
TXN00002648,CLI001183,2023-07-18,ESTORNO,265.9,00,MG-CORE-01,BR,BR-2838081369
TXN00002649,CLI000151,2023-11-26,FATURA,86.89,10,BA-CORE-01,BR,BR-4679815234
TXN00002650,CLI001026,2023-08-13,PAGAMENTO,1681.7,00,SP-CORE-02,BR,BR-8741405405
TXN00002651,CLI000629,2023-12-22,ESTORNO,2387.16,01,SP-CORE-02,BR,BR-2578148768
TXN00002652,CLI000322,2023-04-26,ESTORNO,-91.38,10,MG-CORE-01,BR,BR-8190457777
TXN00002653,CLI000436,2023-06-17,ESTORNO,-48.01,01,RJ-CORE-01,BR,BR-3886628103
TXN00002654,CLI000217,2023-06-10,PAGAMENTO,907.76,10,SP-CORE-02,BR,BR-6997362444
TXN00002655,CLI000307,2023-10-03,PAGAMENTO,906.6,00,SP-CORE-02,BR,BR-3905625550
TXN00002656,CLI000066,2023-04-24,AJUSTE,1090.85,00,SP-CORE-01,BR,BR-1512036736
TXN00002657,CLI000501,2023-11-26,FATURA,-411161.18,4F,SANTOS-PORT-07,PA,OFFSHORE-465796MM
TXN00002658,CLI000498,2023-11-23,FATURA,2679.78,10,BA-CORE-01,BR,BR-9536347155
TXN00002659,CLI000805,2023-03-19,FATURA,3104.67,00,SP-CORE-01,BR,BR-7491475907
TXN00002660,CLI000935,2023-04-23,PAGAMENTO,2785.13,00,RJ-CORE-01,BR,BR-2952641348
TXN00002661,CLI000180,2023-10-16,ESTORNO,1956.56,10,RJ-CORE-01,BR,BR-5819769602
TXN00002662,CLI000810,2023-10-31,AJUSTE,2584.57,10,RJ-CORE-01,BR,BR-7396672521
TXN00002663,CLI000018,2023-04-29,FATURA,3337.31,01,MG-CORE-01,BR,BR-5047590087
TXN00002664,CLI000947,2023-08-23,AJUSTE,1307.75,01,SP-CORE-01,BR,BR-1127661542
TXN00002665,CLI000235,2023-01-13,PAGAMENTO,2438.26,01,SP-CORE-01,BR,BR-4168819811
TXN00002666,CLI000371,2023-06-26,FATURA,2949.65,01,BA-CORE-01,BR,BR-4566164899
TXN00002667,CLI000351,2023-08-09,AJUSTE,2457.48,01,SP-CORE-01,BR,BR-6064177433
TXN00002668,CLI001002,2023-06-30,FATURA,3176.03,00,BA-CORE-01,BR,BR-2404264843
TXN00002669,CLI000230,2023-12-18,FATURA,1293.83,00,MG-CORE-01,BR,BR-3676763729
TXN00002670,CLI000168,2023-04-19,PAGAMENTO,1883.65,02,BA-CORE-01,BR,BR-4264911503
TXN00002671,CLI001059,2023-10-19,ESTORNO,-2628.69,10,SP-CORE-02,BR,BR-3001548533
TXN00002672,CLI001096,2023-12-29,FATURA,195.2,02,SP-CORE-02,BR,BR-7433427406
TXN00002673,CLI001042,2023-02-04,AJUSTE,1925.26,10,BA-CORE-01,BR,BR-7463044261
TXN00002674,CLI000110,2023-03-30,PAGAMENTO,2816.9,02,RJ-CORE-01,BR,BR-7624721270
TXN00002675,CLI000111,2023-09-21,FATURA,500.6,10,SP-CORE-02,BR,BR-4281204295
TXN00002676,CLI000469,2023-10-10,AJUSTE,763.86,02,BA-CORE-01,BR,BR-9550041076
TXN00002677,CLI000569,2023-12-06,AJUSTE,3310.39,00,RJ-CORE-01,BR,BR-5806644397
TXN00002678,CLI000136,2023-09-07,ESTORNO,3456.16,01,SP-CORE-02,BR,BR-7228198735
TXN00002679,CLI000027,2023-07-04,PAGAMENTO,2028.91,01,SP-CORE-01,BR,BR-8958034469
TXN00002680,CLI000449,2023-01-19,AJUSTE,2226.47,00,RJ-CORE-01,BR,BR-7195731459
TXN00002681,CLI000212,2023-03-08,AJUSTE,2514.95,10,RJ-CORE-01,BR,BR-1154537730
TXN00002682,CLI000192,2023-07-10,AJUSTE,2518.13,00,SP-CORE-02,BR,BR-8642389509
TXN00002683,CLI000404,2023-06-21,PAGAMENTO,3104.45,10,RJ-CORE-01,BR,BR-5999961449
TXN00002684,CLI000473,2023-12-16,FATURA,3445.58,00,RJ-CORE-01,BR,BR-2849761315
TXN00002685,CLI001101,2023-08-22,PAGAMENTO,1619.4,10,BA-CORE-01,BR,BR-6966055281
TXN00002686,CLI000184,2023-03-09,AJUSTE,2692.31,00,SP-CORE-02,BR,BR-4281402873
TXN00002687,CLI000775,2023-12-16,PAGAMENTO,3094.44,00,MG-CORE-01,BR,BR-7312821876
TXN00002688,CLI000540,2023-03-23,FATURA,2045.5,01,SP-CORE-01,BR,BR-5534356444
TXN00002689,CLI000803,2023-10-05,AJUSTE,2877.7,00,BA-CORE-01,BR,BR-6426222971
TXN00002690,CLI000998,2023-03-19,AJUSTE,1994.86,01,SP-CORE-01,BR,BR-8200460216
TXN00002691,CLI000856,2023-09-14,FATURA,214.45,10,BA-CORE-01,BR,BR-6516617218
TXN00002692,CLI000807,2023-08-24,PAGAMENTO,3340.08,00,MG-CORE-01,BR,BR-1263813981
TXN00002693,CLI000124,2023-02-13,AJUSTE,2004.74,10,RJ-CORE-01,BR,BR-3536021086
TXN00002694,CLI000884,2023-10-25,ESTORNO,-1018.55,02,RJ-CORE-01,BR,BR-6868686656
TXN00002695,CLI000854,2023-04-11,PAGAMENTO,2403.31,01,SP-CORE-02,BR,BR-3508119100
TXN00002696,CLI000346,2023-01-05,ESTORNO,-1072.01,10,SP-CORE-02,BR,BR-7979978982
TXN00002697,CLI000301,2023-03-10,PAGAMENTO,1529.76,00,SP-CORE-01,BR,BR-2634550216
TXN00002698,CLI000546,2023-04-21,ESTORNO,2754.69,01,RJ-CORE-01,BR,BR-7133849777
TXN00002699,CLI000201,2023-02-21,AJUSTE,2383.54,00,BA-CORE-01,BR,BR-9555340880
TXN00002700,CLI001170,2023-03-17,PAGAMENTO,2245.36,02,SP-CORE-01,BR,BR-7064191466
TXN00002701,CLI000577,2023-05-15,PAGAMENTO,787.7,02,SP-CORE-02,BR,BR-9832382243
TXN00002702,CLI000484,2023-04-06,PAGAMENTO,3113.59,00,RJ-CORE-01,BR,BR-2048955076
TXN00002703,CLI000159,2023-05-06,AJUSTE,927.38,01,SP-CORE-01,BR,BR-3954899995
TXN00002704,CLI000766,2023-12-28,FATURA,2923.9,10,MG-CORE-01,BR,BR-9027036016
TXN00002705,CLI000929,2023-07-09,ESTORNO,-3025.21,10,BA-CORE-01,BR,BR-5786617777
TXN00002706,CLI000739,2023-10-28,PAGAMENTO,2498.13,02,RJ-CORE-01,BR,BR-1729196312
TXN00002707,CLI000792,2023-08-12,AJUSTE,1310.1,10,RJ-CORE-01,BR,BR-7607449891
TXN00002708,CLI000363,2023-02-02,PAGAMENTO,1519.56,02,SP-CORE-02,BR,BR-5455502957
TXN00002709,CLI000628,2023-05-27,ESTORNO,1307.39,00,BA-CORE-01,BR,BR-7103889958
TXN00002710,CLI000662,2023-06-24,FATURA,665.07,10,BA-CORE-01,BR,BR-9677561687
TXN00002711,CLI000491,2023-10-22,ESTORNO,-1346.88,02,MG-CORE-01,BR,BR-6654385989
TXN00002712,CLI000754,2023-08-21,FATURA,3048.0,02,SP-CORE-02,BR,BR-7744617116
TXN00002713,CLI000543,2023-05-17,FATURA,651.94,00,RJ-CORE-01,BR,BR-3097484316
TXN00002714,CLI000617,2023-05-07,AJUSTE,2778.38,01,MG-CORE-01,BR,BR-6179336797
TXN00002715,CLI000938,2023-06-08,ESTORNO,-762.95,00,MG-CORE-01,BR,BR-8161375037
TXN00002716,CLI000250,2023-02-23,AJUSTE,3364.46,00,SP-CORE-01,BR,BR-6581399749
TXN00002717,CLI000163,2023-09-29,PAGAMENTO,2880.39,01,SP-CORE-02,BR,BR-9458627800
TXN00002718,CLI000573,2023-10-09,ESTORNO,-1574.29,02,RJ-CORE-01,BR,BR-6161513987
TXN00002719,CLI001021,2023-08-10,AJUSTE,3114.35,10,RJ-CORE-01,BR,BR-6214434351
TXN00002720,CLI000842,2023-02-27,FATURA,1750.33,01,SP-CORE-01,BR,BR-2138832493
TXN00002721,CLI000881,2023-03-17,ESTORNO,-794.52,10,MG-CORE-01,BR,BR-7758219918
TXN00002722,CLI000007,2023-12-16,PAGAMENTO,1147.22,01,SP-CORE-02,BR,BR-4455743663
TXN00002723,CLI000900,2023-05-23,FATURA,3190.37,00,RJ-CORE-01,BR,BR-5114325536
TXN00002724,CLI000094,2023-01-13,FATURA,3247.95,02,RJ-CORE-01,BR,BR-3483321097
TXN00002725,CLI000135,2023-01-13,FATURA,3224.3,10,SP-CORE-02,BR,BR-7837006653
TXN00002726,CLI000617,2023-04-06,ESTORNO,-1132.86,01,SP-CORE-01,BR,BR-2174093450
TXN00002727,CLI001084,2023-10-21,AJUSTE,2429.2,00,SP-CORE-02,BR,BR-7575868324
TXN00002728,CLI000406,2023-09-11,FATURA,3477.22,00,SP-CORE-02,BR,BR-2834405845
TXN00002729,CLI000361,2023-11-15,PAGAMENTO,1223.6,01,BA-CORE-01,BR,BR-9919193627
TXN00002730,CLI000262,2023-11-04,FATURA,2264.17,10,SP-CORE-02,BR,BR-8832899159
TXN00002731,CLI000907,2023-11-12,ESTORNO,-1245.83,01,SP-CORE-02,BR,BR-6583066750
TXN00002732,CLI000745,2023-12-25,AJUSTE,2163.5,01,SP-CORE-01,BR,BR-2345840745
TXN00002733,CLI000265,2023-12-20,PAGAMENTO,2433.35,01,RJ-CORE-01,BR,BR-7074433463
TXN00002734,CLI000814,2023-08-05,AJUSTE,1505.34,02,SP-CORE-01,BR,BR-7508461289
TXN00002735,CLI000384,2023-01-26,FATURA,1938.27,10,SP-CORE-01,BR,BR-3351762983
TXN00002736,CLI000410,2023-11-07,PAGAMENTO,1752.46,00,BA-CORE-01,BR,BR-4783421979
TXN00002737,CLI000812,2023-01-20,PAGAMENTO,363.37,10,SP-CORE-01,BR,BR-3144063281
TXN00002738,CLI000375,2023-07-01,FATURA,2263.93,01,BA-CORE-01,BR,BR-9324088968
TXN00002739,CLI000529,2023-09-10,FATURA,2338.45,10,RJ-CORE-01,BR,BR-9189797508
TXN00002740,CLI000298,2023-09-02,PAGAMENTO,717.06,10,RJ-CORE-01,BR,BR-9847124353
TXN00002741,CLI001042,2023-04-21,AJUSTE,3437.89,01,SP-CORE-02,BR,BR-6156744006
TXN00002742,CLI000709,2023-11-21,FATURA,389.33,02,RJ-CORE-01,BR,BR-2986365191
TXN00002743,CLI000830,2023-12-07,AJUSTE,3468.03,01,SP-CORE-02,BR,BR-2032398249
TXN00002744,CLI000101,2023-07-13,FATURA,656.98,02,SP-CORE-02,BR,BR-8582893964
TXN00002745,CLI000235,2023-05-05,PAGAMENTO,2919.24,10,SP-CORE-02,BR,BR-8920443666
TXN00002746,CLI000484,2023-05-20,FATURA,1400.93,10,RJ-CORE-01,BR,BR-7057021720
TXN00002747,CLI000250,2023-09-06,FATURA,2348.13,01,BA-CORE-01,BR,BR-4913307055
TXN00002748,CLI000118,2023-03-18,ESTORNO,-67.16,00,SP-CORE-02,BR,BR-3722697824
TXN00002749,CLI000567,2023-12-06,ESTORNO,-1409.55,10,RJ-CORE-01,BR,BR-8928367839
TXN00002750,CLI000357,2023-01-24,PAGAMENTO,1278.13,02,BA-CORE-01,BR,BR-5984671649
TXN00002751,CLI001160,2023-07-08,FATURA,320.94,02,SP-CORE-01,BR,BR-6309137211
TXN00002752,CLI000770,2023-06-18,ESTORNO,1510.36,00,BA-CORE-01,BR,BR-2024278525
TXN00002753,CLI000124,2023-10-30,AJUSTE,1137.22,10,RJ-CORE-01,BR,BR-1644082961
TXN00002754,CLI000891,2023-01-01,PAGAMENTO,2842.99,00,RJ-CORE-01,BR,BR-1118988531
TXN00002755,CLI000184,2023-12-08,AJUSTE,71.88,10,SP-CORE-01,BR,BR-6628728894
TXN00002756,CLI000881,2023-06-07,AJUSTE,275.05,01,BA-CORE-01,BR,BR-9552538757
TXN00002757,CLI001160,2023-08-25,PAGAMENTO,1871.29,10,MG-CORE-01,BR,BR-4889761307
TXN00002758,CLI000474,2023-04-21,PAGAMENTO,107451.54,4F,SANTOS-PORT-07,LU,OFFSHORE-516231GF
TXN00002759,CLI000798,2023-11-05,FATURA,3448.11,01,SP-CORE-02,BR,BR-7550942419
TXN00002760,CLI000722,2023-08-24,FATURA,3357.82,10,BA-CORE-01,BR,BR-1387615589
TXN00002761,CLI000188,2023-11-23,AJUSTE,3277.17,02,SP-CORE-02,BR,BR-3576212952
TXN00002762,CLI000686,2023-06-18,PAGAMENTO,1094.51,00,BA-CORE-01,BR,BR-6641054403
TXN00002763,CLI000142,2023-04-30,AJUSTE,453.92,00,SP-CORE-02,BR,BR-8461373338
TXN00002764,CLI001154,2023-01-13,ESTORNO,2715.59,10,MG-CORE-01,BR,BR-4195279456
TXN00002765,CLI000862,2023-05-26,PAGAMENTO,1690.18,00,SP-CORE-01,BR,BR-9312909606
TXN00002766,CLI000610,2023-07-22,PAGAMENTO,1085.47,10,MG-CORE-01,BR,BR-1936338890
TXN00002767,CLI000413,2023-10-31,PAGAMENTO,1586.48,02,SP-CORE-01,BR,BR-1458762697
TXN00002768,CLI000068,2023-06-27,PAGAMENTO,1504.67,00,RJ-CORE-01,BR,BR-6474139112
TXN00002769,CLI000408,2023-07-28,FATURA,870.04,02,SP-CORE-02,BR,BR-7048926971
TXN00002770,CLI000382,2023-10-29,FATURA,2592.12,02,BA-CORE-01,BR,BR-5535165059
TXN00002771,CLI000779,2023-08-14,PAGAMENTO,295.19,02,SP-CORE-02,BR,BR-7586203381
TXN00002772,CLI000017,2023-06-14,AJUSTE,736.49,02,BA-CORE-01,BR,BR-5780132606
TXN00002773,CLI000948,2023-07-08,AJUSTE,1237.18,01,BA-CORE-01,BR,BR-7638924354
TXN00002774,CLI000644,2023-12-12,PAGAMENTO,738.17,02,SP-CORE-02,BR,BR-5917357577
TXN00002775,CLI000577,2023-09-26,ESTORNO,-2180.26,02,BA-CORE-01,BR,BR-2323586087
TXN00002776,CLI000599,2023-12-03,PAGAMENTO,1532.49,02,RJ-CORE-01,BR,BR-9824750522
TXN00002777,CLI000249,2023-06-07,AJUSTE,2487.45,00,RJ-CORE-01,BR,BR-3884494006
TXN00002778,CLI000530,2023-10-19,PAGAMENTO,3249.45,01,BA-CORE-01,BR,BR-6947199197
TXN00002779,CLI000541,2023-10-24,ESTORNO,1589.1,01,BA-CORE-01,BR,BR-8304093560
TXN00002780,CLI000098,2023-09-27,FATURA,2661.57,01,SP-CORE-02,BR,BR-3943119201
TXN00002781,CLI001092,2023-09-14,ESTORNO,1482.05,10,SP-CORE-02,BR,BR-7195072856
TXN00002782,CLI000126,2023-02-21,ESTORNO,-887.14,00,SP-CORE-01,BR,BR-9421348410
TXN00002783,CLI000618,2023-02-28,AJUSTE,3014.27,00,MG-CORE-01,BR,BR-9237432443
TXN00002784,CLI001200,2023-04-09,ESTORNO,-1018.99,10,RJ-CORE-01,BR,BR-2292304779
TXN00002785,CLI000570,2023-03-06,AJUSTE,149.78,00,SP-CORE-01,BR,BR-4249864004
TXN00002786,CLI000458,2023-06-05,PAGAMENTO,1347.63,00,SP-CORE-02,BR,BR-2277421636
TXN00002787,CLI000236,2023-01-15,FATURA,512.19,02,SP-CORE-01,BR,BR-8062770940
TXN00002788,CLI000803,2023-08-25,AJUSTE,203327.83,4F,SANTOS-PORT-07,LU,OFFSHORE-700272ZB
TXN00002789,CLI000882,2023-06-19,AJUSTE,2046.58,10,SP-CORE-01,BR,BR-5308177776
TXN00002790,CLI001132,2023-10-21,FATURA,2141.0,00,RJ-CORE-01,BR,BR-6607283971
TXN00002791,CLI000149,2023-04-07,ESTORNO,-922.62,02,MG-CORE-01,BR,BR-3473082326
TXN00002792,CLI000376,2023-10-05,AJUSTE,1936.54,00,SP-CORE-02,BR,BR-1476003514
TXN00002793,CLI000400,2023-07-28,AJUSTE,568.35,01,SP-CORE-01,BR,BR-9329737841
TXN00002794,CLI000039,2023-08-23,ESTORNO,1038.79,02,MG-CORE-01,BR,BR-7234101654
TXN00002795,CLI001107,2023-04-29,ESTORNO,2328.23,10,BA-CORE-01,BR,BR-5868387535
TXN00002796,CLI000575,2023-01-17,FATURA,1941.55,02,SP-CORE-02,BR,BR-2210310334
TXN00002797,CLI000898,2023-10-26,PAGAMENTO,3358.24,01,SP-CORE-01,BR,BR-5657458027
TXN00002798,CLI000653,2023-02-02,ESTORNO,-1641.04,01,SP-CORE-01,BR,BR-2578828127
TXN00002799,CLI000332,2023-03-21,FATURA,814.77,02,SP-CORE-01,BR,BR-3449808800
TXN00002800,CLI000327,2023-08-05,ESTORNO,1380.14,01,MG-CORE-01,BR,BR-2986099771
TXN00002801,CLI000020,2023-04-13,AJUSTE,484.5,01,BA-CORE-01,BR,BR-4658585732
TXN00002802,CLI000442,2023-01-09,AJUSTE,487.86,10,BA-CORE-01,BR,BR-5508783501
TXN00002803,CLI000837,2023-01-06,AJUSTE,819.43,01,SP-CORE-02,BR,BR-7949274479
TXN00002804,CLI000748,2023-08-14,PAGAMENTO,255.67,00,MG-CORE-01,BR,BR-7873634445
TXN00002805,CLI000712,2023-08-13,FATURA,2998.54,01,MG-CORE-01,BR,BR-1641029050
TXN00002806,CLI000432,2023-05-08,ESTORNO,3147.28,00,SP-CORE-02,BR,BR-9409687118
TXN00002807,CLI001139,2023-02-10,FATURA,3296.64,01,SP-CORE-02,BR,BR-3436289709
TXN00002808,CLI000270,2023-09-07,ESTORNO,613.78,00,SP-CORE-02,BR,BR-9650557648
TXN00002809,CLI000034,2023-03-07,FATURA,1899.84,10,SP-CORE-01,BR,BR-7553423031
TXN00002810,CLI000107,2023-08-21,FATURA,2517.59,01,SP-CORE-02,BR,BR-9281920454
TXN00002811,CLI000209,2023-01-30,ESTORNO,-1548.93,10,RJ-CORE-01,BR,BR-3122353925
TXN00002812,CLI000848,2023-11-25,PAGAMENTO,2233.5,10,RJ-CORE-01,BR,BR-1872502717
TXN00002813,CLI000792,2023-11-15,FATURA,2757.58,01,RJ-CORE-01,BR,BR-6438299815
TXN00002814,CLI000696,2023-11-24,ESTORNO,1904.85,10,SP-CORE-02,BR,BR-8500915689
TXN00002815,CLI000790,2023-04-03,FATURA,561.32,00,BA-CORE-01,BR,BR-2640993275
TXN00002816,CLI000507,2023-10-01,PAGAMENTO,1000.48,02,BA-CORE-01,BR,BR-8834402141
TXN00002817,CLI000382,2023-05-08,PAGAMENTO,2202.66,10,BA-CORE-01,BR,BR-6108275915
TXN00002818,CLI001052,2023-03-08,FATURA,111278.44,9A,SANTOS-PORT-07,KY,OFFSHORE-366941FN
TXN00002819,CLI000152,2023-05-01,FATURA,2445.17,10,BA-CORE-01,BR,BR-9999156586
TXN00002820,CLI000462,2023-01-26,PAGAMENTO,3023.08,10,RJ-CORE-01,BR,BR-1252339280
TXN00002821,CLI000652,2023-06-30,AJUSTE,380.42,02,RJ-CORE-01,BR,BR-6303603611
TXN00002822,CLI000795,2023-09-10,FATURA,375.04,01,SP-CORE-02,BR,BR-9195770563
TXN00002823,CLI000593,2023-05-08,ESTORNO,-786.69,10,SP-CORE-02,BR,BR-1195472006
TXN00002824,CLI000534,2023-03-15,AJUSTE,413.19,01,MG-CORE-01,BR,BR-7956377623
TXN00002825,CLI000415,2023-04-09,PAGAMENTO,3182.53,00,BA-CORE-01,BR,BR-2593008578
TXN00002826,CLI001023,2023-05-31,ESTORNO,1071.11,00,RJ-CORE-01,BR,BR-3403293589
TXN00002827,CLI000774,2023-01-07,ESTORNO,962.95,00,SP-CORE-02,BR,BR-3493172294
TXN00002828,CLI000373,2023-02-06,ESTORNO,-2150.03,02,SP-CORE-02,BR,BR-2117944144
TXN00002829,CLI000649,2023-08-07,PAGAMENTO,2228.62,01,SP-CORE-02,BR,BR-7458542977
TXN00002830,CLI000654,2023-04-30,PAGAMENTO,952.67,10,MG-CORE-01,BR,BR-9290691086
TXN00002831,CLI000165,2023-03-23,AJUSTE,3193.93,01,SP-CORE-01,BR,BR-9065505125
TXN00002832,CLI000057,2023-06-28,PAGAMENTO,1908.72,01,BA-CORE-01,BR,BR-1566590088
TXN00002833,CLI000147,2023-10-21,ESTORNO,-2543.44,01,SP-CORE-02,BR,BR-7573120172
TXN00002834,CLI001192,2023-07-30,ESTORNO,-779.91,01,BA-CORE-01,BR,BR-5903975336
TXN00002835,CLI000353,2023-04-30,PAGAMENTO,1536.9,10,SP-CORE-02,BR,BR-5796800114
TXN00002836,CLI000687,2023-12-07,ESTORNO,-2678.53,01,SP-CORE-01,BR,BR-5844171168
TXN00002837,CLI000220,2023-11-16,ESTORNO,-1810.01,02,SP-CORE-01,BR,BR-8880423344
TXN00002838,CLI001176,2023-12-02,AJUSTE,1893.32,00,SP-CORE-01,BR,BR-8506844200
TXN00002839,CLI000311,2023-12-27,AJUSTE,2997.28,00,SP-CORE-01,BR,BR-9273125114
TXN00002840,CLI000231,2023-03-30,FATURA,2741.75,02,RJ-CORE-01,BR,BR-9061380385
TXN00002841,CLI000823,2023-10-03,ESTORNO,554.71,10,BA-CORE-01,BR,BR-6639336381
TXN00002842,CLI001101,2023-01-05,ESTORNO,-381.85,00,BA-CORE-01,BR,BR-4833996253
TXN00002843,CLI000088,2023-07-19,FATURA,1096.38,02,SP-CORE-02,BR,BR-9566591713
TXN00002844,CLI000984,2023-04-01,PAGAMENTO,2003.66,10,MG-CORE-01,BR,BR-8723296882
TXN00002845,CLI000818,2023-06-10,AJUSTE,1832.32,10,MG-CORE-01,BR,BR-1228587581
TXN00002846,CLI000229,2023-03-02,ESTORNO,2093.36,01,SP-CORE-02,BR,BR-1638321534
TXN00002847,CLI000375,2023-08-12,AJUSTE,2834.15,01,SP-CORE-01,BR,BR-1987243526
TXN00002848,CLI000519,2023-06-06,FATURA,2421.82,00,RJ-CORE-01,BR,BR-5448994487
TXN00002849,CLI000230,2023-02-27,AJUSTE,999.29,10,BA-CORE-01,BR,BR-2117653437
TXN00002850,CLI000569,2023-08-30,FATURA,3022.2,10,SP-CORE-02,BR,BR-8327054707
TXN00002851,CLI000041,2023-11-30,FATURA,579.88,01,SP-CORE-01,BR,BR-2874452023
TXN00002852,CLI000345,2023-04-23,FATURA,3065.64,10,MG-CORE-01,BR,BR-9277288208
TXN00002853,CLI000690,2023-02-01,FATURA,38.73,01,SP-CORE-02,BR,BR-5470166352
TXN00002854,CLI000096,2023-10-06,AJUSTE,1398.18,00,SP-CORE-01,BR,BR-7378883336
TXN00002855,CLI001133,2023-04-02,ESTORNO,960.13,01,BA-CORE-01,BR,BR-3117369705
TXN00002856,CLI000128,2023-08-02,AJUSTE,2951.73,01,BA-CORE-01,BR,BR-4723218268
TXN00002857,CLI000894,2023-08-19,FATURA,1405.41,10,SP-CORE-02,BR,BR-5826058207
TXN00002858,CLI000790,2023-04-27,AJUSTE,637.04,01,BA-CORE-01,BR,BR-1401913949
TXN00002859,CLI000689,2023-04-20,AJUSTE,2854.66,10,SP-CORE-01,BR,BR-9023742403
TXN00002860,CLI000932,2023-11-20,FATURA,3372.89,10,SP-CORE-02,BR,BR-3515465308
TXN00002861,CLI000153,2023-05-07,FATURA,1530.51,02,SP-CORE-01,BR,BR-5173107724
TXN00002862,CLI000313,2023-03-21,AJUSTE,2330.11,01,SP-CORE-02,BR,BR-3451514991
TXN00002863,CLI000945,2023-12-11,FATURA,1901.16,01,RJ-CORE-01,BR,BR-1330005804
TXN00002864,CLI001010,2023-09-28,FATURA,1679.51,00,MG-CORE-01,BR,BR-8594590645
TXN00002865,CLI000343,2023-02-18,PAGAMENTO,2284.24,10,RJ-CORE-01,BR,BR-3907299954
TXN00002866,CLI000154,2023-11-22,FATURA,3148.01,00,RJ-CORE-01,BR,BR-9106182535
TXN00002867,CLI001031,2023-08-28,AJUSTE,2131.31,10,SP-CORE-01,BR,BR-5406473964
TXN00002868,CLI000506,2023-06-30,FATURA,3395.38,10,BA-CORE-01,BR,BR-3923324008
TXN00002869,CLI000772,2023-06-29,ESTORNO,2319.38,01,SP-CORE-01,BR,BR-6987913724
TXN00002870,CLI000725,2023-12-23,ESTORNO,3337.63,10,BA-CORE-01,BR,BR-5085458167
TXN00002871,CLI001039,2023-03-12,FATURA,1146.38,01,RJ-CORE-01,BR,BR-8889757029
TXN00002872,CLI000911,2023-06-25,AJUSTE,1155.0,02,MG-CORE-01,BR,BR-1660460633
TXN00002873,CLI000293,2023-03-11,ESTORNO,2036.07,00,MG-CORE-01,BR,BR-5643131245
TXN00002874,CLI001176,2023-08-05,PAGAMENTO,2074.12,02,SP-CORE-01,BR,BR-8127667126
TXN00002875,CLI000937,2023-09-06,PAGAMENTO,95.15,00,BA-CORE-01,BR,BR-9397526641
TXN00002876,CLI001170,2023-12-18,ESTORNO,2385.41,02,BA-CORE-01,BR,BR-5319901125
TXN00002877,CLI000231,2023-07-27,ESTORNO,979.78,01,BA-CORE-01,BR,BR-5165132643
TXN00002878,CLI000423,2023-08-25,PAGAMENTO,864.01,10,BA-CORE-01,BR,BR-9379034387
TXN00002879,CLI001197,2023-10-25,PAGAMENTO,1886.79,00,MG-CORE-01,BR,BR-3444516870
TXN00002880,CLI001055,2023-05-16,FATURA,1029.25,00,BA-CORE-01,BR,BR-8059397349
TXN00002881,CLI000336,2023-01-06,PAGAMENTO,1156.8,01,SP-CORE-01,BR,BR-9828455687
TXN00002882,CLI000594,2023-03-13,PAGAMENTO,3364.9,00,MG-CORE-01,BR,BR-9893692242
TXN00002883,CLI000518,2023-01-10,FATURA,2942.74,01,RJ-CORE-01,BR,BR-2638061586
TXN00002884,CLI001174,2023-09-24,ESTORNO,383.22,01,SP-CORE-01,BR,BR-7008051512
TXN00002885,CLI001108,2023-12-07,AJUSTE,2819.65,02,MG-CORE-01,BR,BR-1764550571
TXN00002886,CLI001134,2023-11-13,AJUSTE,2090.62,10,RJ-CORE-01,BR,BR-9012328127
TXN00002887,CLI000916,2023-08-01,ESTORNO,3445.18,01,SP-CORE-01,BR,BR-1383060868
TXN00002888,CLI000826,2023-01-07,ESTORNO,184.41,01,SP-CORE-01,BR,BR-4660797484
TXN00002889,CLI000733,2023-10-31,FATURA,3112.34,02,SP-CORE-02,BR,BR-5994792212
TXN00002890,CLI000898,2023-05-30,PAGAMENTO,357.88,02,BA-CORE-01,BR,BR-8642862275
TXN00002891,CLI000040,2023-08-10,ESTORNO,1581.91,00,BA-CORE-01,BR,BR-3809184791
TXN00002892,CLI000232,2023-09-29,FATURA,1662.92,10,SP-CORE-01,BR,BR-5812948894
TXN00002893,CLI000556,2023-08-07,AJUSTE,1315.82,00,SP-CORE-01,BR,BR-5858839243
TXN00002894,CLI000089,2023-06-05,ESTORNO,3324.93,02,SP-CORE-02,BR,BR-3858387914
TXN00002895,CLI000821,2023-09-05,PAGAMENTO,974.42,02,MG-CORE-01,BR,BR-8868607194
TXN00002896,CLI000259,2023-03-26,ESTORNO,1067.07,00,MG-CORE-01,BR,BR-3201828849
TXN00002897,CLI000646,2023-06-15,FATURA,3187.36,10,MG-CORE-01,BR,BR-7397882217
TXN00002898,CLI000017,2023-04-02,PAGAMENTO,661.14,01,SP-CORE-01,BR,BR-9097787335
TXN00002899,CLI000630,2023-05-01,ESTORNO,-769.78,02,MG-CORE-01,BR,BR-7341260172
TXN00002900,CLI000457,2023-07-19,PAGAMENTO,1076.44,02,RJ-CORE-01,BR,BR-2817074316
TXN00002901,CLI000641,2023-06-17,PAGAMENTO,614.11,01,BA-CORE-01,BR,BR-8544069858
TXN00002902,CLI000713,2023-09-08,FATURA,2909.92,01,RJ-CORE-01,BR,BR-8778161564
TXN00002903,CLI000808,2023-02-22,AJUSTE,598.46,00,SP-CORE-01,BR,BR-3636542070
TXN00002904,CLI000486,2023-12-04,AJUSTE,663.23,00,SP-CORE-01,BR,BR-2829729510
TXN00002905,CLI000555,2023-11-21,AJUSTE,3395.29,10,SP-CORE-02,BR,BR-9763614872
TXN00002906,CLI000666,2023-11-13,AJUSTE,1225.84,02,RJ-CORE-01,BR,BR-3253473926
TXN00002907,CLI000287,2023-04-03,AJUSTE,2053.91,02,SP-CORE-02,BR,BR-6543527275
TXN00002908,CLI000919,2023-02-21,ESTORNO,1433.16,02,MG-CORE-01,BR,BR-2878427679
TXN00002909,CLI000744,2023-01-29,FATURA,1189.24,00,BA-CORE-01,BR,BR-7346292485
TXN00002910,CLI000472,2023-11-03,ESTORNO,-342.76,10,MG-CORE-01,BR,BR-9172908825
TXN00002911,CLI001084,2023-11-23,ESTORNO,-159484.86,9A,SANTOS-PORT-07,LU,OFFSHORE-491801HQ
TXN00002912,CLI001170,2023-02-27,ESTORNO,2919.77,10,SP-CORE-01,BR,BR-2988049941
TXN00002913,CLI000474,2023-04-13,PAGAMENTO,924.65,01,SP-CORE-01,BR,BR-4376604904
TXN00002914,CLI001086,2023-09-19,PAGAMENTO,1879.42,01,SP-CORE-02,BR,BR-8915237420
TXN00002915,CLI001068,2023-08-04,AJUSTE,309.35,00,SP-CORE-02,BR,BR-1194384710
TXN00002916,CLI000359,2023-08-07,AJUSTE,3278.46,10,BA-CORE-01,BR,BR-8320250168
TXN00002917,CLI000403,2023-06-30,FATURA,2784.53,10,BA-CORE-01,BR,BR-8404930275
TXN00002918,CLI000129,2023-05-27,FATURA,2898.69,10,SP-CORE-02,BR,BR-8764588206
TXN00002919,CLI000436,2023-04-03,ESTORNO,445.35,02,MG-CORE-01,BR,BR-4478949331
TXN00002920,CLI000220,2023-04-26,ESTORNO,1699.56,00,SP-CORE-01,BR,BR-1906531762
TXN00002921,CLI001017,2023-08-06,ESTORNO,2405.75,01,RJ-CORE-01,BR,BR-9925889192
TXN00002922,CLI000815,2023-09-03,FATURA,1560.57,10,SP-CORE-02,BR,BR-3892268633
TXN00002923,CLI001179,2023-06-08,FATURA,801.2,10,SP-CORE-02,BR,BR-1076945301
TXN00002924,CLI001178,2023-07-12,ESTORNO,-2209.29,10,RJ-CORE-01,BR,BR-2696227959
TXN00002925,CLI001135,2023-12-20,FATURA,148.52,00,BA-CORE-01,BR,BR-1057142828
TXN00002926,CLI000698,2023-09-03,ESTORNO,813.01,00,BA-CORE-01,BR,BR-8111611033
TXN00002927,CLI000589,2023-02-18,AJUSTE,2470.87,10,BA-CORE-01,BR,BR-8412733036
TXN00002928,CLI000610,2023-11-30,AJUSTE,1045.94,02,BA-CORE-01,BR,BR-7943866175
TXN00002929,CLI001005,2023-10-26,PAGAMENTO,1310.08,01,BA-CORE-01,BR,BR-8194509551
TXN00002930,CLI000228,2023-11-22,ESTORNO,2490.73,02,BA-CORE-01,BR,BR-8750872949
TXN00002931,CLI001104,2023-04-02,FATURA,519.24,10,BA-CORE-01,BR,BR-1376390042
TXN00002932,CLI000168,2023-03-12,FATURA,1061.35,01,BA-CORE-01,BR,BR-1580310006
TXN00002933,CLI000203,2023-01-08,PAGAMENTO,3243.28,02,RJ-CORE-01,BR,BR-1819488717
TXN00002934,CLI000215,2023-04-16,ESTORNO,1500.58,01,BA-CORE-01,BR,BR-4504556843
TXN00002935,CLI001030,2023-04-04,FATURA,2546.9,00,SP-CORE-02,BR,BR-1115170841
TXN00002936,CLI001007,2023-08-11,ESTORNO,-2974.25,00,SP-CORE-01,BR,BR-6333405410
TXN00002937,CLI000047,2023-05-21,FATURA,3309.5,02,BA-CORE-01,BR,BR-3313194377
TXN00002938,CLI000303,2023-02-23,AJUSTE,1569.63,00,RJ-CORE-01,BR,BR-5664736275
TXN00002939,CLI000642,2023-08-05,PAGAMENTO,2056.5,01,RJ-CORE-01,BR,BR-8600894452
TXN00002940,CLI000260,2023-08-26,FATURA,3364.92,00,RJ-CORE-01,BR,BR-5931333903
TXN00002941,CLI001198,2023-01-11,PAGAMENTO,356067.66,9A,SANTOS-PORT-07,KY,OFFSHORE-166799NA
TXN00002942,CLI000630,2023-01-06,FATURA,885.2,01,BA-CORE-01,BR,BR-9585752886
TXN00002943,CLI000874,2023-11-27,AJUSTE,3034.17,02,SP-CORE-01,BR,BR-5453955027
TXN00002944,CLI001029,2023-10-21,FATURA,225.57,02,BA-CORE-01,BR,BR-7011581434
TXN00002945,CLI000435,2023-01-22,FATURA,1006.26,00,SP-CORE-02,BR,BR-9021427795
TXN00002946,CLI000422,2023-04-16,PAGAMENTO,1413.6,02,BA-CORE-01,BR,BR-9850659228
TXN00002947,CLI000715,2023-07-25,PAGAMENTO,506.72,10,SP-CORE-01,BR,BR-5376656120
TXN00002948,CLI000124,2023-10-18,PAGAMENTO,873.8,02,SP-CORE-02,BR,BR-7770600848
TXN00002949,CLI000752,2023-11-17,FATURA,1181.84,02,MG-CORE-01,BR,BR-3376215097
TXN00002950,CLI000491,2023-08-19,ESTORNO,2336.49,00,RJ-CORE-01,BR,BR-8079395838
TXN00002951,CLI000778,2023-10-18,PAGAMENTO,667.06,02,SP-CORE-01,BR,BR-9113797058
TXN00002952,CLI000966,2023-05-07,ESTORNO,1387.25,00,SP-CORE-02,BR,BR-5797223937
TXN00002953,CLI000864,2023-04-04,PAGAMENTO,1610.14,01,BA-CORE-01,BR,BR-8070288470
TXN00002954,CLI001068,2023-07-29,PAGAMENTO,36.31,01,RJ-CORE-01,BR,BR-2873593613
TXN00002955,CLI000157,2023-07-13,FATURA,2829.19,02,SP-CORE-01,BR,BR-5987889148
TXN00002956,CLI000686,2023-02-23,FATURA,2189.61,10,RJ-CORE-01,BR,BR-4119044481
TXN00002957,CLI001148,2023-07-29,ESTORNO,-2902.26,00,RJ-CORE-01,BR,BR-7310339622
TXN00002958,CLI000293,2023-03-11,FATURA,1726.64,01,SP-CORE-01,BR,BR-2881671087
TXN00002959,CLI000540,2023-08-03,PAGAMENTO,745.69,01,BA-CORE-01,BR,BR-3180279805
TXN00002960,CLI000650,2023-12-13,ESTORNO,-961.65,00,BA-CORE-01,BR,BR-8236908598
TXN00002961,CLI000824,2023-01-12,AJUSTE,2022.2,00,MG-CORE-01,BR,BR-3012051673
TXN00002962,CLI001099,2023-12-22,ESTORNO,-2651.48,00,BA-CORE-01,BR,BR-9088168159
TXN00002963,CLI000486,2023-11-11,ESTORNO,268384.58,4F,SANTOS-PORT-07,LU,OFFSHORE-674338XW
TXN00002964,CLI000545,2023-10-03,ESTORNO,-2625.19,10,SP-CORE-02,BR,BR-5372837607
TXN00002965,CLI000246,2023-01-11,AJUSTE,2253.48,10,BA-CORE-01,BR,BR-9078430211
TXN00002966,CLI000625,2023-07-16,FATURA,2940.22,02,SP-CORE-01,BR,BR-1681205304
TXN00002967,CLI000421,2023-10-30,AJUSTE,1773.49,00,BA-CORE-01,BR,BR-5568408912
TXN00002968,CLI000480,2023-08-15,PAGAMENTO,2288.61,02,BA-CORE-01,BR,BR-2849500820
TXN00002969,CLI000515,2023-07-27,AJUSTE,1008.2,10,MG-CORE-01,BR,BR-3652412568
TXN00002970,CLI000715,2023-04-30,FATURA,2516.76,00,BA-CORE-01,BR,BR-6257450736
TXN00002971,CLI001117,2023-09-20,AJUSTE,2894.15,10,SP-CORE-01,BR,BR-3875420006
TXN00002972,CLI000537,2023-07-22,AJUSTE,483.68,02,SP-CORE-02,BR,BR-4033986022
TXN00002973,CLI000072,2023-12-02,FATURA,2968.89,01,SP-CORE-01,BR,BR-5068981129
TXN00002974,CLI000116,2023-08-19,ESTORNO,-1627.15,00,RJ-CORE-01,BR,BR-9770191959
TXN00002975,CLI000441,2023-12-20,PAGAMENTO,2078.65,02,SP-CORE-01,BR,BR-1452737164
TXN00002976,CLI000122,2023-05-19,AJUSTE,1311.89,01,BA-CORE-01,BR,BR-3705512079
TXN00002977,CLI001115,2023-11-12,PAGAMENTO,1097.29,01,SP-CORE-02,BR,BR-4740355928
TXN00002978,CLI000524,2023-01-15,PAGAMENTO,2064.09,10,SP-CORE-02,BR,BR-9207621403
TXN00002979,CLI000612,2023-04-15,PAGAMENTO,658.0,02,SP-CORE-01,BR,BR-7467776722
TXN00002980,CLI000859,2023-04-05,AJUSTE,1027.85,02,SP-CORE-02,BR,BR-1426465521
TXN00002981,CLI000626,2023-02-25,FATURA,1876.82,00,SP-CORE-01,BR,BR-8074210432
TXN00002982,CLI000973,2023-09-27,PAGAMENTO,1522.04,10,SP-CORE-02,BR,BR-1591728242
TXN00002983,CLI000311,2023-03-18,FATURA,1920.62,10,SP-CORE-02,BR,BR-4644688162
TXN00002984,CLI000278,2023-01-17,FATURA,2089.06,01,MG-CORE-01,BR,BR-4302972301
TXN00002985,CLI000064,2023-10-20,FATURA,1274.16,10,BA-CORE-01,BR,BR-8770219539
TXN00002986,CLI000197,2023-06-23,FATURA,1637.67,02,SP-CORE-01,BR,BR-6760925844
TXN00002987,CLI000443,2023-05-05,PAGAMENTO,495.23,00,SP-CORE-01,BR,BR-3169056122
TXN00002988,CLI000329,2023-02-15,PAGAMENTO,679.48,00,MG-CORE-01,BR,BR-5661043960
TXN00002989,CLI001044,2023-02-25,FATURA,-155551.73,4F,SANTOS-PORT-07,PA,OFFSHORE-081155LW
TXN00002990,CLI000246,2023-02-08,PAGAMENTO,2299.7,10,SP-CORE-02,BR,BR-4317315247
TXN00002991,CLI001016,2023-05-10,FATURA,1120.42,02,MG-CORE-01,BR,BR-2864326250
TXN00002992,CLI000932,2023-10-19,FATURA,601.8,00,MG-CORE-01,BR,BR-9749250957
TXN00002993,CLI000601,2023-06-06,ESTORNO,872.18,00,SP-CORE-02,BR,BR-3467704659
TXN00002994,CLI000296,2023-04-05,AJUSTE,1274.7,00,MG-CORE-01,BR,BR-9472515108
TXN00002995,CLI000035,2023-04-03,ESTORNO,767.06,02,SP-CORE-01,BR,BR-7095869833
TXN00002996,CLI000047,2023-06-06,ESTORNO,-2601.84,10,MG-CORE-01,BR,BR-9046820375
TXN00002997,CLI000461,2023-12-12,AJUSTE,655.56,02,RJ-CORE-01,BR,BR-2478144620
TXN00002998,CLI001142,2023-08-29,AJUSTE,1443.23,10,BA-CORE-01,BR,BR-8846920528
TXN00002999,CLI001107,2023-12-13,FATURA,486.1,02,RJ-CORE-01,BR,BR-7029868098
TXN00003000,CLI000227,2023-02-27,ESTORNO,1350.28,01,SP-CORE-01,BR,BR-3765440737
TXN00003001,CLI000829,2023-10-02,ESTORNO,2043.42,00,SP-CORE-02,BR,BR-8081357418
TXN00003002,CLI001053,2023-11-07,ESTORNO,2812.12,10,RJ-CORE-01,BR,BR-4330319077
TXN00003003,CLI001025,2023-03-06,PAGAMENTO,764.35,10,SP-CORE-01,BR,BR-9078724755
TXN00003004,CLI001142,2023-06-09,ESTORNO,-1607.53,00,BA-CORE-01,BR,BR-1361983810
TXN00003005,CLI001162,2023-10-17,FATURA,401.18,00,MG-CORE-01,BR,BR-7603226577
TXN00003006,CLI001170,2023-02-13,AJUSTE,1541.4,00,SP-CORE-01,BR,BR-4779036992
TXN00003007,CLI000472,2023-07-21,AJUSTE,2135.59,01,SP-CORE-02,BR,BR-7617643635
TXN00003008,CLI000081,2023-10-04,ESTORNO,956.17,10,RJ-CORE-01,BR,BR-1917982759
TXN00003009,CLI000885,2023-03-02,AJUSTE,799.53,10,RJ-CORE-01,BR,BR-3730248478
TXN00003010,CLI000341,2023-03-17,AJUSTE,2506.17,00,SP-CORE-02,BR,BR-1100595644
TXN00003011,CLI000674,2023-09-09,AJUSTE,2408.39,01,SP-CORE-01,BR,BR-2111065867
TXN00003012,CLI000038,2023-04-17,FATURA,2669.54,00,SP-CORE-01,BR,BR-3170137829
TXN00003013,CLI000228,2023-05-08,PAGAMENTO,2780.61,10,MG-CORE-01,BR,BR-4143856669
TXN00003014,CLI000244,2023-01-02,FATURA,1816.23,00,SP-CORE-01,BR,BR-8909540656
TXN00003015,CLI000312,2023-01-02,PAGAMENTO,100.54,00,MG-CORE-01,BR,BR-7474660539
TXN00003016,CLI001090,2023-03-13,AJUSTE,2405.58,01,MG-CORE-01,BR,BR-1531772868
TXN00003017,CLI000615,2023-11-13,PAGAMENTO,175.66,00,BA-CORE-01,BR,BR-5043037541
TXN00003018,CLI000084,2023-10-08,FATURA,1499.9,02,MG-CORE-01,BR,BR-7222277556
TXN00003019,CLI000890,2023-01-12,FATURA,3226.33,02,SP-CORE-02,BR,BR-5317358673
TXN00003020,CLI000197,2023-02-19,FATURA,2536.08,01,MG-CORE-01,BR,BR-6299293408
TXN00003021,CLI001027,2023-06-12,FATURA,341.78,02,RJ-CORE-01,BR,BR-6580028443
TXN00003022,CLI000388,2023-10-21,AJUSTE,3370.73,02,SP-CORE-02,BR,BR-4167591308
TXN00003023,CLI000569,2023-12-07,ESTORNO,61.89,02,SP-CORE-02,BR,BR-5746913503
TXN00003024,CLI000513,2023-07-30,PAGAMENTO,124.3,02,MG-CORE-01,BR,BR-8638811983
TXN00003025,CLI000110,2023-10-25,ESTORNO,-3119.19,02,MG-CORE-01,BR,BR-2951244854
TXN00003026,CLI001105,2023-01-30,FATURA,1935.87,02,SP-CORE-01,BR,BR-2769753981
TXN00003027,CLI000915,2023-12-19,FATURA,1784.34,01,SP-CORE-02,BR,BR-1396204771
TXN00003028,CLI001026,2023-01-01,ESTORNO,539.54,10,SP-CORE-02,BR,BR-5853585011
TXN00003029,CLI000466,2023-09-12,FATURA,932.04,02,SP-CORE-02,BR,BR-6217459270
TXN00003030,CLI000456,2023-11-23,ESTORNO,3398.87,10,RJ-CORE-01,BR,BR-5630286975
TXN00003031,CLI001147,2023-08-21,ESTORNO,80.54,02,SP-CORE-01,BR,BR-8639993987
TXN00003032,CLI000858,2023-10-10,AJUSTE,2460.24,00,BA-CORE-01,BR,BR-9040242314
TXN00003033,CLI000588,2023-11-18,FATURA,145375.08,4F,SANTOS-PORT-07,LU,OFFSHORE-028519SP
TXN00003034,CLI000355,2023-02-28,PAGAMENTO,3094.13,00,MG-CORE-01,BR,BR-8955644375
TXN00003035,CLI000175,2023-01-29,AJUSTE,940.47,10,SP-CORE-01,BR,BR-1473890212
TXN00003036,CLI000061,2023-10-15,AJUSTE,863.21,01,MG-CORE-01,BR,BR-2243782053
TXN00003037,CLI000141,2023-03-31,FATURA,717.75,01,BA-CORE-01,BR,BR-3245312271
TXN00003038,CLI000880,2023-02-15,ESTORNO,-455.33,02,BA-CORE-01,BR,BR-5800666263
TXN00003039,CLI000095,2023-06-16,PAGAMENTO,800.87,02,RJ-CORE-01,BR,BR-6903259716
TXN00003040,CLI000615,2023-12-02,ESTORNO,638.41,01,MG-CORE-01,BR,BR-6557607354
TXN00003041,CLI000015,2023-01-13,PAGAMENTO,392.61,00,RJ-CORE-01,BR,BR-1613619380
TXN00003042,CLI000532,2023-09-13,ESTORNO,2522.74,01,RJ-CORE-01,BR,BR-2811432415
TXN00003043,CLI000840,2023-06-29,AJUSTE,1963.0,10,SP-CORE-01,BR,BR-2217547222
TXN00003044,CLI000376,2023-03-25,AJUSTE,3291.9,00,SP-CORE-02,BR,BR-8471784210
TXN00003045,CLI000720,2023-08-20,PAGAMENTO,3454.29,10,MG-CORE-01,BR,BR-1008958266
TXN00003046,CLI000906,2023-03-20,PAGAMENTO,2998.62,02,SP-CORE-01,BR,BR-7646622094
TXN00003047,CLI000970,2023-10-07,PAGAMENTO,1558.15,02,BA-CORE-01,BR,BR-5486877079
TXN00003048,CLI000031,2023-02-11,PAGAMENTO,2325.12,00,SP-CORE-02,BR,BR-6915482645
TXN00003049,CLI001026,2023-07-31,FATURA,3412.89,00,BA-CORE-01,BR,BR-8028543315
TXN00003050,CLI000557,2023-06-04,PAGAMENTO,3407.97,01,SP-CORE-02,BR,BR-8566352759
TXN00003051,CLI000313,2023-06-07,AJUSTE,206.69,10,MG-CORE-01,BR,BR-8160658584
TXN00003052,CLI000730,2023-03-19,FATURA,322.34,10,RJ-CORE-01,BR,BR-8421120053
TXN00003053,CLI000567,2023-07-02,AJUSTE,913.59,01,SP-CORE-01,BR,BR-7973263691
TXN00003054,CLI000401,2023-11-26,ESTORNO,-2867.89,00,SP-CORE-01,BR,BR-2663162195
TXN00003055,CLI000479,2023-09-29,FATURA,530.7,01,SP-CORE-01,BR,BR-9161487626
TXN00003056,CLI000133,2023-04-26,ESTORNO,1194.02,02,BA-CORE-01,BR,BR-9696467331
TXN00003057,CLI000038,2023-10-28,ESTORNO,-2808.77,00,MG-CORE-01,BR,BR-3770939734
TXN00003058,CLI000760,2023-02-20,ESTORNO,-2861.62,00,SP-CORE-02,BR,BR-1365725210
TXN00003059,CLI000061,2023-04-11,ESTORNO,-2304.66,02,SP-CORE-01,BR,BR-4253932355
TXN00003060,CLI000869,2023-12-29,FATURA,1417.04,02,BA-CORE-01,BR,BR-3240915480
TXN00003061,CLI000109,2023-05-03,FATURA,1748.42,00,BA-CORE-01,BR,BR-8518591825
TXN00003062,CLI000915,2023-04-14,FATURA,587.78,01,SP-CORE-01,BR,BR-1080161578
TXN00003063,CLI000430,2023-02-11,FATURA,331.34,02,SP-CORE-01,BR,BR-3284318901
TXN00003064,CLI000956,2023-09-01,ESTORNO,2850.25,01,SP-CORE-01,BR,BR-5133376765
TXN00003065,CLI000727,2023-01-24,PAGAMENTO,2736.75,00,MG-CORE-01,BR,BR-1883925729
TXN00003066,CLI000674,2023-09-17,FATURA,919.13,02,MG-CORE-01,BR,BR-7784127397
TXN00003067,CLI000692,2023-01-05,ESTORNO,-2207.83,00,SP-CORE-02,BR,BR-6671208652
TXN00003068,CLI001083,2023-12-28,AJUSTE,435.44,10,SP-CORE-02,BR,BR-3529276291
TXN00003069,CLI000116,2023-09-25,PAGAMENTO,2611.48,10,SP-CORE-02,BR,BR-5010849996
TXN00003070,CLI000057,2023-08-28,AJUSTE,409.59,10,SP-CORE-01,BR,BR-6755069588
TXN00003071,CLI000787,2023-11-12,FATURA,1655.54,01,SP-CORE-02,BR,BR-6070243272
TXN00003072,CLI000465,2023-09-04,ESTORNO,-1726.63,00,BA-CORE-01,BR,BR-7562288074
TXN00003073,CLI000588,2023-08-18,FATURA,3076.51,00,SP-CORE-01,BR,BR-6935691971
TXN00003074,CLI001026,2023-12-11,FATURA,2535.33,02,RJ-CORE-01,BR,BR-1390949767
TXN00003075,CLI000277,2023-01-08,FATURA,610.61,02,RJ-CORE-01,BR,BR-5208149330
TXN00003076,CLI001199,2023-07-22,AJUSTE,3374.75,01,SP-CORE-01,BR,BR-3326924276
TXN00003077,CLI000934,2023-07-16,FATURA,2116.58,10,BA-CORE-01,BR,BR-2225576343
TXN00003078,CLI000731,2023-07-23,ESTORNO,2339.01,00,MG-CORE-01,BR,BR-6079524369
TXN00003079,CLI000747,2023-08-12,FATURA,2176.71,00,SP-CORE-02,BR,BR-4299843529
TXN00003080,CLI000298,2023-02-15,AJUSTE,1140.05,00,MG-CORE-01,BR,BR-5957368810
TXN00003081,CLI000746,2023-02-07,PAGAMENTO,35.35,00,SP-CORE-02,BR,BR-9384483661
TXN00003082,CLI000434,2023-11-29,FATURA,1838.93,02,SP-CORE-02,BR,BR-3914601601
TXN00003083,CLI000591,2023-11-14,FATURA,1892.91,01,BA-CORE-01,BR,BR-9842967148
TXN00003084,CLI000871,2023-09-15,ESTORNO,249.54,00,SP-CORE-01,BR,BR-9422960595
TXN00003085,CLI000207,2023-01-08,FATURA,1121.05,01,SP-CORE-01,BR,BR-1779355497
TXN00003086,CLI000828,2023-02-06,ESTORNO,1332.16,02,BA-CORE-01,BR,BR-4063602860
TXN00003087,CLI001127,2023-04-29,AJUSTE,2343.76,02,SP-CORE-02,BR,BR-6574972074
TXN00003088,CLI001022,2023-02-17,FATURA,30.93,00,SP-CORE-01,BR,BR-5719070490
TXN00003089,CLI001199,2023-05-13,PAGAMENTO,2695.1,01,MG-CORE-01,BR,BR-5906830717
TXN00003090,CLI000658,2023-03-04,PAGAMENTO,1133.8,01,BA-CORE-01,BR,BR-9130420445
TXN00003091,CLI000675,2023-03-12,FATURA,1920.11,00,MG-CORE-01,BR,BR-6402786641
TXN00003092,CLI001038,2023-03-10,FATURA,835.05,02,BA-CORE-01,BR,BR-4863329536
TXN00003093,CLI000946,2023-06-24,FATURA,1280.74,01,MG-CORE-01,BR,BR-1222814829
TXN00003094,CLI000600,2023-04-27,AJUSTE,2575.54,00,SP-CORE-02,BR,BR-6310688903
TXN00003095,CLI000290,2023-07-09,PAGAMENTO,2705.52,10,MG-CORE-01,BR,BR-7461440081
TXN00003096,CLI000417,2023-07-03,FATURA,245.01,00,SP-CORE-01,BR,BR-5077457518
TXN00003097,CLI000985,2023-09-14,FATURA,1634.18,02,MG-CORE-01,BR,BR-2156581143
TXN00003098,CLI000997,2023-09-04,AJUSTE,2332.74,00,SP-CORE-02,BR,BR-6662211914
TXN00003099,CLI000150,2023-06-07,ESTORNO,-3425.88,00,SP-CORE-02,BR,BR-7670604282
TXN00003100,CLI001153,2023-09-15,ESTORNO,-2966.43,10,SP-CORE-02,BR,BR-5576108188
TXN00003101,CLI000303,2023-06-20,AJUSTE,176037.26,4F,SANTOS-PORT-07,PA,OFFSHORE-582386AN
TXN00003102,CLI000854,2023-04-06,PAGAMENTO,1951.4,02,SP-CORE-01,BR,BR-7679328037
TXN00003103,CLI000295,2023-05-09,PAGAMENTO,493.65,10,MG-CORE-01,BR,BR-1179495626
TXN00003104,CLI001124,2023-02-04,PAGAMENTO,3011.64,01,RJ-CORE-01,BR,BR-8785245482
TXN00003105,CLI000257,2023-09-01,PAGAMENTO,1473.14,01,RJ-CORE-01,BR,BR-7960982010
TXN00003106,CLI000833,2023-09-28,AJUSTE,1520.71,10,BA-CORE-01,BR,BR-1718898818
TXN00003107,CLI000362,2023-05-15,FATURA,1819.2,10,BA-CORE-01,BR,BR-9254114170
TXN00003108,CLI000013,2023-12-22,FATURA,1184.44,02,SP-CORE-02,BR,BR-8215535604
TXN00003109,CLI000857,2023-01-14,ESTORNO,-334302.54,9A,SANTOS-PORT-07,LU,OFFSHORE-398554LU
TXN00003110,CLI000019,2023-06-17,FATURA,2094.71,10,MG-CORE-01,BR,BR-8334747974
TXN00003111,CLI000971,2023-04-09,ESTORNO,-2392.7,02,MG-CORE-01,BR,BR-2172582522
TXN00003112,CLI000894,2023-09-13,PAGAMENTO,2493.17,02,RJ-CORE-01,BR,BR-6676393078
TXN00003113,CLI001080,2023-10-28,FATURA,340651.57,9A,SANTOS-PORT-07,KY,OFFSHORE-807156GO
TXN00003114,CLI000267,2023-03-17,ESTORNO,392678.94,4F,SANTOS-PORT-07,KY,OFFSHORE-337504TL
TXN00003115,CLI000988,2023-04-16,PAGAMENTO,647.31,01,SP-CORE-02,BR,BR-3602866012
TXN00003116,CLI000873,2023-02-24,FATURA,2670.29,10,RJ-CORE-01,BR,BR-1030646323
TXN00003117,CLI000323,2023-09-09,FATURA,391.0,01,SP-CORE-01,BR,BR-8037029503
TXN00003118,CLI000768,2023-02-28,ESTORNO,-1025.55,10,BA-CORE-01,BR,BR-7443849558
TXN00003119,CLI000367,2023-02-23,AJUSTE,2927.7,00,SP-CORE-02,BR,BR-1753890647
TXN00003120,CLI000029,2023-01-16,AJUSTE,3146.74,10,BA-CORE-01,BR,BR-3526147677
TXN00003121,CLI000159,2023-05-17,FATURA,661.66,10,RJ-CORE-01,BR,BR-4203931525
TXN00003122,CLI000040,2023-08-05,FATURA,1921.36,00,MG-CORE-01,BR,BR-5842278898
TXN00003123,CLI000702,2023-02-11,AJUSTE,1412.22,01,MG-CORE-01,BR,BR-4674254156
TXN00003124,CLI000847,2023-01-17,FATURA,1033.39,01,SP-CORE-02,BR,BR-2178229686
TXN00003125,CLI000459,2023-04-04,PAGAMENTO,903.24,02,MG-CORE-01,BR,BR-7934038104
TXN00003126,CLI000495,2023-08-14,FATURA,576.49,02,MG-CORE-01,BR,BR-9087861217
TXN00003127,CLI000533,2023-10-04,FATURA,793.58,00,MG-CORE-01,BR,BR-3791857792
TXN00003128,CLI000449,2023-03-22,FATURA,3085.8,02,SP-CORE-01,BR,BR-6682238587
TXN00003129,CLI001108,2023-03-07,AJUSTE,1627.82,01,MG-CORE-01,BR,BR-7042485962
TXN00003130,CLI000713,2023-03-23,FATURA,3133.93,00,MG-CORE-01,BR,BR-7521028542
TXN00003131,CLI000882,2023-06-02,FATURA,3412.79,10,SP-CORE-01,BR,BR-7423444503
TXN00003132,CLI000341,2023-08-20,PAGAMENTO,1395.06,02,SP-CORE-02,BR,BR-4097617527
TXN00003133,CLI000766,2023-07-02,ESTORNO,3420.76,10,RJ-CORE-01,BR,BR-5496678921
TXN00003134,CLI000858,2023-08-20,FATURA,2535.3,10,RJ-CORE-01,BR,BR-9239428735
TXN00003135,CLI001118,2023-07-06,PAGAMENTO,2642.31,00,SP-CORE-02,BR,BR-7581652053
TXN00003136,CLI000096,2023-12-07,FATURA,2507.74,00,BA-CORE-01,BR,BR-2358248920
TXN00003137,CLI000067,2023-04-06,AJUSTE,2705.33,02,RJ-CORE-01,BR,BR-2683021116
TXN00003138,CLI000322,2023-05-13,ESTORNO,-1906.9,00,BA-CORE-01,BR,BR-2437550554
TXN00003139,CLI000138,2023-04-09,ESTORNO,-880.49,01,SP-CORE-01,BR,BR-4468928756
TXN00003140,CLI000233,2023-03-20,FATURA,2837.36,02,RJ-CORE-01,BR,BR-8256557537
TXN00003141,CLI001190,2023-06-22,AJUSTE,1007.21,00,SP-CORE-02,BR,BR-5113615245
TXN00003142,CLI000604,2023-12-22,ESTORNO,2746.12,01,SP-CORE-02,BR,BR-4938464506
TXN00003143,CLI001101,2023-07-21,AJUSTE,3218.59,10,SP-CORE-02,BR,BR-1845579519
TXN00003144,CLI000552,2023-06-27,FATURA,1983.87,01,SP-CORE-01,BR,BR-6708976350
TXN00003145,CLI000805,2023-02-16,ESTORNO,582.69,00,MG-CORE-01,BR,BR-9859848037
TXN00003146,CLI001017,2023-11-10,ESTORNO,-2111.98,01,SP-CORE-01,BR,BR-3685620292
TXN00003147,CLI000762,2023-04-12,PAGAMENTO,281.88,10,RJ-CORE-01,BR,BR-5414679868
TXN00003148,CLI000550,2023-03-23,ESTORNO,248.17,00,MG-CORE-01,BR,BR-9693114876
TXN00003149,CLI000201,2023-10-17,FATURA,726.96,10,RJ-CORE-01,BR,BR-9311022862
TXN00003150,CLI000987,2023-04-03,AJUSTE,1396.42,00,SP-CORE-02,BR,BR-8904919892
TXN00003151,CLI000310,2023-04-29,ESTORNO,-2534.46,01,MG-CORE-01,BR,BR-2061516500
TXN00003152,CLI000872,2023-05-09,PAGAMENTO,1353.17,01,SP-CORE-01,BR,BR-3033995711
TXN00003153,CLI001170,2023-08-18,FATURA,2834.11,01,SP-CORE-01,BR,BR-9412993371
TXN00003154,CLI000554,2023-12-04,AJUSTE,2601.56,02,RJ-CORE-01,BR,BR-4575635519
TXN00003155,CLI000472,2023-04-08,FATURA,598.43,00,SP-CORE-01,BR,BR-8823857581
TXN00003156,CLI000286,2023-07-01,ESTORNO,54.57,00,RJ-CORE-01,BR,BR-1536125194
TXN00003157,CLI001060,2023-10-25,FATURA,2246.67,02,SP-CORE-02,BR,BR-5185555500
TXN00003158,CLI000955,2023-09-06,PAGAMENTO,3212.29,10,SP-CORE-02,BR,BR-4937258287
TXN00003159,CLI000192,2023-07-11,AJUSTE,2429.64,02,SP-CORE-02,BR,BR-6915867055
TXN00003160,CLI000370,2023-12-29,AJUSTE,2868.86,02,BA-CORE-01,BR,BR-3977974275
TXN00003161,CLI000884,2023-06-04,FATURA,2705.38,10,MG-CORE-01,BR,BR-4361440027
TXN00003162,CLI000349,2023-11-21,PAGAMENTO,1350.07,01,SP-CORE-02,BR,BR-8741193643
TXN00003163,CLI000957,2023-07-01,PAGAMENTO,351.56,00,SP-CORE-02,BR,BR-5530283542
TXN00003164,CLI001087,2023-08-10,ESTORNO,976.78,02,BA-CORE-01,BR,BR-2854734360
TXN00003165,CLI000277,2023-10-05,AJUSTE,617.85,02,MG-CORE-01,BR,BR-9829550644
TXN00003166,CLI000257,2023-03-30,PAGAMENTO,82.6,02,MG-CORE-01,BR,BR-5519178084
TXN00003167,CLI000165,2023-07-05,AJUSTE,1081.9,01,RJ-CORE-01,BR,BR-8945385914
TXN00003168,CLI000018,2023-03-28,PAGAMENTO,1952.96,01,SP-CORE-02,BR,BR-2725215636
TXN00003169,CLI000916,2023-10-01,FATURA,658.06,10,SP-CORE-02,BR,BR-2765695439
TXN00003170,CLI000186,2023-10-10,AJUSTE,1450.94,02,SP-CORE-02,BR,BR-3680094643
TXN00003171,CLI001167,2023-03-25,AJUSTE,874.98,02,SP-CORE-01,BR,BR-7242353778
TXN00003172,CLI000808,2023-11-01,AJUSTE,59.83,00,BA-CORE-01,BR,BR-5729952677
TXN00003173,CLI000001,2023-12-22,AJUSTE,1562.98,01,MG-CORE-01,BR,BR-5406516541
TXN00003174,CLI000380,2023-06-25,ESTORNO,-2901.55,00,BA-CORE-01,BR,BR-7516379744
TXN00003175,CLI000154,2023-09-02,FATURA,2929.12,00,SP-CORE-01,BR,BR-3524639163
TXN00003176,CLI001104,2023-02-13,FATURA,2020.72,01,RJ-CORE-01,BR,BR-1463884781
TXN00003177,CLI000456,2023-03-10,AJUSTE,577.92,10,SP-CORE-01,BR,BR-9642713632
TXN00003178,CLI000295,2023-01-03,PAGAMENTO,2438.0,10,SP-CORE-01,BR,BR-4063597598
TXN00003179,CLI000820,2023-09-06,PAGAMENTO,2313.58,02,MG-CORE-01,BR,BR-4611120314
TXN00003180,CLI000266,2023-12-17,FATURA,2624.3,00,MG-CORE-01,BR,BR-7480667587
TXN00003181,CLI001173,2023-05-25,PAGAMENTO,779.99,02,SP-CORE-01,BR,BR-6821360946
TXN00003182,CLI000872,2023-04-27,ESTORNO,-1631.34,01,RJ-CORE-01,BR,BR-7961501559
TXN00003183,CLI000235,2023-04-25,AJUSTE,2363.07,01,SP-CORE-02,BR,BR-1798534963
TXN00003184,CLI000892,2023-11-26,FATURA,3280.26,02,RJ-CORE-01,BR,BR-1189282613
TXN00003185,CLI000590,2023-03-12,ESTORNO,-3286.65,00,MG-CORE-01,BR,BR-5843351966
TXN00003186,CLI001072,2023-04-11,FATURA,1619.99,10,MG-CORE-01,BR,BR-7805471449
TXN00003187,CLI000599,2023-09-02,ESTORNO,3329.56,00,MG-CORE-01,BR,BR-6831464530
TXN00003188,CLI000970,2023-11-16,AJUSTE,3411.88,02,MG-CORE-01,BR,BR-1625453276
TXN00003189,CLI001013,2023-06-24,ESTORNO,368.3,10,SP-CORE-01,BR,BR-7311556508
TXN00003190,CLI000588,2023-03-30,AJUSTE,1063.23,01,SP-CORE-01,BR,BR-7886247727
TXN00003191,CLI000345,2023-08-16,AJUSTE,1090.63,02,SP-CORE-01,BR,BR-6545077429
TXN00003192,CLI000797,2023-05-18,AJUSTE,1221.82,02,SP-CORE-02,BR,BR-5167282477
TXN00003193,CLI001098,2023-08-18,ESTORNO,2004.55,00,SP-CORE-02,BR,BR-1621053924
TXN00003194,CLI000576,2023-04-26,ESTORNO,1337.18,01,MG-CORE-01,BR,BR-5529503814
TXN00003195,CLI000025,2023-03-30,PAGAMENTO,708.55,10,RJ-CORE-01,BR,BR-2476678923
TXN00003196,CLI000549,2023-11-01,FATURA,1199.38,02,RJ-CORE-01,BR,BR-5194081855
TXN00003197,CLI000033,2023-02-16,AJUSTE,1380.04,02,SP-CORE-02,BR,BR-5588759271
TXN00003198,CLI000537,2023-10-25,FATURA,2737.92,10,BA-CORE-01,BR,BR-8268862104
TXN00003199,CLI000455,2023-01-26,PAGAMENTO,1080.44,10,SP-CORE-01,BR,BR-6581875190
TXN00003200,CLI000937,2023-09-16,PAGAMENTO,3347.52,02,RJ-CORE-01,BR,BR-2411408078
TXN00003201,CLI000720,2023-07-22,FATURA,2552.54,00,BA-CORE-01,BR,BR-5745285588
TXN00003202,CLI000479,2023-05-12,PAGAMENTO,3138.42,10,SP-CORE-02,BR,BR-4910752537
TXN00003203,CLI000179,2023-10-11,PAGAMENTO,3237.66,00,RJ-CORE-01,BR,BR-3130006033
TXN00003204,CLI000342,2023-09-22,ESTORNO,-2617.98,00,SP-CORE-01,BR,BR-4951170613
TXN00003205,CLI000931,2023-01-06,FATURA,2724.21,02,RJ-CORE-01,BR,BR-3743483601
TXN00003206,CLI000878,2023-01-11,PAGAMENTO,1029.39,01,RJ-CORE-01,BR,BR-3977359647
TXN00003207,CLI000547,2023-06-22,FATURA,3150.0,01,SP-CORE-02,BR,BR-1915422939
TXN00003208,CLI000990,2023-10-31,PAGAMENTO,1792.0,01,SP-CORE-01,BR,BR-8793873887
TXN00003209,CLI001123,2023-12-07,PAGAMENTO,754.25,10,MG-CORE-01,BR,BR-2614528899
TXN00003210,CLI001177,2023-04-04,AJUSTE,2577.44,10,MG-CORE-01,BR,BR-2719329399
TXN00003211,CLI000447,2023-02-11,ESTORNO,-2157.79,10,BA-CORE-01,BR,BR-5323852618
TXN00003212,CLI001173,2023-12-13,ESTORNO,2100.33,00,MG-CORE-01,BR,BR-1042486233
TXN00003213,CLI001032,2023-04-15,PAGAMENTO,1080.29,01,BA-CORE-01,BR,BR-2537111540
TXN00003214,CLI000620,2023-07-24,PAGAMENTO,103.76,02,RJ-CORE-01,BR,BR-3382382306
TXN00003215,CLI001149,2023-03-13,AJUSTE,2902.96,10,SP-CORE-01,BR,BR-5906579123
TXN00003216,CLI000834,2023-12-25,PAGAMENTO,2681.65,10,MG-CORE-01,BR,BR-2891538480
TXN00003217,CLI000334,2023-04-16,PAGAMENTO,670.13,00,SP-CORE-01,BR,BR-2545798406
TXN00003218,CLI000165,2023-08-31,FATURA,686.97,01,BA-CORE-01,BR,BR-5188921469
TXN00003219,CLI000418,2023-09-09,AJUSTE,437.59,01,MG-CORE-01,BR,BR-1855226225
TXN00003220,CLI000631,2023-08-26,AJUSTE,334.72,00,BA-CORE-01,BR,BR-2220204027
TXN00003221,CLI001097,2023-03-29,ESTORNO,-1430.18,02,SP-CORE-02,BR,BR-6043513610
TXN00003222,CLI000040,2023-02-14,AJUSTE,2367.51,01,RJ-CORE-01,BR,BR-2056408479
TXN00003223,CLI000780,2023-05-25,FATURA,1268.6,10,MG-CORE-01,BR,BR-1841760174
TXN00003224,CLI000754,2023-02-02,AJUSTE,2166.92,10,SP-CORE-02,BR,BR-1434608701
TXN00003225,CLI000570,2023-11-07,ESTORNO,1866.15,02,SP-CORE-02,BR,BR-5884423780
TXN00003226,CLI000229,2023-01-28,AJUSTE,2446.86,00,MG-CORE-01,BR,BR-4801095574
TXN00003227,CLI000556,2023-08-30,PAGAMENTO,1766.95,00,MG-CORE-01,BR,BR-6197929962
TXN00003228,CLI000518,2023-12-14,AJUSTE,416.36,00,SP-CORE-01,BR,BR-2959379885
TXN00003229,CLI000920,2023-12-01,AJUSTE,1798.29,02,SP-CORE-01,BR,BR-4053473268
TXN00003230,CLI000088,2023-02-28,FATURA,1676.32,01,MG-CORE-01,BR,BR-1508924953
TXN00003231,CLI000931,2023-01-25,PAGAMENTO,728.48,00,BA-CORE-01,BR,BR-1814502461
TXN00003232,CLI001127,2023-07-25,AJUSTE,542.77,01,BA-CORE-01,BR,BR-7582272381
TXN00003233,CLI000669,2023-11-30,AJUSTE,3048.01,02,RJ-CORE-01,BR,BR-8277194571
TXN00003234,CLI001040,2023-12-05,FATURA,2980.29,10,SP-CORE-02,BR,BR-3732213159
TXN00003235,CLI001106,2023-10-17,ESTORNO,-659.8,10,RJ-CORE-01,BR,BR-4955723270
TXN00003236,CLI000226,2023-08-05,FATURA,3280.97,00,BA-CORE-01,BR,BR-3522545423
TXN00003237,CLI000068,2023-08-30,AJUSTE,1433.38,01,SP-CORE-01,BR,BR-5933057363
TXN00003238,CLI000359,2023-01-09,AJUSTE,855.57,00,MG-CORE-01,BR,BR-2061594170
TXN00003239,CLI000448,2023-04-10,PAGAMENTO,2360.36,02,RJ-CORE-01,BR,BR-3100198814
TXN00003240,CLI000993,2023-11-01,ESTORNO,1347.57,01,RJ-CORE-01,BR,BR-4123723470
TXN00003241,CLI000333,2023-02-11,FATURA,641.68,02,SP-CORE-02,BR,BR-8665078769
TXN00003242,CLI000320,2023-04-21,ESTORNO,-230894.09,9A,SANTOS-PORT-07,PA,OFFSHORE-496903ZV
TXN00003243,CLI000546,2023-08-23,AJUSTE,1287.53,00,SP-CORE-02,BR,BR-6166847778
TXN00003244,CLI000772,2023-07-27,PAGAMENTO,2883.75,00,SP-CORE-02,BR,BR-4707279480
TXN00003245,CLI000652,2023-01-01,PAGAMENTO,478.87,02,SP-CORE-02,BR,BR-2700377445
TXN00003246,CLI000871,2023-12-20,AJUSTE,1093.02,02,RJ-CORE-01,BR,BR-6609223166
TXN00003247,CLI000498,2023-09-14,ESTORNO,2643.57,10,RJ-CORE-01,BR,BR-9111943073
TXN00003248,CLI001168,2023-12-26,PAGAMENTO,966.48,01,SP-CORE-01,BR,BR-3454017128
TXN00003249,CLI000842,2023-09-13,PAGAMENTO,885.72,02,RJ-CORE-01,BR,BR-6901746164
TXN00003250,CLI000781,2023-04-12,AJUSTE,3363.34,01,MG-CORE-01,BR,BR-3364602747
TXN00003251,CLI000151,2023-08-26,PAGAMENTO,2123.03,10,RJ-CORE-01,BR,BR-5655865464
TXN00003252,CLI000104,2023-07-10,AJUSTE,2043.54,10,SP-CORE-02,BR,BR-2510002930
TXN00003253,CLI001155,2023-04-06,ESTORNO,2124.82,10,SP-CORE-02,BR,BR-3508098662
TXN00003254,CLI001166,2023-01-06,AJUSTE,1355.73,10,SP-CORE-01,BR,BR-7962682393
TXN00003255,CLI000317,2023-04-01,PAGAMENTO,678.22,02,MG-CORE-01,BR,BR-7125062918
TXN00003256,CLI001055,2023-04-21,AJUSTE,1135.74,10,MG-CORE-01,BR,BR-7303083491
TXN00003257,CLI000026,2023-12-30,PAGAMENTO,1744.1,01,RJ-CORE-01,BR,BR-7051406106
TXN00003258,CLI000516,2023-03-04,ESTORNO,879.77,01,SP-CORE-01,BR,BR-8750287671
TXN00003259,CLI000317,2023-02-18,AJUSTE,1159.25,01,BA-CORE-01,BR,BR-6656559654
TXN00003260,CLI000610,2023-07-26,AJUSTE,54.26,00,SP-CORE-01,BR,BR-2642270644
TXN00003261,CLI000138,2023-12-01,FATURA,3426.53,10,MG-CORE-01,BR,BR-6066196226
TXN00003262,CLI000616,2023-11-30,ESTORNO,-2321.45,00,RJ-CORE-01,BR,BR-6299089429
TXN00003263,CLI001114,2023-01-09,FATURA,730.36,10,RJ-CORE-01,BR,BR-3771778007
TXN00003264,CLI000609,2023-03-09,PAGAMENTO,135.44,10,RJ-CORE-01,BR,BR-5648952124
TXN00003265,CLI000675,2023-12-08,AJUSTE,3290.58,01,RJ-CORE-01,BR,BR-3764474604
TXN00003266,CLI000064,2023-01-29,AJUSTE,1824.69,01,RJ-CORE-01,BR,BR-8670267393
TXN00003267,CLI001145,2023-08-07,PAGAMENTO,1509.81,00,BA-CORE-01,BR,BR-4979742135
TXN00003268,CLI001094,2023-03-06,PAGAMENTO,3205.5,00,RJ-CORE-01,BR,BR-1422663925
TXN00003269,CLI000919,2023-01-03,AJUSTE,316.41,02,SP-CORE-02,BR,BR-5601407544
TXN00003270,CLI000984,2023-07-29,PAGAMENTO,369.75,10,BA-CORE-01,BR,BR-9754351898
TXN00003271,CLI000508,2023-11-30,AJUSTE,3205.42,02,SP-CORE-01,BR,BR-6155277595
TXN00003272,CLI000398,2023-09-09,ESTORNO,916.54,01,RJ-CORE-01,BR,BR-6709047877
TXN00003273,CLI000107,2023-12-05,PAGAMENTO,2172.98,10,SP-CORE-01,BR,BR-2178816289
TXN00003274,CLI000717,2023-09-08,PAGAMENTO,1745.62,01,SP-CORE-01,BR,BR-5286358927
TXN00003275,CLI000684,2023-04-26,FATURA,1478.27,01,SP-CORE-01,BR,BR-9213620437
TXN00003276,CLI000942,2023-10-30,FATURA,710.0,10,SP-CORE-02,BR,BR-6581198987
TXN00003277,CLI000564,2023-04-08,FATURA,1057.98,01,RJ-CORE-01,BR,BR-8826756941
TXN00003278,CLI000884,2023-05-27,PAGAMENTO,1933.83,00,RJ-CORE-01,BR,BR-3814528616
TXN00003279,CLI000646,2023-08-16,FATURA,2629.28,10,SP-CORE-02,BR,BR-2707272205
TXN00003280,CLI000157,2023-01-03,FATURA,2427.56,10,MG-CORE-01,BR,BR-4217519234
TXN00003281,CLI000490,2023-08-30,FATURA,2211.96,02,SP-CORE-01,BR,BR-3037696779
TXN00003282,CLI000786,2023-10-03,AJUSTE,2083.95,00,RJ-CORE-01,BR,BR-8548926007
TXN00003283,CLI001043,2023-05-11,AJUSTE,148.9,00,BA-CORE-01,BR,BR-7276670087
TXN00003284,CLI000926,2023-06-26,FATURA,1225.18,00,SP-CORE-01,BR,BR-4401248572
TXN00003285,CLI000240,2023-05-19,ESTORNO,2519.73,10,RJ-CORE-01,BR,BR-6101762091
TXN00003286,CLI000584,2023-01-25,PAGAMENTO,2270.21,10,SP-CORE-01,BR,BR-8292602216
TXN00003287,CLI000639,2023-10-28,FATURA,170957.08,9A,SANTOS-PORT-07,PA,OFFSHORE-459090GO
TXN00003288,CLI001119,2023-10-04,FATURA,981.49,00,SP-CORE-02,BR,BR-4960579149
TXN00003289,CLI000784,2023-04-02,AJUSTE,303.39,00,SP-CORE-02,BR,BR-9018466673
TXN00003290,CLI000762,2023-03-24,PAGAMENTO,2689.79,00,SP-CORE-02,BR,BR-9504774466
TXN00003291,CLI001107,2023-12-17,PAGAMENTO,3320.85,00,MG-CORE-01,BR,BR-2677769486
TXN00003292,CLI000186,2023-03-19,FATURA,1383.26,01,BA-CORE-01,BR,BR-7590586868
TXN00003293,CLI000702,2023-05-25,PAGAMENTO,2428.33,01,SP-CORE-02,BR,BR-6103875769
TXN00003294,CLI000615,2023-03-09,PAGAMENTO,716.3,01,BA-CORE-01,BR,BR-5761565487
TXN00003295,CLI001144,2023-01-11,ESTORNO,-1770.92,00,MG-CORE-01,BR,BR-9137862629
TXN00003296,CLI000190,2023-01-22,PAGAMENTO,2096.1,00,SP-CORE-01,BR,BR-1400469224
TXN00003297,CLI000198,2023-04-24,ESTORNO,-294.44,01,SP-CORE-02,BR,BR-3374716512
TXN00003298,CLI000818,2023-10-03,ESTORNO,-979.36,02,BA-CORE-01,BR,BR-3098578259
TXN00003299,CLI000067,2023-04-06,AJUSTE,2310.33,00,BA-CORE-01,BR,BR-1801836494
TXN00003300,CLI000964,2023-08-21,ESTORNO,-2799.55,01,SP-CORE-02,BR,BR-9430997415
TXN00003301,CLI000607,2023-09-01,FATURA,1681.38,02,RJ-CORE-01,BR,BR-2218987399
TXN00003302,CLI000403,2023-12-24,PAGAMENTO,3355.86,00,BA-CORE-01,BR,BR-6295864025
TXN00003303,CLI001173,2023-08-16,FATURA,2632.49,02,MG-CORE-01,BR,BR-5595526656
TXN00003304,CLI000271,2023-05-05,ESTORNO,2026.5,10,MG-CORE-01,BR,BR-5541726840
TXN00003305,CLI000476,2023-04-03,PAGAMENTO,883.73,10,SP-CORE-01,BR,BR-3227076636
TXN00003306,CLI000034,2023-03-12,FATURA,2626.66,00,BA-CORE-01,BR,BR-6032953124
TXN00003307,CLI000796,2023-07-11,AJUSTE,1711.84,10,SP-CORE-01,BR,BR-7059602873
TXN00003308,CLI000086,2023-01-25,PAGAMENTO,1170.64,00,MG-CORE-01,BR,BR-1475641654
TXN00003309,CLI000265,2023-07-22,PAGAMENTO,850.7,00,RJ-CORE-01,BR,BR-7599015485
TXN00003310,CLI001117,2023-11-28,FATURA,2223.84,02,SP-CORE-01,BR,BR-5590302102
TXN00003311,CLI000338,2023-01-06,FATURA,3011.34,00,BA-CORE-01,BR,BR-4718151021
TXN00003312,CLI000048,2023-05-02,FATURA,2244.05,01,RJ-CORE-01,BR,BR-6178343325
TXN00003313,CLI000751,2023-06-23,ESTORNO,570.12,01,MG-CORE-01,BR,BR-3039164674
TXN00003314,CLI000102,2023-02-27,AJUSTE,2019.18,01,MG-CORE-01,BR,BR-9328604121
TXN00003315,CLI000605,2023-01-23,PAGAMENTO,483.01,10,RJ-CORE-01,BR,BR-3523258748
TXN00003316,CLI001141,2023-05-12,ESTORNO,-2843.39,01,SP-CORE-01,BR,BR-8236315216
TXN00003317,CLI001142,2023-12-22,ESTORNO,-1012.89,02,SP-CORE-02,BR,BR-2183009989
TXN00003318,CLI001085,2023-11-19,FATURA,1972.49,10,RJ-CORE-01,BR,BR-5907824721
TXN00003319,CLI000832,2023-05-26,AJUSTE,3104.38,02,RJ-CORE-01,BR,BR-4468468836
TXN00003320,CLI001011,2023-03-27,AJUSTE,2097.97,02,SP-CORE-02,BR,BR-7553503798
TXN00003321,CLI000481,2023-01-27,PAGAMENTO,1115.84,10,MG-CORE-01,BR,BR-9071271723
TXN00003322,CLI000867,2023-02-22,PAGAMENTO,2841.79,01,RJ-CORE-01,BR,BR-7271530837
TXN00003323,CLI000832,2023-08-18,FATURA,56.49,10,SP-CORE-02,BR,BR-3474471345
TXN00003324,CLI000748,2023-03-09,FATURA,704.66,00,RJ-CORE-01,BR,BR-4166639491
TXN00003325,CLI000904,2023-02-06,FATURA,1323.12,01,SP-CORE-01,BR,BR-7254789317
TXN00003326,CLI000193,2023-12-14,AJUSTE,2545.91,00,MG-CORE-01,BR,BR-6572499854
TXN00003327,CLI000368,2023-08-05,ESTORNO,-207.81,10,BA-CORE-01,BR,BR-6047128978
TXN00003328,CLI001162,2023-06-04,ESTORNO,-281.19,01,BA-CORE-01,BR,BR-2070025912
TXN00003329,CLI000656,2023-01-29,ESTORNO,-2489.6,02,RJ-CORE-01,BR,BR-8444226103
TXN00003330,CLI000164,2023-10-26,PAGAMENTO,209.36,10,SP-CORE-01,BR,BR-7261324224
TXN00003331,CLI000440,2023-08-11,PAGAMENTO,3376.19,02,MG-CORE-01,BR,BR-3442183999
TXN00003332,CLI000399,2023-06-19,PAGAMENTO,1371.43,00,BA-CORE-01,BR,BR-5061696296
TXN00003333,CLI000767,2023-11-07,ESTORNO,1742.24,10,MG-CORE-01,BR,BR-4738939076
TXN00003334,CLI000182,2023-01-26,PAGAMENTO,2706.55,01,MG-CORE-01,BR,BR-4935462811
TXN00003335,CLI000738,2023-05-06,ESTORNO,-2997.27,00,BA-CORE-01,BR,BR-7414480314
TXN00003336,CLI000982,2023-09-08,PAGAMENTO,861.8,01,SP-CORE-02,BR,BR-3374360561
TXN00003337,CLI000082,2023-12-16,AJUSTE,483.75,10,RJ-CORE-01,BR,BR-9569818605
TXN00003338,CLI000809,2023-10-15,AJUSTE,3227.03,02,SP-CORE-02,BR,BR-6695183060
TXN00003339,CLI000900,2023-07-12,PAGAMENTO,2168.24,01,RJ-CORE-01,BR,BR-2936755326
TXN00003340,CLI000693,2023-05-02,PAGAMENTO,2184.38,01,SP-CORE-02,BR,BR-2085624355
TXN00003341,CLI000193,2023-01-24,AJUSTE,495.58,01,SP-CORE-01,BR,BR-3173530799
TXN00003342,CLI000359,2023-12-19,ESTORNO,-3470.68,00,MG-CORE-01,BR,BR-2984994253
TXN00003343,CLI001076,2023-05-31,ESTORNO,501.28,02,MG-CORE-01,BR,BR-9904306832
TXN00003344,CLI000173,2023-11-08,AJUSTE,51.64,10,RJ-CORE-01,BR,BR-8515059507
TXN00003345,CLI000907,2023-05-18,ESTORNO,2421.35,01,MG-CORE-01,BR,BR-6932017991
TXN00003346,CLI000255,2023-08-12,ESTORNO,1998.01,00,SP-CORE-02,BR,BR-8498830090
TXN00003347,CLI000438,2023-01-02,FATURA,2513.84,10,RJ-CORE-01,BR,BR-4675517676
TXN00003348,CLI001010,2023-04-05,AJUSTE,2711.63,10,SP-CORE-02,BR,BR-2703703278
TXN00003349,CLI001037,2023-08-28,PAGAMENTO,1644.68,01,SP-CORE-01,BR,BR-5341083932
TXN00003350,CLI000908,2023-07-23,FATURA,1418.3,02,MG-CORE-01,BR,BR-4939073335
TXN00003351,CLI000071,2023-04-17,FATURA,1963.62,00,SP-CORE-02,BR,BR-8510506350
TXN00003352,CLI000077,2023-11-11,ESTORNO,-1109.91,02,SP-CORE-02,BR,BR-7376992353
TXN00003353,CLI000554,2023-12-29,PAGAMENTO,1055.34,00,SP-CORE-02,BR,BR-1293076437
TXN00003354,CLI001037,2023-12-12,FATURA,2275.05,10,MG-CORE-01,BR,BR-9375265373
TXN00003355,CLI000005,2023-08-08,AJUSTE,1597.98,01,RJ-CORE-01,BR,BR-5897361184
TXN00003356,CLI000391,2023-03-23,PAGAMENTO,68.0,00,SP-CORE-02,BR,BR-8818673092
TXN00003357,CLI000580,2023-11-21,ESTORNO,2967.38,10,RJ-CORE-01,BR,BR-4614483566
TXN00003358,CLI000214,2023-05-17,PAGAMENTO,1116.41,10,BA-CORE-01,BR,BR-9667528031
TXN00003359,CLI000569,2023-10-28,AJUSTE,2452.46,10,BA-CORE-01,BR,BR-1431709168
TXN00003360,CLI000646,2023-05-12,FATURA,2103.62,10,SP-CORE-01,BR,BR-2263341689
TXN00003361,CLI000894,2023-01-08,ESTORNO,3036.38,01,SP-CORE-02,BR,BR-2678685838
TXN00003362,CLI000208,2023-04-21,ESTORNO,463.91,01,BA-CORE-01,BR,BR-9923160916
TXN00003363,CLI000591,2023-02-21,AJUSTE,566.18,00,SP-CORE-01,BR,BR-4279590011
TXN00003364,CLI000895,2023-04-27,ESTORNO,895.14,00,SP-CORE-01,BR,BR-8204305733
TXN00003365,CLI000354,2023-03-12,AJUSTE,3185.47,02,MG-CORE-01,BR,BR-5954229656
TXN00003366,CLI000132,2023-06-24,AJUSTE,1403.97,10,BA-CORE-01,BR,BR-2537971916
TXN00003367,CLI001120,2023-03-07,AJUSTE,733.5,10,SP-CORE-01,BR,BR-6223395333
TXN00003368,CLI000410,2023-02-04,ESTORNO,1370.01,00,MG-CORE-01,BR,BR-3992485680
TXN00003369,CLI001178,2023-10-22,ESTORNO,2255.67,10,RJ-CORE-01,BR,BR-4852628125
TXN00003370,CLI000552,2023-07-20,ESTORNO,105.26,02,BA-CORE-01,BR,BR-6619209856
TXN00003371,CLI000911,2023-04-09,PAGAMENTO,3094.91,01,SP-CORE-01,BR,BR-9815056399
TXN00003372,CLI000122,2023-04-14,AJUSTE,1394.5,00,SP-CORE-01,BR,BR-1020039169
TXN00003373,CLI000203,2023-08-02,AJUSTE,311.19,10,SP-CORE-02,BR,BR-8612441673
TXN00003374,CLI000833,2023-06-15,PAGAMENTO,1260.02,02,MG-CORE-01,BR,BR-4294730573
TXN00003375,CLI000735,2023-06-19,ESTORNO,1757.43,10,RJ-CORE-01,BR,BR-4989253906
TXN00003376,CLI000883,2023-06-30,PAGAMENTO,367.57,01,RJ-CORE-01,BR,BR-2024522901
TXN00003377,CLI000850,2023-01-03,ESTORNO,-43.83,10,BA-CORE-01,BR,BR-1392501735
TXN00003378,CLI000784,2023-05-30,AJUSTE,2397.86,02,SP-CORE-01,BR,BR-2811113558
TXN00003379,CLI000533,2023-05-11,ESTORNO,1151.33,01,SP-CORE-02,BR,BR-5248970908
TXN00003380,CLI000295,2023-09-20,FATURA,2068.77,10,RJ-CORE-01,BR,BR-3873116056
TXN00003381,CLI000478,2023-04-14,AJUSTE,1861.91,10,SP-CORE-01,BR,BR-4789389791
TXN00003382,CLI000837,2023-08-29,ESTORNO,3038.08,00,MG-CORE-01,BR,BR-1717462505
TXN00003383,CLI000435,2023-01-24,AJUSTE,3089.0,02,RJ-CORE-01,BR,BR-6700029200
TXN00003384,CLI001096,2023-02-01,PAGAMENTO,623.29,02,SP-CORE-01,BR,BR-7621562469
TXN00003385,CLI000552,2023-01-16,AJUSTE,3441.26,02,SP-CORE-01,BR,BR-9327611847
TXN00003386,CLI000993,2023-10-26,FATURA,2700.15,00,BA-CORE-01,BR,BR-1518849078
TXN00003387,CLI000551,2023-03-11,PAGAMENTO,2945.63,02,SP-CORE-02,BR,BR-1918178072
TXN00003388,CLI000612,2023-04-18,FATURA,1281.77,02,BA-CORE-01,BR,BR-6826450975
TXN00003389,CLI001044,2023-01-22,ESTORNO,-1634.85,02,MG-CORE-01,BR,BR-1745698933
TXN00003390,CLI000039,2023-10-21,FATURA,1140.1,01,BA-CORE-01,BR,BR-2358241431
TXN00003391,CLI000514,2023-10-27,ESTORNO,-2902.79,00,SP-CORE-02,BR,BR-2671543978
TXN00003392,CLI001087,2023-03-17,ESTORNO,-2284.34,00,SP-CORE-02,BR,BR-2970427638
TXN00003393,CLI000640,2023-06-20,AJUSTE,1831.63,00,MG-CORE-01,BR,BR-9873472374
TXN00003394,CLI000586,2023-01-21,AJUSTE,811.2,10,MG-CORE-01,BR,BR-8795730263
TXN00003395,CLI000137,2023-08-24,PAGAMENTO,1281.76,02,SP-CORE-01,BR,BR-2584756879
TXN00003396,CLI001026,2023-05-17,PAGAMENTO,3477.14,01,SP-CORE-02,BR,BR-6233679020
TXN00003397,CLI000218,2023-11-07,AJUSTE,1133.6,10,BA-CORE-01,BR,BR-7867090481
TXN00003398,CLI000064,2023-03-23,PAGAMENTO,871.53,01,SP-CORE-02,BR,BR-6031378588
TXN00003399,CLI000985,2023-10-08,ESTORNO,-1331.07,02,SP-CORE-02,BR,BR-5119022697
TXN00003400,CLI000373,2023-09-22,ESTORNO,-750.06,10,SP-CORE-02,BR,BR-7871377065
TXN00003401,CLI001085,2023-12-03,AJUSTE,3383.79,00,RJ-CORE-01,BR,BR-8285619035
TXN00003402,CLI000782,2023-08-28,FATURA,1902.27,01,RJ-CORE-01,BR,BR-3979507921
TXN00003403,CLI000048,2023-06-24,ESTORNO,1979.68,10,BA-CORE-01,BR,BR-2426129087
TXN00003404,CLI000971,2023-03-20,PAGAMENTO,839.77,10,SP-CORE-02,BR,BR-3070734230
TXN00003405,CLI000467,2023-08-19,FATURA,2193.86,00,SP-CORE-02,BR,BR-2439265956
TXN00003406,CLI000648,2023-12-14,PAGAMENTO,2899.79,00,SP-CORE-01,BR,BR-7807681712
TXN00003407,CLI000955,2023-10-05,ESTORNO,-2204.35,10,SP-CORE-01,BR,BR-5245063515
TXN00003408,CLI000862,2023-10-25,PAGAMENTO,1143.9,02,SP-CORE-01,BR,BR-1999034756
TXN00003409,CLI000082,2023-06-10,PAGAMENTO,1112.28,00,BA-CORE-01,BR,BR-4851638315
TXN00003410,CLI000133,2023-04-18,PAGAMENTO,1630.44,00,RJ-CORE-01,BR,BR-2326494754
TXN00003411,CLI000800,2023-09-10,ESTORNO,2116.8,02,RJ-CORE-01,BR,BR-8464280728
TXN00003412,CLI001128,2023-07-27,AJUSTE,2897.17,01,BA-CORE-01,BR,BR-4252345725
TXN00003413,CLI000981,2023-07-30,PAGAMENTO,734.66,00,SP-CORE-02,BR,BR-3661875683
TXN00003414,CLI000235,2023-02-10,PAGAMENTO,545.26,10,SP-CORE-01,BR,BR-1257367403
TXN00003415,CLI000205,2023-11-20,FATURA,2977.04,00,BA-CORE-01,BR,BR-6903534019
TXN00003416,CLI000275,2023-10-18,AJUSTE,2271.7,10,SP-CORE-01,BR,BR-2273950560
TXN00003417,CLI000076,2023-11-29,FATURA,2899.77,00,MG-CORE-01,BR,BR-5946387490
TXN00003418,CLI000301,2023-01-25,FATURA,1602.29,01,SP-CORE-02,BR,BR-1162808124
TXN00003419,CLI001048,2023-07-18,AJUSTE,1945.41,01,SP-CORE-02,BR,BR-9357475916
TXN00003420,CLI000648,2023-12-05,PAGAMENTO,1077.18,10,SP-CORE-01,BR,BR-2411712184
TXN00003421,CLI000848,2023-08-04,FATURA,1728.09,10,BA-CORE-01,BR,BR-6489511283
TXN00003422,CLI000906,2023-04-08,AJUSTE,1197.35,10,SP-CORE-01,BR,BR-4266296360
TXN00003423,CLI000675,2023-02-21,AJUSTE,2685.48,01,SP-CORE-01,BR,BR-9493587758
TXN00003424,CLI000192,2023-11-20,ESTORNO,-168.62,02,MG-CORE-01,BR,BR-1101762093
TXN00003425,CLI000574,2023-11-13,PAGAMENTO,2120.19,01,BA-CORE-01,BR,BR-6717762282
TXN00003426,CLI000632,2023-01-23,ESTORNO,-1102.91,01,SP-CORE-01,BR,BR-2040451458
TXN00003427,CLI000661,2023-01-27,PAGAMENTO,2286.87,00,SP-CORE-02,BR,BR-3316326341
TXN00003428,CLI000806,2023-04-12,FATURA,1414.08,10,SP-CORE-01,BR,BR-4090238502
TXN00003429,CLI000915,2023-01-20,FATURA,2048.07,10,MG-CORE-01,BR,BR-2381420377
TXN00003430,CLI000874,2023-03-14,FATURA,827.78,02,RJ-CORE-01,BR,BR-1025953043
TXN00003431,CLI000475,2023-05-15,ESTORNO,-1453.81,10,BA-CORE-01,BR,BR-9031016497
TXN00003432,CLI000447,2023-08-07,PAGAMENTO,3339.15,00,SP-CORE-01,BR,BR-1826632812
TXN00003433,CLI000427,2023-11-10,AJUSTE,1131.16,01,MG-CORE-01,BR,BR-1877118282
TXN00003434,CLI000329,2023-07-01,FATURA,2046.38,10,RJ-CORE-01,BR,BR-1394103590
TXN00003435,CLI001146,2023-12-06,AJUSTE,1548.35,00,BA-CORE-01,BR,BR-5002105043
TXN00003436,CLI000755,2023-12-30,AJUSTE,151.36,00,RJ-CORE-01,BR,BR-5630681326
TXN00003437,CLI000186,2023-11-25,ESTORNO,-140560.64,9A,SANTOS-PORT-07,KY,OFFSHORE-662776XO
TXN00003438,CLI000507,2023-07-10,PAGAMENTO,260.02,02,RJ-CORE-01,BR,BR-8451459487
TXN00003439,CLI000598,2023-07-19,PAGAMENTO,103.4,10,SP-CORE-02,BR,BR-4265568728
TXN00003440,CLI000708,2023-08-30,PAGAMENTO,2487.39,10,SP-CORE-02,BR,BR-8703275529
TXN00003441,CLI000236,2023-10-06,ESTORNO,1006.36,00,MG-CORE-01,BR,BR-6933150768
TXN00003442,CLI000340,2023-02-02,PAGAMENTO,1558.0,02,SP-CORE-01,BR,BR-4668083380
TXN00003443,CLI000148,2023-09-20,FATURA,2332.13,10,BA-CORE-01,BR,BR-9252919252
TXN00003444,CLI000120,2023-02-20,ESTORNO,-813.18,02,RJ-CORE-01,BR,BR-4120930408
TXN00003445,CLI000264,2023-10-15,ESTORNO,-727.82,10,MG-CORE-01,BR,BR-6400026847
TXN00003446,CLI000311,2023-10-02,AJUSTE,1429.64,01,SP-CORE-02,BR,BR-7286334202
TXN00003447,CLI000788,2023-11-21,PAGAMENTO,1230.63,00,BA-CORE-01,BR,BR-7243177797
TXN00003448,CLI000927,2023-03-01,AJUSTE,1961.25,01,MG-CORE-01,BR,BR-7897826389
TXN00003449,CLI000892,2023-03-05,PAGAMENTO,2107.25,10,MG-CORE-01,BR,BR-5603945749
TXN00003450,CLI000570,2023-01-01,FATURA,505.63,02,MG-CORE-01,BR,BR-3015449824
TXN00003451,CLI000551,2023-01-17,AJUSTE,487.81,01,SP-CORE-02,BR,BR-1814436678
TXN00003452,CLI001135,2023-02-07,FATURA,3150.76,01,MG-CORE-01,BR,BR-8410301978
TXN00003453,CLI000927,2023-08-04,AJUSTE,1719.01,00,SP-CORE-01,BR,BR-7405744932
TXN00003454,CLI000247,2023-06-17,FATURA,541.03,02,RJ-CORE-01,BR,BR-9270780160
TXN00003455,CLI000718,2023-05-31,ESTORNO,113.62,01,SP-CORE-02,BR,BR-9333460559
TXN00003456,CLI000630,2023-08-23,FATURA,1078.08,10,RJ-CORE-01,BR,BR-6897612430
TXN00003457,CLI001003,2023-07-12,AJUSTE,381015.76,9A,SANTOS-PORT-07,PA,OFFSHORE-633705PJ
TXN00003458,CLI000686,2023-07-14,AJUSTE,779.28,02,MG-CORE-01,BR,BR-3905225852
TXN00003459,CLI000539,2023-10-26,ESTORNO,-2657.61,01,MG-CORE-01,BR,BR-3771686437
TXN00003460,CLI000663,2023-06-02,FATURA,2135.34,00,SP-CORE-02,BR,BR-3925158297
TXN00003461,CLI000427,2023-04-02,FATURA,2605.47,02,RJ-CORE-01,BR,BR-2092158809
TXN00003462,CLI000370,2023-05-28,ESTORNO,-3240.25,02,BA-CORE-01,BR,BR-4614283282
TXN00003463,CLI000136,2023-10-21,AJUSTE,80293.64,4F,SANTOS-PORT-07,KY,OFFSHORE-611952AD
TXN00003464,CLI000406,2023-07-04,ESTORNO,-980.46,00,RJ-CORE-01,BR,BR-8508849470
TXN00003465,CLI001078,2023-07-03,AJUSTE,342.93,02,BA-CORE-01,BR,BR-8297188067
TXN00003466,CLI000017,2023-10-29,PAGAMENTO,2887.17,01,SP-CORE-01,BR,BR-3111935339
TXN00003467,CLI000892,2023-01-08,ESTORNO,-2049.41,02,SP-CORE-02,BR,BR-1416056343
TXN00003468,CLI001029,2023-02-18,PAGAMENTO,1808.14,00,BA-CORE-01,BR,BR-2850914417
TXN00003469,CLI000640,2023-01-31,FATURA,367.67,10,SP-CORE-02,BR,BR-6052605096
TXN00003470,CLI000469,2023-10-26,AJUSTE,313.39,00,SP-CORE-01,BR,BR-1576951818
TXN00003471,CLI000996,2023-09-04,PAGAMENTO,1881.32,01,SP-CORE-01,BR,BR-3089378173
TXN00003472,CLI001075,2023-10-08,FATURA,1607.25,00,BA-CORE-01,BR,BR-5768436968
TXN00003473,CLI001123,2023-08-05,ESTORNO,-1068.15,02,MG-CORE-01,BR,BR-1912995701
TXN00003474,CLI000763,2023-03-15,FATURA,3025.76,01,SP-CORE-02,BR,BR-1863034397
TXN00003475,CLI000379,2023-04-02,ESTORNO,-2479.42,01,SP-CORE-01,BR,BR-4220863567
TXN00003476,CLI000039,2023-01-28,AJUSTE,663.87,10,RJ-CORE-01,BR,BR-6119106378
TXN00003477,CLI000056,2023-03-12,ESTORNO,605.33,00,SP-CORE-01,BR,BR-9038527558
TXN00003478,CLI000525,2023-07-29,PAGAMENTO,1691.79,00,RJ-CORE-01,BR,BR-3733461689
TXN00003479,CLI000512,2023-10-29,ESTORNO,-1991.04,00,SP-CORE-01,BR,BR-5637747791
TXN00003480,CLI000077,2023-09-23,AJUSTE,509.46,01,SP-CORE-02,BR,BR-5663076330
TXN00003481,CLI000097,2023-06-13,FATURA,827.73,01,SP-CORE-02,BR,BR-5830470599
TXN00003482,CLI000155,2023-07-13,ESTORNO,506.64,00,SP-CORE-01,BR,BR-5570972363
TXN00003483,CLI001180,2023-04-17,FATURA,910.97,02,SP-CORE-02,BR,BR-9717351872
TXN00003484,CLI001059,2023-04-09,FATURA,812.83,01,RJ-CORE-01,BR,BR-6303340258
TXN00003485,CLI000521,2023-03-01,PAGAMENTO,2792.19,01,SP-CORE-02,BR,BR-4266466941
TXN00003486,CLI001026,2023-07-30,ESTORNO,-2383.88,02,SP-CORE-02,BR,BR-1040830454
TXN00003487,CLI000877,2023-06-02,PAGAMENTO,2708.35,02,BA-CORE-01,BR,BR-5102611752
TXN00003488,CLI000549,2023-03-30,FATURA,937.71,10,MG-CORE-01,BR,BR-1179784541
TXN00003489,CLI000930,2023-01-28,AJUSTE,2559.3,02,SP-CORE-02,BR,BR-4400697308
TXN00003490,CLI001127,2023-11-17,PAGAMENTO,3169.09,01,RJ-CORE-01,BR,BR-7382004228
TXN00003491,CLI000189,2023-04-01,ESTORNO,2183.97,01,RJ-CORE-01,BR,BR-8545878040
TXN00003492,CLI001153,2023-12-19,ESTORNO,637.92,10,MG-CORE-01,BR,BR-7890723343
TXN00003493,CLI000505,2023-05-17,FATURA,1717.98,10,SP-CORE-02,BR,BR-6740439400
TXN00003494,CLI000546,2023-11-14,FATURA,3208.11,10,RJ-CORE-01,BR,BR-7006388717
TXN00003495,CLI000327,2023-07-09,PAGAMENTO,782.73,10,BA-CORE-01,BR,BR-3623404941
TXN00003496,CLI000478,2023-08-15,ESTORNO,2725.54,02,MG-CORE-01,BR,BR-9483870638
TXN00003497,CLI000695,2023-04-17,ESTORNO,1972.95,10,SP-CORE-02,BR,BR-9044806328
TXN00003498,CLI000309,2023-03-20,AJUSTE,1027.93,10,MG-CORE-01,BR,BR-4462904162
TXN00003499,CLI000857,2023-02-22,ESTORNO,1198.87,00,SP-CORE-02,BR,BR-5308215823
TXN00003500,CLI000436,2023-11-17,AJUSTE,1923.74,01,RJ-CORE-01,BR,BR-4973004177
TXN00003501,CLI000208,2023-07-30,ESTORNO,-1928.88,10,SP-CORE-02,BR,BR-9700231170
TXN00003502,CLI001119,2023-10-03,PAGAMENTO,531.96,10,BA-CORE-01,BR,BR-7574002953
TXN00003503,CLI000208,2023-08-01,FATURA,354.71,01,BA-CORE-01,BR,BR-6362428326
TXN00003504,CLI000502,2023-09-21,PAGAMENTO,2302.11,10,SP-CORE-01,BR,BR-9030957760
TXN00003505,CLI000121,2023-09-12,FATURA,2826.28,10,SP-CORE-02,BR,BR-7506506106
TXN00003506,CLI001099,2023-12-20,PAGAMENTO,597.84,00,SP-CORE-01,BR,BR-3835659453
TXN00003507,CLI000792,2023-09-04,PAGAMENTO,3357.06,00,BA-CORE-01,BR,BR-2383767931
TXN00003508,CLI000403,2023-10-21,ESTORNO,-743.86,01,SP-CORE-01,BR,BR-8017020095
TXN00003509,CLI000337,2023-08-15,ESTORNO,1401.07,02,RJ-CORE-01,BR,BR-4751372582
TXN00003510,CLI000223,2023-12-26,PAGAMENTO,1051.95,10,SP-CORE-02,BR,BR-8455260207
TXN00003511,CLI000810,2023-03-13,PAGAMENTO,2623.22,02,SP-CORE-01,BR,BR-8206651996
TXN00003512,CLI000785,2023-09-16,ESTORNO,2965.75,00,SP-CORE-01,BR,BR-7376034192
TXN00003513,CLI001128,2023-10-18,ESTORNO,-1621.37,10,MG-CORE-01,BR,BR-4410033885
TXN00003514,CLI000798,2023-04-22,AJUSTE,1163.66,00,SP-CORE-01,BR,BR-6791050254
TXN00003515,CLI000506,2023-03-28,FATURA,1237.67,00,SP-CORE-01,BR,BR-6947922164
TXN00003516,CLI000557,2023-10-27,ESTORNO,-137.93,00,SP-CORE-02,BR,BR-3607791648
TXN00003517,CLI000561,2023-09-01,AJUSTE,3213.39,10,MG-CORE-01,BR,BR-4057767497
TXN00003518,CLI000146,2023-05-25,FATURA,178.65,02,SP-CORE-01,BR,BR-1136346958
TXN00003519,CLI001115,2023-09-10,PAGAMENTO,2109.72,00,SP-CORE-01,BR,BR-5669015536
TXN00003520,CLI000171,2023-02-23,FATURA,1413.59,02,BA-CORE-01,BR,BR-3004903816
TXN00003521,CLI001085,2023-01-25,FATURA,2972.5,01,SP-CORE-01,BR,BR-9145012813
TXN00003522,CLI000149,2023-08-02,PAGAMENTO,3241.89,10,BA-CORE-01,BR,BR-5101913760
TXN00003523,CLI001028,2023-05-07,FATURA,1036.08,00,SP-CORE-02,BR,BR-3322150992
TXN00003524,CLI000153,2023-06-04,ESTORNO,-1946.24,01,SP-CORE-01,BR,BR-2045206074
TXN00003525,CLI000205,2023-02-01,PAGAMENTO,2439.85,00,MG-CORE-01,BR,BR-4006086273
TXN00003526,CLI000203,2023-10-06,AJUSTE,1349.91,00,RJ-CORE-01,BR,BR-5747956127
TXN00003527,CLI000634,2023-09-11,FATURA,423.7,01,SP-CORE-01,BR,BR-1125506598
TXN00003528,CLI001067,2023-03-11,FATURA,1076.02,10,SP-CORE-01,BR,BR-2204127801
TXN00003529,CLI000613,2023-05-29,FATURA,340.21,01,BA-CORE-01,BR,BR-8383800349
TXN00003530,CLI000976,2023-03-11,ESTORNO,3182.06,00,BA-CORE-01,BR,BR-8155126397
TXN00003531,CLI001135,2023-09-09,ESTORNO,-1344.36,10,SP-CORE-02,BR,BR-3880210528
TXN00003532,CLI000228,2023-01-20,FATURA,3214.54,10,RJ-CORE-01,BR,BR-3858199245
TXN00003533,CLI000311,2023-03-04,PAGAMENTO,2742.95,02,SP-CORE-02,BR,BR-3112946882
TXN00003534,CLI000169,2023-06-28,FATURA,1008.18,00,SP-CORE-01,BR,BR-9867677356
TXN00003535,CLI000380,2023-04-22,ESTORNO,1173.61,10,BA-CORE-01,BR,BR-6769110814
TXN00003536,CLI000343,2023-02-04,PAGAMENTO,1434.69,02,RJ-CORE-01,BR,BR-8408939222
TXN00003537,CLI000745,2023-03-31,ESTORNO,-2656.66,10,RJ-CORE-01,BR,BR-2002305548
TXN00003538,CLI000566,2023-09-07,ESTORNO,2527.91,00,MG-CORE-01,BR,BR-2112800039
TXN00003539,CLI000453,2023-08-07,ESTORNO,1378.69,02,BA-CORE-01,BR,BR-2249734561
TXN00003540,CLI000713,2023-01-16,FATURA,1304.97,02,MG-CORE-01,BR,BR-1478384314
TXN00003541,CLI000919,2023-04-17,PAGAMENTO,1292.36,02,SP-CORE-02,BR,BR-5045892188
TXN00003542,CLI000830,2023-08-22,FATURA,563.1,10,SP-CORE-02,BR,BR-7755292104
TXN00003543,CLI000170,2023-01-14,ESTORNO,921.29,00,MG-CORE-01,BR,BR-4165038256
TXN00003544,CLI000775,2023-12-01,ESTORNO,3225.02,00,SP-CORE-02,BR,BR-2334871184
TXN00003545,CLI000008,2023-04-03,PAGAMENTO,927.16,10,SP-CORE-01,BR,BR-7114738485
TXN00003546,CLI000996,2023-07-29,PAGAMENTO,1904.4,00,RJ-CORE-01,BR,BR-8607593563
TXN00003547,CLI000394,2023-10-02,AJUSTE,509.7,10,MG-CORE-01,BR,BR-3537363541
TXN00003548,CLI000293,2023-03-04,FATURA,1242.09,01,SP-CORE-02,BR,BR-5752750352
TXN00003549,CLI001098,2023-04-03,AJUSTE,628.96,01,RJ-CORE-01,BR,BR-9629398996
TXN00003550,CLI000609,2023-08-30,ESTORNO,-1157.06,01,BA-CORE-01,BR,BR-8955834329
TXN00003551,CLI000927,2023-01-01,FATURA,969.76,00,BA-CORE-01,BR,BR-2356892801
TXN00003552,CLI000711,2023-04-27,FATURA,1318.13,00,SP-CORE-01,BR,BR-6235153847
TXN00003553,CLI001087,2023-06-10,FATURA,695.95,10,SP-CORE-02,BR,BR-8215463132
TXN00003554,CLI000737,2023-01-04,AJUSTE,2774.58,10,RJ-CORE-01,BR,BR-2217162916
TXN00003555,CLI000060,2023-10-12,PAGAMENTO,3432.29,10,BA-CORE-01,BR,BR-9737440352
TXN00003556,CLI000210,2023-10-04,AJUSTE,79.83,00,SP-CORE-01,BR,BR-6669955364
TXN00003557,CLI000259,2023-12-31,ESTORNO,3302.41,01,RJ-CORE-01,BR,BR-3957514493
TXN00003558,CLI000931,2023-12-02,FATURA,933.98,10,BA-CORE-01,BR,BR-7760158051
TXN00003559,CLI001138,2023-11-18,ESTORNO,468.55,00,SP-CORE-02,BR,BR-6221413488
TXN00003560,CLI000052,2023-01-12,AJUSTE,1361.63,02,MG-CORE-01,BR,BR-9446034734
TXN00003561,CLI000455,2023-08-26,AJUSTE,1962.92,00,SP-CORE-02,BR,BR-8774793517
TXN00003562,CLI001180,2023-05-09,PAGAMENTO,3260.45,01,MG-CORE-01,BR,BR-4078487866
TXN00003563,CLI000763,2023-06-13,FATURA,2853.84,02,RJ-CORE-01,BR,BR-4159917292
TXN00003564,CLI000002,2023-12-24,ESTORNO,2693.18,02,SP-CORE-02,BR,BR-4333061009
TXN00003565,CLI000314,2023-11-05,PAGAMENTO,3377.33,00,RJ-CORE-01,BR,BR-8974804213
TXN00003566,CLI000861,2023-01-08,PAGAMENTO,1332.87,00,MG-CORE-01,BR,BR-8419107020
TXN00003567,CLI000089,2023-05-04,PAGAMENTO,832.68,02,RJ-CORE-01,BR,BR-9682559090
TXN00003568,CLI000457,2023-07-24,FATURA,1127.85,10,MG-CORE-01,BR,BR-6979820993
TXN00003569,CLI000120,2023-12-06,PAGAMENTO,1969.28,02,BA-CORE-01,BR,BR-6975857369
TXN00003570,CLI000399,2023-07-03,AJUSTE,785.43,00,BA-CORE-01,BR,BR-9898412960
TXN00003571,CLI000606,2023-07-24,PAGAMENTO,2163.56,01,BA-CORE-01,BR,BR-8416354530
TXN00003572,CLI000019,2023-06-04,ESTORNO,1620.22,10,SP-CORE-02,BR,BR-4964528773
TXN00003573,CLI001050,2023-12-12,ESTORNO,-660.97,01,RJ-CORE-01,BR,BR-7648652474
TXN00003574,CLI000227,2023-01-17,FATURA,973.2,10,SP-CORE-02,BR,BR-1417984375
TXN00003575,CLI000693,2023-06-25,ESTORNO,-878.17,10,BA-CORE-01,BR,BR-6600955228
TXN00003576,CLI001154,2023-08-23,ESTORNO,1000.62,00,MG-CORE-01,BR,BR-3811631556
TXN00003577,CLI000126,2023-01-08,PAGAMENTO,584.29,01,RJ-CORE-01,BR,BR-3478872199
TXN00003578,CLI000597,2023-04-20,AJUSTE,791.25,01,BA-CORE-01,BR,BR-7367038689
TXN00003579,CLI000286,2023-04-03,ESTORNO,3259.59,00,RJ-CORE-01,BR,BR-4853522356
TXN00003580,CLI000892,2023-04-26,PAGAMENTO,180.39,00,SP-CORE-02,BR,BR-1900939604
TXN00003581,CLI000204,2023-04-05,PAGAMENTO,3168.78,00,MG-CORE-01,BR,BR-3797045905
TXN00003582,CLI000619,2023-06-01,PAGAMENTO,3330.45,01,SP-CORE-02,BR,BR-4686932034
TXN00003583,CLI000494,2023-07-28,FATURA,1634.76,01,SP-CORE-01,BR,BR-9515634004
TXN00003584,CLI000812,2023-07-27,AJUSTE,1350.93,01,MG-CORE-01,BR,BR-1241941984
TXN00003585,CLI000473,2023-03-06,AJUSTE,2871.54,00,SP-CORE-02,BR,BR-3035280879
TXN00003586,CLI000310,2023-09-14,AJUSTE,177.15,02,SP-CORE-01,BR,BR-5059015523
TXN00003587,CLI000491,2023-08-03,FATURA,351.36,00,SP-CORE-01,BR,BR-8398297717
TXN00003588,CLI000998,2023-04-19,AJUSTE,1320.38,01,MG-CORE-01,BR,BR-2052271302
TXN00003589,CLI001192,2023-11-06,FATURA,235.04,00,SP-CORE-01,BR,BR-1510253039
TXN00003590,CLI000576,2023-08-09,ESTORNO,-366.09,01,SP-CORE-02,BR,BR-6998543735
TXN00003591,CLI000634,2023-02-02,PAGAMENTO,1809.15,02,RJ-CORE-01,BR,BR-8495577948
TXN00003592,CLI000586,2023-08-19,FATURA,2036.2,01,SP-CORE-02,BR,BR-6936078258
TXN00003593,CLI000960,2023-04-22,ESTORNO,495.77,01,SP-CORE-01,BR,BR-7206735763
TXN00003594,CLI000594,2023-10-01,PAGAMENTO,2693.96,02,RJ-CORE-01,BR,BR-1049832004
TXN00003595,CLI000606,2023-05-28,PAGAMENTO,2935.78,10,SP-CORE-01,BR,BR-1500911893
TXN00003596,CLI000877,2023-04-11,ESTORNO,2378.32,00,SP-CORE-01,BR,BR-5819174770
TXN00003597,CLI000965,2023-12-31,PAGAMENTO,1509.48,00,RJ-CORE-01,BR,BR-1966088651
TXN00003598,CLI000658,2023-02-04,PAGAMENTO,455.08,01,BA-CORE-01,BR,BR-7354397094
TXN00003599,CLI000320,2023-10-08,PAGAMENTO,211.21,00,BA-CORE-01,BR,BR-3546395964
TXN00003600,CLI001121,2023-05-06,AJUSTE,260.98,00,MG-CORE-01,BR,BR-6944062423
TXN00003601,CLI000687,2023-01-13,PAGAMENTO,1364.61,10,MG-CORE-01,BR,BR-8313199661
TXN00003602,CLI000729,2023-03-11,AJUSTE,546.07,10,SP-CORE-01,BR,BR-1537886416
TXN00003603,CLI001050,2023-02-06,AJUSTE,3044.14,10,BA-CORE-01,BR,BR-2396847823
TXN00003604,CLI000312,2023-08-01,ESTORNO,-787.93,10,SP-CORE-01,BR,BR-3308592457
TXN00003605,CLI000504,2023-04-09,ESTORNO,95.08,00,SP-CORE-02,BR,BR-4009663602
TXN00003606,CLI000532,2023-05-05,AJUSTE,2466.58,00,SP-CORE-02,BR,BR-7571676457
TXN00003607,CLI000428,2023-06-26,PAGAMENTO,2106.04,10,MG-CORE-01,BR,BR-9864519004
TXN00003608,CLI001135,2023-09-03,AJUSTE,2647.28,02,SP-CORE-01,BR,BR-3799033030
TXN00003609,CLI000699,2023-12-16,AJUSTE,1749.32,02,BA-CORE-01,BR,BR-1503911634
TXN00003610,CLI000063,2023-09-26,AJUSTE,505.32,00,SP-CORE-01,BR,BR-3985929521
TXN00003611,CLI000377,2023-06-30,PAGAMENTO,589.56,10,MG-CORE-01,BR,BR-9612801012
TXN00003612,CLI000296,2023-08-16,PAGAMENTO,3032.98,01,RJ-CORE-01,BR,BR-2349891418
TXN00003613,CLI000510,2023-04-04,PAGAMENTO,3477.11,02,RJ-CORE-01,BR,BR-1168118608
TXN00003614,CLI000962,2023-07-07,PAGAMENTO,2360.79,02,MG-CORE-01,BR,BR-3469954227
TXN00003615,CLI000328,2023-05-14,PAGAMENTO,1860.69,02,BA-CORE-01,BR,BR-3803069611
TXN00003616,CLI000045,2023-05-23,AJUSTE,2853.23,02,RJ-CORE-01,BR,BR-9967122592
TXN00003617,CLI001163,2023-07-28,ESTORNO,2196.65,02,SP-CORE-01,BR,BR-4234405592
TXN00003618,CLI000112,2023-06-17,PAGAMENTO,1353.11,02,SP-CORE-01,BR,BR-6577349701
TXN00003619,CLI000474,2023-03-06,PAGAMENTO,2632.41,10,MG-CORE-01,BR,BR-6031997439
TXN00003620,CLI000552,2023-12-26,ESTORNO,-95.81,10,BA-CORE-01,BR,BR-3826772991
TXN00003621,CLI000761,2023-02-07,AJUSTE,475.85,00,RJ-CORE-01,BR,BR-6361566970
TXN00003622,CLI000946,2023-04-06,FATURA,532.76,01,RJ-CORE-01,BR,BR-7588919626
TXN00003623,CLI000281,2023-05-27,FATURA,3189.26,10,BA-CORE-01,BR,BR-9576178517
TXN00003624,CLI000472,2023-03-01,ESTORNO,-3026.79,02,SP-CORE-01,BR,BR-3192968846
TXN00003625,CLI000911,2023-02-17,AJUSTE,1038.27,01,SP-CORE-02,BR,BR-3954638206
TXN00003626,CLI000809,2023-12-22,AJUSTE,215.23,02,RJ-CORE-01,BR,BR-1192137756
TXN00003627,CLI000404,2023-07-24,PAGAMENTO,2685.46,10,SP-CORE-01,BR,BR-1157771113
TXN00003628,CLI000411,2023-11-19,PAGAMENTO,784.59,01,BA-CORE-01,BR,BR-5903423844
TXN00003629,CLI000101,2023-02-27,FATURA,254.43,01,SP-CORE-02,BR,BR-3371125304
TXN00003630,CLI001113,2023-09-15,ESTORNO,3215.01,01,MG-CORE-01,BR,BR-7836656538
TXN00003631,CLI001181,2023-04-15,AJUSTE,3475.12,01,MG-CORE-01,BR,BR-2191405559
TXN00003632,CLI000831,2023-01-12,PAGAMENTO,3315.55,01,BA-CORE-01,BR,BR-2812540682
TXN00003633,CLI000688,2023-11-23,PAGAMENTO,318.56,01,MG-CORE-01,BR,BR-7656549104
TXN00003634,CLI000759,2023-11-07,ESTORNO,-3212.39,10,BA-CORE-01,BR,BR-6414555491
TXN00003635,CLI000299,2023-05-24,PAGAMENTO,1997.54,00,SP-CORE-01,BR,BR-5996418672
TXN00003636,CLI000002,2023-11-15,ESTORNO,-1306.18,00,BA-CORE-01,BR,BR-2958796094
TXN00003637,CLI000974,2023-02-25,FATURA,3148.25,02,MG-CORE-01,BR,BR-9352596797
TXN00003638,CLI001073,2023-09-29,ESTORNO,-2509.58,00,BA-CORE-01,BR,BR-8200622923
TXN00003639,CLI000126,2023-05-27,FATURA,908.38,00,SP-CORE-01,BR,BR-1875155003
TXN00003640,CLI000438,2023-05-04,ESTORNO,-242.28,10,MG-CORE-01,BR,BR-3772707308
TXN00003641,CLI000978,2023-04-08,ESTORNO,1838.09,00,RJ-CORE-01,BR,BR-8363485082
TXN00003642,CLI000025,2023-08-23,ESTORNO,1132.62,00,SP-CORE-02,BR,BR-5999526932
TXN00003643,CLI000917,2023-07-26,FATURA,1816.79,02,MG-CORE-01,BR,BR-4528606855
TXN00003644,CLI000074,2023-09-07,FATURA,2945.97,10,BA-CORE-01,BR,BR-8678474092
TXN00003645,CLI001080,2023-11-08,FATURA,149.46,10,SP-CORE-01,BR,BR-2627543095
TXN00003646,CLI000750,2023-09-05,AJUSTE,2462.01,10,SP-CORE-01,BR,BR-2062994474
TXN00003647,CLI001165,2023-08-06,PAGAMENTO,3433.72,10,SP-CORE-01,BR,BR-2160179042
TXN00003648,CLI000848,2023-07-17,PAGAMENTO,1546.12,01,SP-CORE-02,BR,BR-3282647005
TXN00003649,CLI001099,2023-09-01,FATURA,3046.85,02,SP-CORE-01,BR,BR-2747112232
TXN00003650,CLI000713,2023-07-11,AJUSTE,679.78,02,BA-CORE-01,BR,BR-5677108385
TXN00003651,CLI000506,2023-06-17,PAGAMENTO,1550.27,01,BA-CORE-01,BR,BR-9200146508
TXN00003652,CLI000291,2023-05-03,ESTORNO,-3456.11,01,RJ-CORE-01,BR,BR-8636756590
TXN00003653,CLI000089,2023-08-28,FATURA,3170.87,10,RJ-CORE-01,BR,BR-4427802090
TXN00003654,CLI001123,2023-12-15,FATURA,1169.27,02,MG-CORE-01,BR,BR-2175304017
TXN00003655,CLI000311,2023-11-06,PAGAMENTO,3044.14,00,SP-CORE-02,BR,BR-5715645840
TXN00003656,CLI000881,2023-04-15,ESTORNO,568.41,10,SP-CORE-02,BR,BR-6249418877
TXN00003657,CLI000656,2023-05-11,AJUSTE,1121.96,02,SP-CORE-01,BR,BR-5087876256
TXN00003658,CLI000489,2023-09-23,AJUSTE,1309.75,02,MG-CORE-01,BR,BR-1530443469
TXN00003659,CLI001156,2023-10-06,FATURA,1645.56,01,SP-CORE-01,BR,BR-9055262383
TXN00003660,CLI001138,2023-03-06,PAGAMENTO,3103.28,00,MG-CORE-01,BR,BR-8760139014
TXN00003661,CLI000248,2023-09-05,AJUSTE,2780.89,10,MG-CORE-01,BR,BR-1206000737
TXN00003662,CLI000126,2023-03-13,ESTORNO,-1130.26,10,BA-CORE-01,BR,BR-8524236872
TXN00003663,CLI000290,2023-08-15,FATURA,3177.75,01,SP-CORE-01,BR,BR-6070949719
TXN00003664,CLI000107,2023-03-14,ESTORNO,693.25,02,MG-CORE-01,BR,BR-7024341290
TXN00003665,CLI000875,2023-12-04,ESTORNO,1702.33,10,MG-CORE-01,BR,BR-3543952630
TXN00003666,CLI000748,2023-12-14,FATURA,2037.09,10,SP-CORE-01,BR,BR-2112658672
TXN00003667,CLI000607,2023-06-29,PAGAMENTO,2706.14,10,MG-CORE-01,BR,BR-4063268031
TXN00003668,CLI000399,2023-11-07,FATURA,2140.71,10,BA-CORE-01,BR,BR-3824211316
TXN00003669,CLI000577,2023-05-17,ESTORNO,75.95,02,SP-CORE-02,BR,BR-5907730882
TXN00003670,CLI000411,2023-12-12,AJUSTE,1341.92,02,SP-CORE-02,BR,BR-2148345015
TXN00003671,CLI000028,2023-03-07,AJUSTE,2935.5,00,RJ-CORE-01,BR,BR-4339458019
TXN00003672,CLI000863,2023-01-11,PAGAMENTO,1279.22,02,MG-CORE-01,BR,BR-2966178433
TXN00003673,CLI000077,2023-02-28,FATURA,1184.32,00,SP-CORE-01,BR,BR-6526848362
TXN00003674,CLI000063,2023-01-23,FATURA,260.96,01,MG-CORE-01,BR,BR-9386423260
TXN00003675,CLI000689,2023-03-10,FATURA,1416.61,01,RJ-CORE-01,BR,BR-6277501644
TXN00003676,CLI000592,2023-10-12,PAGAMENTO,3216.43,01,SP-CORE-02,BR,BR-6607773451
TXN00003677,CLI000221,2023-07-03,AJUSTE,1732.15,00,BA-CORE-01,BR,BR-8604576329
TXN00003678,CLI001035,2023-10-20,ESTORNO,-1422.16,00,RJ-CORE-01,BR,BR-4630302254
TXN00003679,CLI000047,2023-11-21,PAGAMENTO,1367.94,02,SP-CORE-02,BR,BR-3725915610
TXN00003680,CLI000835,2023-02-16,AJUSTE,-428692.16,4F,SANTOS-PORT-07,PA,OFFSHORE-160930CX
TXN00003681,CLI001104,2023-07-06,PAGAMENTO,528.96,01,RJ-CORE-01,BR,BR-8362261450
TXN00003682,CLI000081,2023-05-16,ESTORNO,-3006.92,01,MG-CORE-01,BR,BR-8514766634
TXN00003683,CLI000802,2023-12-19,FATURA,3084.42,01,SP-CORE-01,BR,BR-3616466630
TXN00003684,CLI000177,2023-02-14,FATURA,1078.6,10,SP-CORE-01,BR,BR-7903616825
TXN00003685,CLI001015,2023-10-14,FATURA,2684.6,02,SP-CORE-02,BR,BR-5143128978
TXN00003686,CLI000481,2023-07-25,FATURA,3341.17,01,SP-CORE-01,BR,BR-1966662179
TXN00003687,CLI000412,2023-08-04,ESTORNO,2960.65,01,MG-CORE-01,BR,BR-5617615454
TXN00003688,CLI000108,2023-02-15,FATURA,3176.62,00,SP-CORE-01,BR,BR-4605233923
TXN00003689,CLI001089,2023-02-03,AJUSTE,1944.59,00,SP-CORE-01,BR,BR-7501225367
TXN00003690,CLI000133,2023-03-30,FATURA,1853.01,01,RJ-CORE-01,BR,BR-5090885943
TXN00003691,CLI000472,2023-10-06,ESTORNO,3085.12,01,BA-CORE-01,BR,BR-7110545602
TXN00003692,CLI000182,2023-05-15,FATURA,2477.84,10,MG-CORE-01,BR,BR-2628199646
TXN00003693,CLI000288,2023-08-02,AJUSTE,1390.8,00,BA-CORE-01,BR,BR-5781301505
TXN00003694,CLI000621,2023-12-12,AJUSTE,2230.46,00,RJ-CORE-01,BR,BR-5801195339
TXN00003695,CLI000452,2023-12-24,PAGAMENTO,3435.25,10,SP-CORE-01,BR,BR-6579926978
TXN00003696,CLI000501,2023-02-15,FATURA,146.45,02,BA-CORE-01,BR,BR-6555733635
TXN00003697,CLI001032,2023-11-10,FATURA,1525.62,01,BA-CORE-01,BR,BR-1915111272
TXN00003698,CLI000477,2023-03-13,ESTORNO,349.43,00,RJ-CORE-01,BR,BR-7738124846
TXN00003699,CLI000831,2023-07-28,PAGAMENTO,2572.39,02,SP-CORE-01,BR,BR-3097088483
TXN00003700,CLI000981,2023-08-07,PAGAMENTO,1686.7,00,BA-CORE-01,BR,BR-2527909147
TXN00003701,CLI000886,2023-03-06,PAGAMENTO,2310.54,01,MG-CORE-01,BR,BR-7938649578
TXN00003702,CLI000353,2023-01-13,ESTORNO,325.48,10,SP-CORE-02,BR,BR-6706086556
TXN00003703,CLI001055,2023-04-05,AJUSTE,1499.4,10,MG-CORE-01,BR,BR-2519957781
TXN00003704,CLI000176,2023-10-19,FATURA,2453.34,01,MG-CORE-01,BR,BR-5317105328
TXN00003705,CLI001190,2023-06-16,PAGAMENTO,608.15,00,MG-CORE-01,BR,BR-6094508552
TXN00003706,CLI000700,2023-06-12,AJUSTE,1988.29,00,SP-CORE-02,BR,BR-2522704758
TXN00003707,CLI001016,2023-09-03,PAGAMENTO,1637.69,10,RJ-CORE-01,BR,BR-5730209740
TXN00003708,CLI001090,2023-06-01,PAGAMENTO,106.78,01,BA-CORE-01,BR,BR-3113322013
TXN00003709,CLI000903,2023-06-12,FATURA,122.06,00,RJ-CORE-01,BR,BR-9953906342
TXN00003710,CLI000285,2023-07-18,FATURA,1167.22,01,BA-CORE-01,BR,BR-5955149585
TXN00003711,CLI000234,2023-07-22,ESTORNO,-1241.2,00,BA-CORE-01,BR,BR-3093419287
TXN00003712,CLI000377,2023-09-27,ESTORNO,-1511.29,00,RJ-CORE-01,BR,BR-8115186493
TXN00003713,CLI001007,2023-05-19,ESTORNO,2088.39,01,BA-CORE-01,BR,BR-6266038941
TXN00003714,CLI000402,2023-11-24,ESTORNO,1631.43,00,SP-CORE-02,BR,BR-6993020535
TXN00003715,CLI000131,2023-03-05,FATURA,117619.88,9A,SANTOS-PORT-07,LU,OFFSHORE-026650JL
TXN00003716,CLI000048,2023-11-17,PAGAMENTO,145.73,02,SP-CORE-02,BR,BR-2141600678
TXN00003717,CLI000332,2023-12-05,PAGAMENTO,2258.09,02,SP-CORE-02,BR,BR-7103557930
TXN00003718,CLI000033,2023-04-07,AJUSTE,1440.1,01,SP-CORE-01,BR,BR-7657730492
TXN00003719,CLI000041,2023-03-28,PAGAMENTO,3104.8,00,MG-CORE-01,BR,BR-4067985169
TXN00003720,CLI000532,2023-05-14,AJUSTE,2753.53,10,MG-CORE-01,BR,BR-9082125721
TXN00003721,CLI001014,2023-07-06,PAGAMENTO,852.48,02,SP-CORE-01,BR,BR-2670091632
TXN00003722,CLI000753,2023-11-25,FATURA,2673.99,02,MG-CORE-01,BR,BR-1090848040
TXN00003723,CLI000780,2023-12-14,PAGAMENTO,2723.87,10,RJ-CORE-01,BR,BR-5963015056
TXN00003724,CLI000449,2023-04-17,PAGAMENTO,1279.37,02,RJ-CORE-01,BR,BR-3147487660
TXN00003725,CLI001099,2023-06-19,ESTORNO,2541.45,02,MG-CORE-01,BR,BR-2015780972
TXN00003726,CLI000407,2023-07-01,PAGAMENTO,3247.63,01,RJ-CORE-01,BR,BR-6764451684
TXN00003727,CLI000328,2023-10-15,ESTORNO,2600.1,01,RJ-CORE-01,BR,BR-4167244443
TXN00003728,CLI000642,2023-09-11,PAGAMENTO,771.1,10,RJ-CORE-01,BR,BR-7160394051
TXN00003729,CLI001075,2023-03-20,AJUSTE,121.96,10,MG-CORE-01,BR,BR-6538217006
TXN00003730,CLI000837,2023-01-03,PAGAMENTO,3236.6,02,SP-CORE-02,BR,BR-3087050235
TXN00003731,CLI000882,2023-12-03,AJUSTE,2905.34,02,RJ-CORE-01,BR,BR-8563007469
TXN00003732,CLI000740,2023-10-02,ESTORNO,130.22,00,RJ-CORE-01,BR,BR-3195758393
TXN00003733,CLI000339,2023-11-02,FATURA,628.54,02,MG-CORE-01,BR,BR-6366418987
TXN00003734,CLI000402,2023-01-27,FATURA,1613.44,02,SP-CORE-02,BR,BR-4293069999
TXN00003735,CLI000645,2023-12-23,FATURA,1646.69,01,MG-CORE-01,BR,BR-9006535478
TXN00003736,CLI000059,2023-11-22,ESTORNO,2763.87,02,SP-CORE-01,BR,BR-8819457893
TXN00003737,CLI000079,2023-08-04,FATURA,499.22,02,SP-CORE-01,BR,BR-6147142330
TXN00003738,CLI000048,2023-12-19,AJUSTE,2446.26,00,RJ-CORE-01,BR,BR-4478719374
TXN00003739,CLI000133,2023-10-15,AJUSTE,347.86,01,RJ-CORE-01,BR,BR-1778197615
TXN00003740,CLI000678,2023-08-26,AJUSTE,2096.26,01,SP-CORE-02,BR,BR-3725058806
TXN00003741,CLI000490,2023-02-10,AJUSTE,2795.26,00,SP-CORE-01,BR,BR-1985197631
TXN00003742,CLI000944,2023-10-22,ESTORNO,-121.59,01,MG-CORE-01,BR,BR-5863173472
TXN00003743,CLI000105,2023-03-18,ESTORNO,-1938.74,10,SP-CORE-02,BR,BR-5459749856
TXN00003744,CLI000701,2023-09-11,ESTORNO,-797.59,01,BA-CORE-01,BR,BR-5253730454
TXN00003745,CLI000166,2023-05-13,FATURA,2219.08,10,SP-CORE-01,BR,BR-4990446958
TXN00003746,CLI000733,2023-06-15,AJUSTE,346.31,10,RJ-CORE-01,BR,BR-2830957372
TXN00003747,CLI000382,2023-12-17,ESTORNO,-785.32,10,SP-CORE-01,BR,BR-3647707140
TXN00003748,CLI000790,2023-08-01,FATURA,1605.58,01,MG-CORE-01,BR,BR-5513818912
TXN00003749,CLI000867,2023-03-13,FATURA,2963.58,02,MG-CORE-01,BR,BR-1993974205
TXN00003750,CLI000059,2023-08-06,AJUSTE,915.5,00,SP-CORE-02,BR,BR-6738840177
TXN00003751,CLI000122,2023-09-27,ESTORNO,-432.48,10,MG-CORE-01,BR,BR-3058127882
TXN00003752,CLI000482,2023-10-20,PAGAMENTO,834.46,10,SP-CORE-02,BR,BR-7484815168
TXN00003753,CLI000676,2023-02-07,ESTORNO,-1536.68,10,SP-CORE-01,BR,BR-3765414165
TXN00003754,CLI000205,2023-03-06,AJUSTE,3202.04,10,MG-CORE-01,BR,BR-2306915575
TXN00003755,CLI001087,2023-04-21,AJUSTE,995.78,01,BA-CORE-01,BR,BR-6451370453
TXN00003756,CLI000118,2023-06-07,FATURA,1767.24,00,RJ-CORE-01,BR,BR-2795615023
TXN00003757,CLI000751,2023-07-09,AJUSTE,2135.17,01,MG-CORE-01,BR,BR-1204253178
TXN00003758,CLI000505,2023-12-14,FATURA,523.74,01,SP-CORE-02,BR,BR-1175617484
TXN00003759,CLI000379,2023-03-09,ESTORNO,-254410.84,4F,SANTOS-PORT-07,LU,OFFSHORE-825559BV
TXN00003760,CLI000585,2023-02-26,FATURA,2519.81,02,BA-CORE-01,BR,BR-2595976710
TXN00003761,CLI000763,2023-04-10,ESTORNO,-3135.64,01,RJ-CORE-01,BR,BR-8087762657
TXN00003762,CLI000991,2023-02-13,AJUSTE,3105.36,01,BA-CORE-01,BR,BR-2649479425
TXN00003763,CLI000302,2023-12-14,FATURA,2255.96,02,SP-CORE-01,BR,BR-4810468370
TXN00003764,CLI000696,2023-12-11,FATURA,426367.23,9A,SANTOS-PORT-07,LU,OFFSHORE-023684EU
TXN00003765,CLI000876,2023-08-20,FATURA,763.43,01,BA-CORE-01,BR,BR-6866976974
TXN00003766,CLI000469,2023-12-17,AJUSTE,2158.06,00,BA-CORE-01,BR,BR-2873145919
TXN00003767,CLI000155,2023-03-22,AJUSTE,360.87,01,MG-CORE-01,BR,BR-7368666052
TXN00003768,CLI000056,2023-08-15,ESTORNO,-778.05,10,MG-CORE-01,BR,BR-4396825966
TXN00003769,CLI000599,2023-03-12,ESTORNO,-1985.78,10,MG-CORE-01,BR,BR-5155324773
TXN00003770,CLI000562,2023-11-01,ESTORNO,-2596.89,00,RJ-CORE-01,BR,BR-2244064601
TXN00003771,CLI000773,2023-01-27,ESTORNO,56.03,01,SP-CORE-01,BR,BR-8793362077
TXN00003772,CLI000710,2023-10-14,AJUSTE,1740.4,00,SP-CORE-02,BR,BR-1322060399
TXN00003773,CLI000097,2023-03-29,FATURA,2088.67,10,MG-CORE-01,BR,BR-7482301234
TXN00003774,CLI000422,2023-11-29,AJUSTE,2731.31,02,SP-CORE-01,BR,BR-6971064982
TXN00003775,CLI001099,2023-07-28,ESTORNO,2403.26,10,RJ-CORE-01,BR,BR-7902950398
TXN00003776,CLI000499,2023-05-03,AJUSTE,2765.05,00,SP-CORE-01,BR,BR-1888734391
TXN00003777,CLI000500,2023-08-17,AJUSTE,620.38,00,RJ-CORE-01,BR,BR-1015464229
TXN00003778,CLI000328,2023-05-24,AJUSTE,1326.03,00,BA-CORE-01,BR,BR-3456283110
TXN00003779,CLI000356,2023-01-02,AJUSTE,362.92,01,RJ-CORE-01,BR,BR-7497407953
TXN00003780,CLI000249,2023-10-09,FATURA,2596.01,00,MG-CORE-01,BR,BR-6406653532
TXN00003781,CLI001158,2023-04-24,PAGAMENTO,1465.37,00,SP-CORE-02,BR,BR-4661352590
TXN00003782,CLI000026,2023-11-29,FATURA,3285.67,10,SP-CORE-02,BR,BR-1511545211
TXN00003783,CLI000988,2023-09-19,PAGAMENTO,2081.94,02,MG-CORE-01,BR,BR-1961769664
TXN00003784,CLI000527,2023-01-24,AJUSTE,168.74,02,SP-CORE-02,BR,BR-3291647639
TXN00003785,CLI000889,2023-01-26,FATURA,3383.5,00,MG-CORE-01,BR,BR-2253457423
TXN00003786,CLI000657,2023-05-18,AJUSTE,1970.99,00,BA-CORE-01,BR,BR-3747126998
TXN00003787,CLI000226,2023-04-03,FATURA,160175.89,9A,SANTOS-PORT-07,PA,OFFSHORE-450053IE
TXN00003788,CLI000745,2023-11-15,FATURA,941.61,02,RJ-CORE-01,BR,BR-2201258571
TXN00003789,CLI000798,2023-11-07,PAGAMENTO,1664.69,10,RJ-CORE-01,BR,BR-9657101385
TXN00003790,CLI000484,2023-11-04,FATURA,667.5,10,MG-CORE-01,BR,BR-3505087861
TXN00003791,CLI000851,2023-08-17,PAGAMENTO,2575.58,00,BA-CORE-01,BR,BR-8250400388
TXN00003792,CLI000276,2023-08-06,AJUSTE,857.0,02,MG-CORE-01,BR,BR-2899169638
TXN00003793,CLI000052,2023-07-15,PAGAMENTO,3234.36,10,BA-CORE-01,BR,BR-6687666402
TXN00003794,CLI001075,2023-07-06,ESTORNO,1740.58,10,SP-CORE-01,BR,BR-2698502431
TXN00003795,CLI000446,2023-05-27,PAGAMENTO,2884.61,00,SP-CORE-02,BR,BR-2915795547
TXN00003796,CLI000781,2023-12-08,ESTORNO,1345.12,00,RJ-CORE-01,BR,BR-7158568902
TXN00003797,CLI000227,2023-09-11,AJUSTE,1496.43,01,SP-CORE-01,BR,BR-3057318920
TXN00003798,CLI000210,2023-08-23,FATURA,1468.01,00,RJ-CORE-01,BR,BR-3130137051
TXN00003799,CLI001090,2023-04-06,ESTORNO,-1048.42,01,SP-CORE-01,BR,BR-2973065509
TXN00003800,CLI000056,2023-04-17,PAGAMENTO,3107.37,10,RJ-CORE-01,BR,BR-1756389067
TXN00003801,CLI000045,2023-07-18,ESTORNO,1109.91,10,BA-CORE-01,BR,BR-7741629702
TXN00003802,CLI000570,2023-07-13,AJUSTE,1938.2,01,SP-CORE-01,BR,BR-2211370833
TXN00003803,CLI000162,2023-09-07,AJUSTE,2396.53,01,MG-CORE-01,BR,BR-2332128020
TXN00003804,CLI000344,2023-10-23,ESTORNO,3414.84,01,BA-CORE-01,BR,BR-4802132892
TXN00003805,CLI000090,2023-01-30,PAGAMENTO,1353.89,01,RJ-CORE-01,BR,BR-8806099647
TXN00003806,CLI000926,2023-01-26,ESTORNO,-1332.38,01,BA-CORE-01,BR,BR-1806801100
TXN00003807,CLI001063,2023-03-07,AJUSTE,1807.2,02,MG-CORE-01,BR,BR-1616423848
TXN00003808,CLI000821,2023-01-11,AJUSTE,324.52,00,MG-CORE-01,BR,BR-2831352713
TXN00003809,CLI001067,2023-09-03,FATURA,1184.64,10,BA-CORE-01,BR,BR-2728742796
TXN00003810,CLI000117,2023-10-23,ESTORNO,-1680.18,02,BA-CORE-01,BR,BR-9640565939
TXN00003811,CLI000572,2023-03-24,ESTORNO,-3255.91,01,SP-CORE-01,BR,BR-5723304144
TXN00003812,CLI001133,2023-06-21,PAGAMENTO,3457.7,02,BA-CORE-01,BR,BR-2649226867
TXN00003813,CLI000833,2023-01-05,FATURA,1525.69,10,SP-CORE-02,BR,BR-5014410308
TXN00003814,CLI000945,2023-02-18,AJUSTE,3476.17,01,SP-CORE-01,BR,BR-1567704691
TXN00003815,CLI000625,2023-06-30,ESTORNO,-1581.24,01,MG-CORE-01,BR,BR-4307630024
TXN00003816,CLI000433,2023-04-22,PAGAMENTO,1718.25,00,SP-CORE-01,BR,BR-2149575829
TXN00003817,CLI000425,2023-07-20,FATURA,1865.8,01,SP-CORE-01,BR,BR-3575422095
TXN00003818,CLI000352,2023-09-13,FATURA,287.47,10,RJ-CORE-01,BR,BR-4400156805
TXN00003819,CLI000496,2023-07-19,FATURA,791.88,01,MG-CORE-01,BR,BR-8809347296
TXN00003820,CLI000076,2023-08-29,FATURA,2156.44,02,RJ-CORE-01,BR,BR-1364922725
TXN00003821,CLI000335,2023-06-08,FATURA,2418.58,00,SP-CORE-02,BR,BR-5892956017
TXN00003822,CLI000863,2023-06-01,ESTORNO,-1313.07,02,BA-CORE-01,BR,BR-9127754416
TXN00003823,CLI000571,2023-12-15,AJUSTE,2100.0,00,SP-CORE-02,BR,BR-4502395169
TXN00003824,CLI000217,2023-11-06,AJUSTE,2219.77,01,RJ-CORE-01,BR,BR-6615175782
TXN00003825,CLI000137,2023-05-20,PAGAMENTO,262.69,01,RJ-CORE-01,BR,BR-3056895862
TXN00003826,CLI000832,2023-09-10,ESTORNO,3039.41,01,SP-CORE-01,BR,BR-2047151089
TXN00003827,CLI000535,2023-03-04,FATURA,2442.82,10,SP-CORE-02,BR,BR-3334799664
TXN00003828,CLI000193,2023-05-13,ESTORNO,-359.88,01,BA-CORE-01,BR,BR-1191237069
TXN00003829,CLI000964,2023-07-19,ESTORNO,-777.35,00,BA-CORE-01,BR,BR-7634187301
TXN00003830,CLI000878,2023-09-24,PAGAMENTO,2321.94,02,BA-CORE-01,BR,BR-2783634101
TXN00003831,CLI000066,2023-07-05,ESTORNO,3089.11,10,SP-CORE-02,BR,BR-1963415929
TXN00003832,CLI000191,2023-12-26,AJUSTE,394.49,10,SP-CORE-02,BR,BR-6268529625
TXN00003833,CLI000964,2023-07-25,PAGAMENTO,1788.61,00,SP-CORE-02,BR,BR-2655207639
TXN00003834,CLI000981,2023-08-08,AJUSTE,1595.82,10,SP-CORE-02,BR,BR-2231995081
TXN00003835,CLI000272,2023-12-28,AJUSTE,1042.2,00,SP-CORE-02,BR,BR-8234517952
TXN00003836,CLI001076,2023-11-27,AJUSTE,614.16,02,SP-CORE-01,BR,BR-4872405446
TXN00003837,CLI000889,2023-02-01,AJUSTE,1453.05,01,SP-CORE-02,BR,BR-3112353306
TXN00003838,CLI000635,2023-06-07,ESTORNO,3158.22,00,BA-CORE-01,BR,BR-5255316384
TXN00003839,CLI000573,2023-05-18,ESTORNO,-605.32,02,SP-CORE-02,BR,BR-1964316616
TXN00003840,CLI000719,2023-07-08,AJUSTE,45.48,02,MG-CORE-01,BR,BR-6505350387
TXN00003841,CLI000854,2023-03-02,FATURA,2345.71,10,SP-CORE-01,BR,BR-9917597402
TXN00003842,CLI000395,2023-01-05,ESTORNO,-2152.16,02,SP-CORE-01,BR,BR-2433337060
TXN00003843,CLI000615,2023-04-09,FATURA,1646.75,02,RJ-CORE-01,BR,BR-9776107836
TXN00003844,CLI000156,2023-02-17,ESTORNO,-2401.63,00,BA-CORE-01,BR,BR-1648982313
TXN00003845,CLI000548,2023-01-14,FATURA,2257.65,02,MG-CORE-01,BR,BR-2826411454
TXN00003846,CLI000496,2023-10-23,AJUSTE,2085.84,01,SP-CORE-01,BR,BR-8246300124
TXN00003847,CLI000355,2023-07-15,PAGAMENTO,2494.71,10,BA-CORE-01,BR,BR-6527646752
TXN00003848,CLI000192,2023-10-19,AJUSTE,1227.47,01,BA-CORE-01,BR,BR-4759823710
TXN00003849,CLI000473,2023-02-17,ESTORNO,2924.98,01,BA-CORE-01,BR,BR-4430319690
TXN00003850,CLI000364,2023-03-06,ESTORNO,-995.94,01,RJ-CORE-01,BR,BR-4388111272
TXN00003851,CLI001104,2023-05-19,AJUSTE,1447.19,01,RJ-CORE-01,BR,BR-5200690282
TXN00003852,CLI001079,2023-05-02,AJUSTE,915.59,10,RJ-CORE-01,BR,BR-5924562641
TXN00003853,CLI000891,2023-08-12,PAGAMENTO,3160.8,02,SP-CORE-01,BR,BR-5929678361
TXN00003854,CLI000274,2023-05-28,ESTORNO,-631.53,01,BA-CORE-01,BR,BR-9488312421
TXN00003855,CLI000045,2023-06-25,ESTORNO,92.47,02,SP-CORE-02,BR,BR-4498894110
TXN00003856,CLI000983,2023-03-25,ESTORNO,3409.8,02,BA-CORE-01,BR,BR-8416153220
TXN00003857,CLI000430,2023-05-08,FATURA,2001.23,10,RJ-CORE-01,BR,BR-1621343575
TXN00003858,CLI000938,2023-11-04,ESTORNO,-354.52,10,MG-CORE-01,BR,BR-1547761887
TXN00003859,CLI000697,2023-10-09,FATURA,1840.16,00,SP-CORE-01,BR,BR-8591506799
TXN00003860,CLI000824,2023-03-11,ESTORNO,1935.67,10,SP-CORE-02,BR,BR-6809410371
TXN00003861,CLI001104,2023-09-22,PAGAMENTO,3370.79,10,MG-CORE-01,BR,BR-7417567959
TXN00003862,CLI000888,2023-08-22,ESTORNO,77.08,00,MG-CORE-01,BR,BR-9473321348
TXN00003863,CLI000054,2023-02-13,FATURA,2965.05,10,SP-CORE-01,BR,BR-8029161450
TXN00003864,CLI000804,2023-09-26,AJUSTE,927.27,10,SP-CORE-01,BR,BR-4958262912
TXN00003865,CLI000157,2023-07-03,PAGAMENTO,1477.53,02,SP-CORE-01,BR,BR-6940735248
TXN00003866,CLI000535,2023-01-11,PAGAMENTO,2408.06,10,MG-CORE-01,BR,BR-7654361461
TXN00003867,CLI000891,2023-04-15,AJUSTE,1008.62,01,RJ-CORE-01,BR,BR-6283301624
TXN00003868,CLI000838,2023-01-10,ESTORNO,3092.64,02,RJ-CORE-01,BR,BR-9949069966
TXN00003869,CLI000637,2023-12-29,PAGAMENTO,2026.62,01,MG-CORE-01,BR,BR-8365529848
TXN00003870,CLI000891,2023-03-11,FATURA,2890.39,02,SP-CORE-02,BR,BR-1374736832
TXN00003871,CLI000255,2023-08-30,FATURA,2913.41,01,RJ-CORE-01,BR,BR-2553530199
TXN00003872,CLI001005,2023-01-18,ESTORNO,2958.81,02,SP-CORE-01,BR,BR-4653278198
TXN00003873,CLI000843,2023-03-30,PAGAMENTO,2649.38,02,BA-CORE-01,BR,BR-1473117789
TXN00003874,CLI000107,2023-09-22,AJUSTE,2270.95,01,MG-CORE-01,BR,BR-9209236972
TXN00003875,CLI000174,2023-04-11,PAGAMENTO,1144.31,02,SP-CORE-02,BR,BR-5893467877
TXN00003876,CLI001184,2023-02-10,FATURA,2978.54,01,MG-CORE-01,BR,BR-2977353085
TXN00003877,CLI001032,2023-11-04,PAGAMENTO,1180.45,01,SP-CORE-01,BR,BR-2808511815
TXN00003878,CLI000973,2023-03-17,ESTORNO,3174.8,10,MG-CORE-01,BR,BR-1964594683
TXN00003879,CLI000398,2023-04-21,FATURA,1367.77,10,SP-CORE-02,BR,BR-4208320641
TXN00003880,CLI000529,2023-04-21,PAGAMENTO,902.98,02,SP-CORE-02,BR,BR-5909476525
TXN00003881,CLI000215,2023-09-18,PAGAMENTO,2737.47,10,SP-CORE-02,BR,BR-4148561166
TXN00003882,CLI000901,2023-12-12,FATURA,3371.25,01,SP-CORE-02,BR,BR-7119077461
TXN00003883,CLI000255,2023-02-15,PAGAMENTO,1679.19,00,MG-CORE-01,BR,BR-9822220773
TXN00003884,CLI000877,2023-06-04,PAGAMENTO,994.19,02,MG-CORE-01,BR,BR-3497983389
TXN00003885,CLI000804,2023-12-12,AJUSTE,1458.9,01,MG-CORE-01,BR,BR-1679348721
TXN00003886,CLI001136,2023-10-03,PAGAMENTO,1109.8,00,BA-CORE-01,BR,BR-5925840748
TXN00003887,CLI000559,2023-09-11,PAGAMENTO,942.08,10,RJ-CORE-01,BR,BR-1606782223
TXN00003888,CLI000726,2023-11-29,ESTORNO,-853.21,02,BA-CORE-01,BR,BR-2052463740
TXN00003889,CLI000976,2023-08-17,AJUSTE,2629.67,02,SP-CORE-01,BR,BR-9643525901
TXN00003890,CLI000544,2023-08-27,PAGAMENTO,1481.22,10,RJ-CORE-01,BR,BR-2788831866
TXN00003891,CLI000727,2023-01-12,AJUSTE,3354.88,10,MG-CORE-01,BR,BR-4287444025
TXN00003892,CLI000181,2023-06-07,FATURA,2096.77,02,SP-CORE-02,BR,BR-9369885242
TXN00003893,CLI000120,2023-06-12,FATURA,2645.25,01,SP-CORE-02,BR,BR-7314394350
TXN00003894,CLI000764,2023-11-26,FATURA,2517.34,02,SP-CORE-01,BR,BR-8398327804
TXN00003895,CLI000540,2023-07-02,PAGAMENTO,2546.38,01,SP-CORE-02,BR,BR-5351701335
TXN00003896,CLI000370,2023-05-06,ESTORNO,-1848.16,02,MG-CORE-01,BR,BR-1477886699
TXN00003897,CLI000028,2023-12-13,AJUSTE,472.87,10,MG-CORE-01,BR,BR-3759320154
TXN00003898,CLI000503,2023-05-14,FATURA,1643.12,00,SP-CORE-01,BR,BR-1688692817
TXN00003899,CLI001028,2023-10-27,ESTORNO,-3463.81,02,MG-CORE-01,BR,BR-6271277159
TXN00003900,CLI000652,2023-06-10,PAGAMENTO,3477.79,00,BA-CORE-01,BR,BR-5000548312
TXN00003901,CLI000157,2023-08-18,AJUSTE,2760.69,02,MG-CORE-01,BR,BR-9984798963
TXN00003902,CLI000837,2023-06-06,ESTORNO,1656.94,10,SP-CORE-01,BR,BR-5084827615
TXN00003903,CLI000819,2023-12-09,PAGAMENTO,20.21,10,BA-CORE-01,BR,BR-4191739394
TXN00003904,CLI000756,2023-10-08,PAGAMENTO,3101.32,00,RJ-CORE-01,BR,BR-1240504531
TXN00003905,CLI000139,2023-06-25,PAGAMENTO,3423.27,02,SP-CORE-01,BR,BR-2684876851
TXN00003906,CLI000381,2023-03-26,ESTORNO,2460.82,01,SP-CORE-01,BR,BR-8268916871
TXN00003907,CLI000986,2023-08-05,PAGAMENTO,3180.77,00,RJ-CORE-01,BR,BR-7345454550
TXN00003908,CLI000519,2023-11-16,AJUSTE,1881.9,01,SP-CORE-02,BR,BR-2634106492
TXN00003909,CLI000771,2023-07-01,FATURA,253.97,00,BA-CORE-01,BR,BR-2822019158
TXN00003910,CLI001131,2023-06-07,FATURA,1706.25,10,SP-CORE-02,BR,BR-2159295684
TXN00003911,CLI000933,2023-05-10,FATURA,1599.16,02,SP-CORE-02,BR,BR-1448394850
TXN00003912,CLI000578,2023-06-04,ESTORNO,2900.1,00,SP-CORE-02,BR,BR-2440839808
TXN00003913,CLI000985,2023-01-09,FATURA,3256.48,01,SP-CORE-02,BR,BR-6323740456
TXN00003914,CLI001018,2023-07-02,AJUSTE,3472.55,10,MG-CORE-01,BR,BR-1457261738
TXN00003915,CLI000157,2023-06-04,PAGAMENTO,352.38,00,SP-CORE-02,BR,BR-9202043288
TXN00003916,CLI000857,2023-01-05,AJUSTE,511.91,02,SP-CORE-02,BR,BR-4990891827
TXN00003917,CLI001102,2023-10-01,ESTORNO,2855.21,02,SP-CORE-02,BR,BR-6327198930
TXN00003918,CLI000704,2023-11-23,ESTORNO,603.9,00,MG-CORE-01,BR,BR-9782669254
TXN00003919,CLI000769,2023-10-23,FATURA,1838.35,00,SP-CORE-02,BR,BR-3077935216
TXN00003920,CLI000365,2023-07-04,ESTORNO,-2830.63,00,MG-CORE-01,BR,BR-5501335775
TXN00003921,CLI000638,2023-10-03,AJUSTE,735.26,00,BA-CORE-01,BR,BR-2325447786
TXN00003922,CLI001092,2023-10-08,FATURA,3122.52,00,SP-CORE-01,BR,BR-9506361521
TXN00003923,CLI000355,2023-05-13,FATURA,3034.2,01,RJ-CORE-01,BR,BR-8523405865
TXN00003924,CLI000496,2023-03-22,ESTORNO,377.73,02,BA-CORE-01,BR,BR-9412720049
TXN00003925,CLI001055,2023-10-28,FATURA,2579.56,00,SP-CORE-02,BR,BR-3148411730
TXN00003926,CLI000606,2023-03-21,ESTORNO,1663.19,01,RJ-CORE-01,BR,BR-3897756110
TXN00003927,CLI000743,2023-02-15,PAGAMENTO,704.31,00,RJ-CORE-01,BR,BR-6717968085
TXN00003928,CLI000389,2023-01-28,AJUSTE,3333.9,02,SP-CORE-02,BR,BR-3162852783
TXN00003929,CLI000181,2023-06-07,FATURA,1052.98,10,MG-CORE-01,BR,BR-4328858145
TXN00003930,CLI001125,2023-01-25,FATURA,2165.9,10,RJ-CORE-01,BR,BR-9691662212
TXN00003931,CLI000886,2023-12-06,ESTORNO,2692.83,02,MG-CORE-01,BR,BR-8714058899
TXN00003932,CLI000377,2023-06-06,AJUSTE,1152.87,02,SP-CORE-01,BR,BR-5455634687
TXN00003933,CLI000113,2023-03-14,FATURA,1435.0,02,RJ-CORE-01,BR,BR-1692447546
TXN00003934,CLI000215,2023-06-07,PAGAMENTO,2401.84,00,SP-CORE-01,BR,BR-8225741241
TXN00003935,CLI001079,2023-11-25,PAGAMENTO,1344.26,00,SP-CORE-01,BR,BR-3688446467
TXN00003936,CLI001097,2023-03-23,AJUSTE,2331.26,01,SP-CORE-01,BR,BR-4086168237
TXN00003937,CLI001023,2023-08-02,AJUSTE,2888.31,01,SP-CORE-02,BR,BR-8596234712
TXN00003938,CLI000300,2023-11-23,ESTORNO,1419.34,10,BA-CORE-01,BR,BR-5858456593
TXN00003939,CLI000177,2023-09-28,FATURA,693.56,02,MG-CORE-01,BR,BR-6544122414
TXN00003940,CLI001009,2023-01-06,FATURA,1221.51,01,SP-CORE-02,BR,BR-9332842743
TXN00003941,CLI000324,2023-03-09,AJUSTE,1938.41,10,SP-CORE-01,BR,BR-8227886543
TXN00003942,CLI000696,2023-01-16,AJUSTE,182.26,10,RJ-CORE-01,BR,BR-2026972351
TXN00003943,CLI000251,2023-03-07,PAGAMENTO,904.23,01,BA-CORE-01,BR,BR-3606517080
TXN00003944,CLI000092,2023-11-09,AJUSTE,1236.78,02,RJ-CORE-01,BR,BR-5114645902
TXN00003945,CLI000779,2023-12-13,ESTORNO,-3485.56,00,SP-CORE-02,BR,BR-9565902229
TXN00003946,CLI000027,2023-05-28,FATURA,1942.41,01,SP-CORE-02,BR,BR-1064174343
TXN00003947,CLI000818,2023-07-03,PAGAMENTO,2968.25,10,RJ-CORE-01,BR,BR-4844574882
TXN00003948,CLI001197,2023-01-22,ESTORNO,2518.7,00,RJ-CORE-01,BR,BR-3142811846
TXN00003949,CLI000797,2023-08-12,ESTORNO,-1384.66,02,SP-CORE-02,BR,BR-7248352168
TXN00003950,CLI001008,2023-11-18,ESTORNO,2946.67,10,SP-CORE-02,BR,BR-2269627466
TXN00003951,CLI000798,2023-07-15,PAGAMENTO,1229.63,01,SP-CORE-01,BR,BR-5587720178
TXN00003952,CLI000181,2023-08-02,FATURA,2272.1,01,BA-CORE-01,BR,BR-7771065861
TXN00003953,CLI000568,2023-04-10,FATURA,1954.92,00,RJ-CORE-01,BR,BR-2517706056
TXN00003954,CLI000035,2023-02-10,PAGAMENTO,2642.76,00,SP-CORE-02,BR,BR-1305517870
TXN00003955,CLI000661,2023-06-18,AJUSTE,441.96,02,BA-CORE-01,BR,BR-7273835467
TXN00003956,CLI000250,2023-10-14,AJUSTE,606.34,02,RJ-CORE-01,BR,BR-9530420568
TXN00003957,CLI000263,2023-08-24,ESTORNO,-2834.9,00,RJ-CORE-01,BR,BR-9497523041
TXN00003958,CLI000441,2023-10-29,AJUSTE,1267.26,00,MG-CORE-01,BR,BR-4969240305
TXN00003959,CLI001011,2023-10-16,FATURA,1173.21,01,SP-CORE-02,BR,BR-5036536863
TXN00003960,CLI000680,2023-10-12,FATURA,910.35,10,BA-CORE-01,BR,BR-3097056432
TXN00003961,CLI000381,2023-12-19,PAGAMENTO,2319.69,01,RJ-CORE-01,BR,BR-6526012592
TXN00003962,CLI000448,2023-09-27,AJUSTE,3173.69,00,SP-CORE-01,BR,BR-3923089394
TXN00003963,CLI001054,2023-05-06,AJUSTE,1319.84,00,MG-CORE-01,BR,BR-7188307752
TXN00003964,CLI001015,2023-08-07,ESTORNO,1882.42,02,MG-CORE-01,BR,BR-6642064072
TXN00003965,CLI000449,2023-11-09,FATURA,3322.83,02,RJ-CORE-01,BR,BR-9948523764
TXN00003966,CLI000686,2023-05-18,PAGAMENTO,2574.55,02,BA-CORE-01,BR,BR-7228098909
TXN00003967,CLI000661,2023-02-10,AJUSTE,824.06,01,SP-CORE-01,BR,BR-9773224781
TXN00003968,CLI001001,2023-12-17,ESTORNO,2759.77,02,BA-CORE-01,BR,BR-9834999739
TXN00003969,CLI000597,2023-10-03,ESTORNO,2485.71,02,SP-CORE-01,BR,BR-4395560956
TXN00003970,CLI000662,2023-12-17,PAGAMENTO,3107.88,01,MG-CORE-01,BR,BR-3408619421
TXN00003971,CLI000686,2023-11-30,FATURA,430.0,10,MG-CORE-01,BR,BR-5747218802
TXN00003972,CLI000734,2023-05-18,AJUSTE,2153.69,02,RJ-CORE-01,BR,BR-2614141871
TXN00003973,CLI000875,2023-06-09,PAGAMENTO,3105.79,10,MG-CORE-01,BR,BR-7743673019
TXN00003974,CLI000719,2023-01-05,AJUSTE,3199.03,00,BA-CORE-01,BR,BR-4667168479
TXN00003975,CLI000176,2023-02-01,AJUSTE,2926.04,10,SP-CORE-02,BR,BR-6252965310
TXN00003976,CLI001074,2023-10-22,ESTORNO,-1674.39,01,SP-CORE-02,BR,BR-9049451104
TXN00003977,CLI000782,2023-10-05,ESTORNO,-2775.74,01,RJ-CORE-01,BR,BR-3873979788
TXN00003978,CLI000170,2023-10-11,PAGAMENTO,189.89,02,MG-CORE-01,BR,BR-6793644432
TXN00003979,CLI001134,2023-05-21,FATURA,48.21,01,SP-CORE-02,BR,BR-8809494982
TXN00003980,CLI000496,2023-02-06,FATURA,2938.0,02,SP-CORE-02,BR,BR-1468662769
TXN00003981,CLI000559,2023-09-27,ESTORNO,-1408.98,10,SP-CORE-01,BR,BR-2860212181
TXN00003982,CLI000896,2023-01-09,PAGAMENTO,1220.78,01,MG-CORE-01,BR,BR-7019484591
TXN00003983,CLI000279,2023-05-17,PAGAMENTO,3261.25,10,SP-CORE-02,BR,BR-5571870428
TXN00003984,CLI001175,2023-11-19,FATURA,1178.0,01,MG-CORE-01,BR,BR-7890714185
TXN00003985,CLI000838,2023-02-24,FATURA,2105.57,01,BA-CORE-01,BR,BR-8478761088
TXN00003986,CLI000088,2023-11-17,PAGAMENTO,3240.69,01,BA-CORE-01,BR,BR-5785995585
TXN00003987,CLI001141,2023-02-13,AJUSTE,3080.59,02,RJ-CORE-01,BR,BR-2952400435
TXN00003988,CLI001125,2023-01-11,AJUSTE,2364.05,10,RJ-CORE-01,BR,BR-3341106022
TXN00003989,CLI000533,2023-02-15,AJUSTE,3201.37,10,SP-CORE-02,BR,BR-9368888421
TXN00003990,CLI000591,2023-11-07,AJUSTE,1310.32,10,BA-CORE-01,BR,BR-6211814586
TXN00003991,CLI000169,2023-01-02,PAGAMENTO,1571.42,00,MG-CORE-01,BR,BR-3440428643
TXN00003992,CLI000759,2023-11-07,FATURA,1776.96,10,MG-CORE-01,BR,BR-8620154699
TXN00003993,CLI000629,2023-03-20,FATURA,2012.6,02,RJ-CORE-01,BR,BR-8767592581
TXN00003994,CLI001109,2023-06-23,AJUSTE,736.91,00,MG-CORE-01,BR,BR-8686097927
TXN00003995,CLI001169,2023-09-24,AJUSTE,2662.49,01,BA-CORE-01,BR,BR-9497854045
TXN00003996,CLI000654,2023-05-20,PAGAMENTO,1551.11,10,RJ-CORE-01,BR,BR-1916635497
TXN00003997,CLI000540,2023-09-04,FATURA,85.22,02,RJ-CORE-01,BR,BR-7111396382
TXN00003998,CLI000965,2023-11-23,AJUSTE,2927.0,01,MG-CORE-01,BR,BR-1756367883
TXN00003999,CLI000289,2023-02-22,PAGAMENTO,1190.27,10,BA-CORE-01,BR,BR-1608759619
TXN00004000,CLI000494,2023-10-26,FATURA,944.4,00,MG-CORE-01,BR,BR-6471381674
TXN00004001,CLI000105,2023-02-27,ESTORNO,-1223.29,02,BA-CORE-01,BR,BR-5645905276
TXN00004002,CLI000932,2023-02-26,FATURA,448.28,02,RJ-CORE-01,BR,BR-9130688289
TXN00004003,CLI000538,2023-05-28,AJUSTE,2158.67,02,SP-CORE-02,BR,BR-1230821363
TXN00004004,CLI000690,2023-03-10,PAGAMENTO,621.86,02,MG-CORE-01,BR,BR-7135508095
TXN00004005,CLI000633,2023-05-11,PAGAMENTO,381.44,02,RJ-CORE-01,BR,BR-2275197185
TXN00004006,CLI000644,2023-07-21,FATURA,1878.21,02,MG-CORE-01,BR,BR-6147970594
TXN00004007,CLI001132,2023-05-02,AJUSTE,3015.25,02,RJ-CORE-01,BR,BR-9340575870
TXN00004008,CLI000618,2023-12-12,FATURA,2629.57,02,MG-CORE-01,BR,BR-7363532024
TXN00004009,CLI000091,2023-07-05,PAGAMENTO,3249.32,00,MG-CORE-01,BR,BR-4366641864
TXN00004010,CLI000841,2023-09-29,AJUSTE,2711.48,02,SP-CORE-01,BR,BR-7170940238
TXN00004011,CLI000616,2023-05-03,AJUSTE,762.65,02,MG-CORE-01,BR,BR-7744459607
TXN00004012,CLI000197,2023-08-27,FATURA,374.13,10,BA-CORE-01,BR,BR-4534825528
TXN00004013,CLI000716,2023-09-10,ESTORNO,-2349.65,10,SP-CORE-02,BR,BR-1852808613
TXN00004014,CLI000581,2023-10-20,ESTORNO,-1203.36,00,BA-CORE-01,BR,BR-5916093622
TXN00004015,CLI000796,2023-07-26,ESTORNO,149.04,10,SP-CORE-01,BR,BR-8443722173
TXN00004016,CLI000081,2023-01-10,FATURA,290.86,02,BA-CORE-01,BR,BR-1060931756
TXN00004017,CLI000553,2023-08-13,FATURA,2628.97,10,MG-CORE-01,BR,BR-9145410257
TXN00004018,CLI000643,2023-09-08,FATURA,1909.63,01,BA-CORE-01,BR,BR-5010723787
TXN00004019,CLI001185,2023-07-23,FATURA,3165.45,01,SP-CORE-01,BR,BR-2358961337
TXN00004020,CLI000512,2023-12-07,AJUSTE,1932.88,10,MG-CORE-01,BR,BR-8189540372
TXN00004021,CLI000730,2023-04-12,ESTORNO,2771.24,10,SP-CORE-02,BR,BR-4102194933
TXN00004022,CLI001094,2023-01-24,PAGAMENTO,1721.89,10,SP-CORE-02,BR,BR-9539419788
TXN00004023,CLI000219,2023-05-19,AJUSTE,2731.23,01,SP-CORE-02,BR,BR-4681934042
TXN00004024,CLI000959,2023-11-10,AJUSTE,45.41,02,SP-CORE-02,BR,BR-8019235213
TXN00004025,CLI000461,2023-03-26,ESTORNO,-1733.9,02,BA-CORE-01,BR,BR-3484110392
TXN00004026,CLI000549,2023-09-03,ESTORNO,2498.69,10,MG-CORE-01,BR,BR-1156706071
TXN00004027,CLI000468,2023-04-11,FATURA,2468.51,00,SP-CORE-01,BR,BR-6100947738
TXN00004028,CLI000052,2023-11-18,ESTORNO,-1540.6,02,BA-CORE-01,BR,BR-4325955655
TXN00004029,CLI000542,2023-06-25,AJUSTE,651.53,10,SP-CORE-02,BR,BR-7875999388
TXN00004030,CLI000213,2023-03-14,FATURA,3104.52,10,MG-CORE-01,BR,BR-6223269868
TXN00004031,CLI000541,2023-03-06,FATURA,2359.32,01,SP-CORE-02,BR,BR-5102142411
TXN00004032,CLI001200,2023-06-15,AJUSTE,3036.25,10,SP-CORE-01,BR,BR-2562485301
TXN00004033,CLI000627,2023-11-25,PAGAMENTO,1922.01,01,RJ-CORE-01,BR,BR-9585846518
TXN00004034,CLI000763,2023-06-13,PAGAMENTO,1591.24,02,RJ-CORE-01,BR,BR-7073314496
TXN00004035,CLI000157,2023-04-03,AJUSTE,1324.25,02,RJ-CORE-01,BR,BR-6805631767
TXN00004036,CLI000783,2023-09-24,FATURA,359.49,02,SP-CORE-01,BR,BR-2442364344
TXN00004037,CLI000119,2023-04-07,PAGAMENTO,1799.01,00,RJ-CORE-01,BR,BR-4978638053
TXN00004038,CLI000911,2023-10-10,AJUSTE,2892.84,00,BA-CORE-01,BR,BR-7265599490
TXN00004039,CLI001018,2023-09-20,PAGAMENTO,1067.16,00,BA-CORE-01,BR,BR-2602544581
TXN00004040,CLI000153,2023-05-14,FATURA,1349.37,01,SP-CORE-02,BR,BR-7167041161
TXN00004041,CLI000123,2023-12-05,ESTORNO,-1837.35,01,SP-CORE-02,BR,BR-8216755528
TXN00004042,CLI000798,2023-02-26,FATURA,662.35,01,BA-CORE-01,BR,BR-8018437138
TXN00004043,CLI000960,2023-04-11,FATURA,25.64,10,MG-CORE-01,BR,BR-4595894877
TXN00004044,CLI000892,2023-01-24,PAGAMENTO,2568.45,00,MG-CORE-01,BR,BR-9974926617
TXN00004045,CLI000765,2023-10-06,FATURA,845.59,10,MG-CORE-01,BR,BR-9660485827
TXN00004046,CLI000380,2023-09-05,FATURA,1485.32,10,SP-CORE-01,BR,BR-9300010365
TXN00004047,CLI001058,2023-09-13,FATURA,532.54,02,BA-CORE-01,BR,BR-5740249331
TXN00004048,CLI000799,2023-10-15,PAGAMENTO,191.65,02,SP-CORE-01,BR,BR-3339613607
TXN00004049,CLI000673,2023-01-23,AJUSTE,807.13,01,MG-CORE-01,BR,BR-8015937115
TXN00004050,CLI000171,2023-05-12,PAGAMENTO,2159.36,10,RJ-CORE-01,BR,BR-4461188083
TXN00004051,CLI000793,2023-01-19,PAGAMENTO,1143.7,01,BA-CORE-01,BR,BR-8162760510
TXN00004052,CLI000689,2023-10-19,ESTORNO,-135.5,10,SP-CORE-01,BR,BR-8953013516
TXN00004053,CLI001132,2023-12-28,FATURA,3365.42,10,SP-CORE-01,BR,BR-1909979573
TXN00004054,CLI001116,2023-07-11,FATURA,1964.11,00,SP-CORE-02,BR,BR-8631642583
TXN00004055,CLI000359,2023-10-24,AJUSTE,1381.58,00,MG-CORE-01,BR,BR-7664019331
TXN00004056,CLI000816,2023-06-20,FATURA,3229.51,00,BA-CORE-01,BR,BR-1491778504
TXN00004057,CLI000357,2023-06-24,AJUSTE,3335.05,10,SP-CORE-01,BR,BR-8972930896
TXN00004058,CLI000933,2023-08-05,FATURA,2008.43,00,BA-CORE-01,BR,BR-5082587589
TXN00004059,CLI000754,2023-05-22,ESTORNO,-1810.11,01,BA-CORE-01,BR,BR-7287605035
TXN00004060,CLI000009,2023-09-15,AJUSTE,2899.9,01,BA-CORE-01,BR,BR-2699984810
TXN00004061,CLI000638,2023-07-05,PAGAMENTO,1581.25,02,SP-CORE-01,BR,BR-9330590753
TXN00004062,CLI000334,2023-05-10,ESTORNO,-1333.29,01,RJ-CORE-01,BR,BR-4359506482
TXN00004063,CLI000501,2023-06-05,FATURA,183.86,00,SP-CORE-02,BR,BR-7474924386
TXN00004064,CLI000988,2023-02-14,AJUSTE,2008.32,02,BA-CORE-01,BR,BR-8123984285
TXN00004065,CLI001010,2023-04-23,FATURA,1199.28,10,SP-CORE-01,BR,BR-9200543022
TXN00004066,CLI000842,2023-09-06,FATURA,2453.42,01,SP-CORE-01,BR,BR-3891804979
TXN00004067,CLI000520,2023-01-30,PAGAMENTO,3128.52,02,SP-CORE-01,BR,BR-9199346195
TXN00004068,CLI000475,2023-01-03,PAGAMENTO,1168.26,10,RJ-CORE-01,BR,BR-1140336385
TXN00004069,CLI001142,2023-04-17,ESTORNO,-851.96,10,BA-CORE-01,BR,BR-1112729226
TXN00004070,CLI000795,2023-07-26,PAGAMENTO,1612.12,10,SP-CORE-01,BR,BR-8690182456
TXN00004071,CLI000968,2023-04-25,ESTORNO,1099.37,10,SP-CORE-02,BR,BR-6658494712
TXN00004072,CLI000861,2023-01-23,AJUSTE,812.21,01,RJ-CORE-01,BR,BR-2846920487
TXN00004073,CLI000239,2023-06-20,PAGAMENTO,3195.18,10,RJ-CORE-01,BR,BR-2680888691
TXN00004074,CLI000899,2023-06-04,FATURA,1909.1,00,BA-CORE-01,BR,BR-2842980985
TXN00004075,CLI000699,2023-03-01,AJUSTE,1904.08,02,MG-CORE-01,BR,BR-4127220285
TXN00004076,CLI000738,2023-03-25,ESTORNO,1703.1,10,BA-CORE-01,BR,BR-5975477610
TXN00004077,CLI001180,2023-09-02,ESTORNO,-1459.18,00,SP-CORE-01,BR,BR-1992006484
TXN00004078,CLI000720,2023-07-20,PAGAMENTO,1087.22,10,RJ-CORE-01,BR,BR-9232015048
TXN00004079,CLI000794,2023-06-24,PAGAMENTO,1625.44,10,SP-CORE-02,BR,BR-2384717361
TXN00004080,CLI001188,2023-06-01,AJUSTE,1784.05,02,SP-CORE-01,BR,BR-1400524723
TXN00004081,CLI000854,2023-11-08,FATURA,1786.0,10,BA-CORE-01,BR,BR-5405091237
TXN00004082,CLI000448,2023-08-11,FATURA,1338.77,01,MG-CORE-01,BR,BR-9639490447
TXN00004083,CLI000907,2023-07-29,AJUSTE,2740.62,10,SP-CORE-01,BR,BR-1657338801
TXN00004084,CLI000421,2023-08-22,PAGAMENTO,1547.83,02,MG-CORE-01,BR,BR-5176425710
TXN00004085,CLI000377,2023-03-15,PAGAMENTO,1329.34,10,MG-CORE-01,BR,BR-7750803127
TXN00004086,CLI000489,2023-02-05,PAGAMENTO,2351.88,00,SP-CORE-01,BR,BR-9698553771
TXN00004087,CLI000067,2023-03-05,ESTORNO,472.46,10,SP-CORE-02,BR,BR-4153232553
TXN00004088,CLI000336,2023-10-04,PAGAMENTO,3384.59,01,RJ-CORE-01,BR,BR-9518699099
TXN00004089,CLI000442,2023-04-09,AJUSTE,2401.75,01,SP-CORE-01,BR,BR-8634689853
TXN00004090,CLI000057,2023-05-10,AJUSTE,183571.51,9A,SANTOS-PORT-07,LU,OFFSHORE-112442FH
TXN00004091,CLI000817,2023-10-17,PAGAMENTO,3447.49,02,SP-CORE-02,BR,BR-1398474792
TXN00004092,CLI000662,2023-12-02,ESTORNO,474.19,02,MG-CORE-01,BR,BR-4600539313
TXN00004093,CLI000497,2023-11-03,AJUSTE,1083.21,01,BA-CORE-01,BR,BR-2678474117
TXN00004094,CLI001088,2023-01-25,PAGAMENTO,134.86,10,RJ-CORE-01,BR,BR-5389271768
TXN00004095,CLI001186,2023-05-28,ESTORNO,-1870.34,02,SP-CORE-02,BR,BR-5610973669
TXN00004096,CLI001085,2023-05-12,FATURA,600.18,02,RJ-CORE-01,BR,BR-1327760496
TXN00004097,CLI000271,2023-06-15,FATURA,881.58,10,MG-CORE-01,BR,BR-8247054708
TXN00004098,CLI000915,2023-06-20,ESTORNO,2806.49,10,BA-CORE-01,BR,BR-9196096398
TXN00004099,CLI000267,2023-01-15,PAGAMENTO,2382.0,00,SP-CORE-02,BR,BR-4472691748
TXN00004100,CLI000191,2023-03-04,AJUSTE,886.89,00,MG-CORE-01,BR,BR-6067230051
TXN00004101,CLI000270,2023-10-14,ESTORNO,1416.47,10,SP-CORE-02,BR,BR-1135078768
TXN00004102,CLI001018,2023-10-17,PAGAMENTO,1845.2,10,SP-CORE-02,BR,BR-9486494079
TXN00004103,CLI000742,2023-12-25,AJUSTE,285.48,01,RJ-CORE-01,BR,BR-9563046274
TXN00004104,CLI000804,2023-03-30,PAGAMENTO,2025.44,00,MG-CORE-01,BR,BR-3347125656
TXN00004105,CLI001110,2023-06-03,ESTORNO,419.7,00,SP-CORE-02,BR,BR-8480530923
TXN00004106,CLI000367,2023-08-30,FATURA,35.62,02,SP-CORE-01,BR,BR-4979644466
TXN00004107,CLI000302,2023-06-09,PAGAMENTO,1197.89,00,SP-CORE-02,BR,BR-9716873396
TXN00004108,CLI000740,2023-12-27,AJUSTE,2303.17,00,SP-CORE-01,BR,BR-9688882785
TXN00004109,CLI000282,2023-07-07,ESTORNO,3315.96,00,MG-CORE-01,BR,BR-1654321163
TXN00004110,CLI000270,2023-01-29,FATURA,3042.18,02,MG-CORE-01,BR,BR-9018163876
TXN00004111,CLI000351,2023-06-13,PAGAMENTO,2282.81,00,SP-CORE-01,BR,BR-1931826598
TXN00004112,CLI000350,2023-12-15,PAGAMENTO,2388.3,10,RJ-CORE-01,BR,BR-2406772445
TXN00004113,CLI001095,2023-04-28,FATURA,3039.67,10,SP-CORE-01,BR,BR-1943866804
TXN00004114,CLI000763,2023-05-30,ESTORNO,2577.61,01,SP-CORE-02,BR,BR-5036616886
TXN00004115,CLI000022,2023-03-14,PAGAMENTO,3159.26,01,MG-CORE-01,BR,BR-6444259885
TXN00004116,CLI000315,2023-01-26,PAGAMENTO,2788.76,02,RJ-CORE-01,BR,BR-3068348342
TXN00004117,CLI000701,2023-03-10,AJUSTE,1416.65,00,RJ-CORE-01,BR,BR-5094088928
TXN00004118,CLI000091,2023-11-14,FATURA,2227.25,00,SP-CORE-01,BR,BR-6559065835
TXN00004119,CLI000265,2023-10-17,FATURA,1524.35,10,SP-CORE-02,BR,BR-7424419411
TXN00004120,CLI000723,2023-02-07,ESTORNO,-2008.67,00,SP-CORE-01,BR,BR-6124128956
TXN00004121,CLI000008,2023-05-02,AJUSTE,809.42,01,BA-CORE-01,BR,BR-1742855478
TXN00004122,CLI000331,2023-10-22,ESTORNO,-2273.11,01,MG-CORE-01,BR,BR-2687174501
TXN00004123,CLI000159,2023-06-25,FATURA,1883.63,02,RJ-CORE-01,BR,BR-2338247946
TXN00004124,CLI000338,2023-04-19,PAGAMENTO,2811.21,10,SP-CORE-01,BR,BR-4410631499
TXN00004125,CLI000635,2023-08-27,FATURA,1183.18,10,RJ-CORE-01,BR,BR-7390188891
TXN00004126,CLI000844,2023-06-03,AJUSTE,1973.28,10,SP-CORE-02,BR,BR-9086810658
TXN00004127,CLI000487,2023-07-17,AJUSTE,473.4,00,BA-CORE-01,BR,BR-8503648320
TXN00004128,CLI000890,2023-04-02,FATURA,1065.32,10,MG-CORE-01,BR,BR-8799197622
TXN00004129,CLI000627,2023-09-03,PAGAMENTO,618.04,02,RJ-CORE-01,BR,BR-3675382218
TXN00004130,CLI001063,2023-11-19,AJUSTE,3094.03,02,BA-CORE-01,BR,BR-7903282246
TXN00004131,CLI000226,2023-03-26,PAGAMENTO,2120.53,10,RJ-CORE-01,BR,BR-2843885186
TXN00004132,CLI000089,2023-07-27,ESTORNO,2639.34,02,SP-CORE-02,BR,BR-7730823799
TXN00004133,CLI001094,2023-11-11,AJUSTE,3206.95,00,SP-CORE-02,BR,BR-5570988739
TXN00004134,CLI000858,2023-11-25,FATURA,1052.96,02,MG-CORE-01,BR,BR-7491228078
TXN00004135,CLI000020,2023-11-17,FATURA,126.39,00,BA-CORE-01,BR,BR-7815551519
TXN00004136,CLI000851,2023-08-03,FATURA,2452.53,10,SP-CORE-02,BR,BR-6807883867
TXN00004137,CLI000258,2023-05-28,AJUSTE,3078.85,10,MG-CORE-01,BR,BR-1128591125
TXN00004138,CLI000473,2023-05-14,ESTORNO,2086.77,00,SP-CORE-02,BR,BR-6680872342
TXN00004139,CLI000681,2023-11-01,FATURA,2666.45,02,SP-CORE-01,BR,BR-4396874072
TXN00004140,CLI000374,2023-08-27,AJUSTE,-169438.92,9A,SANTOS-PORT-07,LU,OFFSHORE-164938LH
TXN00004141,CLI000863,2023-06-09,PAGAMENTO,3191.82,02,MG-CORE-01,BR,BR-1933998295
TXN00004142,CLI000457,2023-01-06,FATURA,2226.79,02,SP-CORE-02,BR,BR-7704266577
TXN00004143,CLI000336,2023-06-18,AJUSTE,2145.65,02,MG-CORE-01,BR,BR-3883404698
TXN00004144,CLI000855,2023-10-22,AJUSTE,1894.69,01,RJ-CORE-01,BR,BR-8070676290
TXN00004145,CLI000511,2023-12-22,PAGAMENTO,1694.92,10,SP-CORE-01,BR,BR-7164160975
TXN00004146,CLI000484,2023-03-28,FATURA,598.25,01,RJ-CORE-01,BR,BR-8788469970
TXN00004147,CLI001153,2023-06-16,PAGAMENTO,56.88,01,SP-CORE-02,BR,BR-1851049558
TXN00004148,CLI000929,2023-10-22,FATURA,152.02,00,MG-CORE-01,BR,BR-7416398798
TXN00004149,CLI000925,2023-02-04,PAGAMENTO,3029.04,02,RJ-CORE-01,BR,BR-6473572695
TXN00004150,CLI000108,2023-05-08,PAGAMENTO,2950.28,02,RJ-CORE-01,BR,BR-1512213630
TXN00004151,CLI000295,2023-04-01,ESTORNO,-2251.72,00,MG-CORE-01,BR,BR-2944697243
TXN00004152,CLI000461,2023-08-10,FATURA,1561.2,02,RJ-CORE-01,BR,BR-7878092406
TXN00004153,CLI000568,2023-06-06,AJUSTE,3346.73,10,BA-CORE-01,BR,BR-7834027827
TXN00004154,CLI001143,2023-04-19,ESTORNO,2592.91,01,RJ-CORE-01,BR,BR-5386315651
TXN00004155,CLI000454,2023-06-21,AJUSTE,1609.22,01,BA-CORE-01,BR,BR-9666540904
TXN00004156,CLI000510,2023-01-11,AJUSTE,3271.2,01,RJ-CORE-01,BR,BR-7278262300
TXN00004157,CLI000208,2023-01-26,AJUSTE,649.14,01,MG-CORE-01,BR,BR-9447571702
TXN00004158,CLI001168,2023-03-20,AJUSTE,1040.06,10,RJ-CORE-01,BR,BR-3265654028
TXN00004159,CLI000711,2023-04-08,ESTORNO,-2506.74,10,SP-CORE-02,BR,BR-1069888983
TXN00004160,CLI000510,2023-06-15,FATURA,3207.17,10,SP-CORE-01,BR,BR-3018176579
TXN00004161,CLI000749,2023-06-17,AJUSTE,353.51,00,MG-CORE-01,BR,BR-6587745053
TXN00004162,CLI000547,2023-06-16,ESTORNO,1879.44,10,SP-CORE-01,BR,BR-6780272082
TXN00004163,CLI000626,2023-05-20,FATURA,548.56,02,RJ-CORE-01,BR,BR-9932532156
TXN00004164,CLI000180,2023-02-10,FATURA,2086.18,01,RJ-CORE-01,BR,BR-8621906659
TXN00004165,CLI000155,2023-06-14,AJUSTE,829.34,00,MG-CORE-01,BR,BR-5497143326
TXN00004166,CLI000458,2023-05-08,FATURA,2881.59,02,SP-CORE-01,BR,BR-9521072699
TXN00004167,CLI001019,2023-11-09,ESTORNO,-3364.27,00,BA-CORE-01,BR,BR-4910446704
TXN00004168,CLI000356,2023-07-03,ESTORNO,1746.7,00,MG-CORE-01,BR,BR-8915949601
TXN00004169,CLI000841,2023-05-23,AJUSTE,1445.34,00,MG-CORE-01,BR,BR-1441280475
TXN00004170,CLI000648,2023-02-08,AJUSTE,2356.3,02,MG-CORE-01,BR,BR-1962134345
TXN00004171,CLI000150,2023-01-05,AJUSTE,3061.52,00,MG-CORE-01,BR,BR-4545308821
TXN00004172,CLI000790,2023-01-22,ESTORNO,1026.28,00,RJ-CORE-01,BR,BR-1595859831
TXN00004173,CLI000442,2023-12-08,ESTORNO,-2289.42,10,MG-CORE-01,BR,BR-9562190704
TXN00004174,CLI000224,2023-01-13,PAGAMENTO,3196.91,00,BA-CORE-01,BR,BR-8405611782
TXN00004175,CLI000444,2023-02-10,FATURA,3209.28,10,SP-CORE-01,BR,BR-1972128295
TXN00004176,CLI000425,2023-09-06,AJUSTE,2912.08,00,BA-CORE-01,BR,BR-1378028953
TXN00004177,CLI000498,2023-05-24,FATURA,2801.39,10,SP-CORE-01,BR,BR-8783691893
TXN00004178,CLI000182,2023-07-28,FATURA,3384.76,10,BA-CORE-01,BR,BR-5520414347
TXN00004179,CLI000782,2023-08-04,ESTORNO,3259.75,00,RJ-CORE-01,BR,BR-1185010792
TXN00004180,CLI000071,2023-07-24,ESTORNO,-2660.43,01,MG-CORE-01,BR,BR-2306916015
TXN00004181,CLI001135,2023-09-03,FATURA,3323.38,10,SP-CORE-02,BR,BR-6427666706
TXN00004182,CLI000396,2023-12-11,FATURA,2347.3,02,MG-CORE-01,BR,BR-6925149894
TXN00004183,CLI001057,2023-04-18,PAGAMENTO,1243.93,02,SP-CORE-01,BR,BR-4000742597
TXN00004184,CLI000909,2023-12-31,AJUSTE,2738.12,01,SP-CORE-01,BR,BR-4972236629
TXN00004185,CLI000844,2023-02-22,ESTORNO,2252.57,02,RJ-CORE-01,BR,BR-7800879736
TXN00004186,CLI000073,2023-02-10,PAGAMENTO,925.54,10,RJ-CORE-01,BR,BR-1514972684
TXN00004187,CLI000141,2023-07-14,PAGAMENTO,1853.46,10,MG-CORE-01,BR,BR-9141012041
TXN00004188,CLI000094,2023-09-09,ESTORNO,-3128.39,00,MG-CORE-01,BR,BR-8030447630
TXN00004189,CLI000510,2023-12-09,ESTORNO,2134.52,02,MG-CORE-01,BR,BR-3870048566
TXN00004190,CLI000301,2023-09-15,FATURA,189.87,10,SP-CORE-02,BR,BR-6499884316
TXN00004191,CLI000439,2023-01-17,FATURA,488.77,02,MG-CORE-01,BR,BR-3073207837
TXN00004192,CLI000410,2023-08-29,AJUSTE,2468.2,10,SP-CORE-02,BR,BR-5689242601
TXN00004193,CLI000330,2023-07-13,FATURA,1743.05,10,SP-CORE-01,BR,BR-8585779744
TXN00004194,CLI000212,2023-02-25,PAGAMENTO,1311.69,10,SP-CORE-02,BR,BR-4055359754
TXN00004195,CLI000691,2023-05-15,AJUSTE,2333.46,01,RJ-CORE-01,BR,BR-4675905639
TXN00004196,CLI001039,2023-01-13,ESTORNO,2310.48,02,RJ-CORE-01,BR,BR-3984852250
TXN00004197,CLI000823,2023-12-07,FATURA,1981.28,01,BA-CORE-01,BR,BR-3124315530
TXN00004198,CLI000774,2023-05-02,PAGAMENTO,1831.09,10,SP-CORE-02,BR,BR-1912575226
TXN00004199,CLI001078,2023-07-20,FATURA,766.65,01,RJ-CORE-01,BR,BR-3879771081
TXN00004200,CLI000597,2023-12-10,AJUSTE,226.85,00,BA-CORE-01,BR,BR-2653821070
TXN00004201,CLI000037,2023-06-10,AJUSTE,567.71,02,BA-CORE-01,BR,BR-3094421807
TXN00004202,CLI001164,2023-12-21,PAGAMENTO,3408.33,02,SP-CORE-01,BR,BR-2462222211
TXN00004203,CLI001049,2023-06-10,PAGAMENTO,3466.49,10,MG-CORE-01,BR,BR-9351054360
TXN00004204,CLI000774,2023-12-21,PAGAMENTO,697.39,00,BA-CORE-01,BR,BR-8338004726
TXN00004205,CLI000115,2023-03-16,AJUSTE,1192.15,10,RJ-CORE-01,BR,BR-3814446299
TXN00004206,CLI000588,2023-03-26,FATURA,463.33,00,SP-CORE-02,BR,BR-1558605632
TXN00004207,CLI000378,2023-07-10,FATURA,1350.2,10,MG-CORE-01,BR,BR-9232151988
TXN00004208,CLI000340,2023-02-10,ESTORNO,2314.35,00,RJ-CORE-01,BR,BR-2718866989
TXN00004209,CLI001111,2023-06-22,FATURA,261.69,10,MG-CORE-01,BR,BR-5589770880
TXN00004210,CLI001134,2023-04-03,FATURA,776.93,01,MG-CORE-01,BR,BR-2817174845
TXN00004211,CLI000397,2023-05-22,ESTORNO,-1710.98,00,BA-CORE-01,BR,BR-8242457324
TXN00004212,CLI000662,2023-02-12,PAGAMENTO,1155.82,10,MG-CORE-01,BR,BR-1438363066
TXN00004213,CLI000532,2023-06-05,ESTORNO,1074.2,00,SP-CORE-02,BR,BR-1473301871
TXN00004214,CLI000501,2023-05-09,AJUSTE,1887.69,10,SP-CORE-02,BR,BR-2979322046
TXN00004215,CLI000464,2023-05-01,PAGAMENTO,1627.84,02,RJ-CORE-01,BR,BR-2145711176
TXN00004216,CLI000780,2023-02-26,FATURA,3198.63,00,SP-CORE-02,BR,BR-7575102757
TXN00004217,CLI000014,2023-05-15,FATURA,2762.19,01,BA-CORE-01,BR,BR-6806610347
TXN00004218,CLI001163,2023-02-13,PAGAMENTO,105.29,10,SP-CORE-01,BR,BR-3363538831
TXN00004219,CLI000293,2023-02-22,FATURA,2854.75,01,RJ-CORE-01,BR,BR-6817218959
TXN00004220,CLI000452,2023-09-06,ESTORNO,1444.04,01,RJ-CORE-01,BR,BR-1910816645
TXN00004221,CLI001152,2023-02-10,ESTORNO,-997.54,01,SP-CORE-01,BR,BR-2433400257
TXN00004222,CLI000321,2023-06-09,FATURA,53.78,02,SP-CORE-01,BR,BR-7190510734
TXN00004223,CLI001029,2023-11-22,ESTORNO,-423.14,00,RJ-CORE-01,BR,BR-2588195929
TXN00004224,CLI000607,2023-08-01,ESTORNO,-24.75,02,SP-CORE-01,BR,BR-9800965219
TXN00004225,CLI000538,2023-09-27,PAGAMENTO,760.13,00,SP-CORE-02,BR,BR-9280782675
TXN00004226,CLI000968,2023-07-19,ESTORNO,-965.75,10,SP-CORE-02,BR,BR-6127897303
TXN00004227,CLI000922,2023-01-28,ESTORNO,-1603.38,02,SP-CORE-01,BR,BR-6108647286
TXN00004228,CLI000506,2023-05-13,ESTORNO,2171.46,10,SP-CORE-01,BR,BR-7903937176
TXN00004229,CLI000829,2023-12-29,FATURA,816.08,02,SP-CORE-01,BR,BR-7522416609
TXN00004230,CLI000924,2023-02-06,ESTORNO,-34.99,10,SP-CORE-01,BR,BR-9804130816
TXN00004231,CLI000813,2023-04-30,ESTORNO,3292.26,00,RJ-CORE-01,BR,BR-1477096961
TXN00004232,CLI001094,2023-02-14,AJUSTE,2405.35,00,SP-CORE-01,BR,BR-1494728301
TXN00004233,CLI000660,2023-11-26,PAGAMENTO,1176.36,10,SP-CORE-01,BR,BR-4844246833
TXN00004234,CLI000576,2023-07-22,AJUSTE,150.33,02,SP-CORE-01,BR,BR-7765563516
TXN00004235,CLI000616,2023-05-29,PAGAMENTO,3328.03,10,MG-CORE-01,BR,BR-2025497024
TXN00004236,CLI001059,2023-11-22,PAGAMENTO,2233.8,02,BA-CORE-01,BR,BR-3285488356
TXN00004237,CLI000052,2023-08-28,FATURA,62.17,01,MG-CORE-01,BR,BR-2183089470
TXN00004238,CLI000996,2023-08-22,FATURA,2796.8,00,SP-CORE-01,BR,BR-7032536684
TXN00004239,CLI000414,2023-12-01,AJUSTE,1692.04,02,BA-CORE-01,BR,BR-2687430058
TXN00004240,CLI000219,2023-08-16,FATURA,1856.76,00,SP-CORE-01,BR,BR-8265726536
TXN00004241,CLI000349,2023-01-27,PAGAMENTO,3474.6,02,BA-CORE-01,BR,BR-3126746095
TXN00004242,CLI000867,2023-05-18,FATURA,1017.42,00,RJ-CORE-01,BR,BR-6169317325
TXN00004243,CLI001157,2023-05-24,PAGAMENTO,811.52,01,BA-CORE-01,BR,BR-8030428597
TXN00004244,CLI001163,2023-12-26,PAGAMENTO,3241.15,02,SP-CORE-02,BR,BR-1013343914
TXN00004245,CLI000738,2023-09-03,FATURA,2721.02,00,SP-CORE-02,BR,BR-7966945268
TXN00004246,CLI001200,2023-01-01,AJUSTE,3069.99,00,RJ-CORE-01,BR,BR-8469337898
TXN00004247,CLI000229,2023-07-16,AJUSTE,2200.25,02,SP-CORE-02,BR,BR-3954662289
TXN00004248,CLI000444,2023-11-28,PAGAMENTO,2913.52,01,SP-CORE-01,BR,BR-6026110651
TXN00004249,CLI000312,2023-08-07,ESTORNO,-2436.76,01,RJ-CORE-01,BR,BR-3926773184
TXN00004250,CLI000315,2023-10-14,AJUSTE,2882.94,10,RJ-CORE-01,BR,BR-1715736788
TXN00004251,CLI000161,2023-12-04,PAGAMENTO,2846.0,10,SP-CORE-01,BR,BR-2955139212
TXN00004252,CLI000800,2023-05-21,AJUSTE,2026.24,00,MG-CORE-01,BR,BR-5132802357
TXN00004253,CLI000208,2023-01-18,PAGAMENTO,1517.87,02,RJ-CORE-01,BR,BR-8155550288
TXN00004254,CLI000243,2023-04-28,PAGAMENTO,2890.15,10,BA-CORE-01,BR,BR-7132880644
TXN00004255,CLI001142,2023-07-18,FATURA,494.14,00,MG-CORE-01,BR,BR-1089450635
TXN00004256,CLI000428,2023-07-09,AJUSTE,2630.4,10,RJ-CORE-01,BR,BR-9479858251
TXN00004257,CLI000996,2023-01-08,PAGAMENTO,373.65,02,RJ-CORE-01,BR,BR-4784972278
TXN00004258,CLI000974,2023-04-29,FATURA,2105.56,01,RJ-CORE-01,BR,BR-9631741253
TXN00004259,CLI000742,2023-10-04,FATURA,3449.76,10,BA-CORE-01,BR,BR-5299290068
TXN00004260,CLI000356,2023-03-06,ESTORNO,2123.09,00,RJ-CORE-01,BR,BR-4750445064
TXN00004261,CLI000171,2023-01-28,PAGAMENTO,44.67,00,SP-CORE-01,BR,BR-3029665156
TXN00004262,CLI000529,2023-08-06,ESTORNO,-276.82,00,BA-CORE-01,BR,BR-9664627586
TXN00004263,CLI000003,2023-11-16,ESTORNO,2201.26,00,SP-CORE-02,BR,BR-3160997637
TXN00004264,CLI000621,2023-12-11,FATURA,2594.74,01,SP-CORE-02,BR,BR-4242668018
TXN00004265,CLI000403,2023-10-21,PAGAMENTO,2193.24,10,MG-CORE-01,BR,BR-4329701564
TXN00004266,CLI001012,2023-02-07,AJUSTE,233.54,02,BA-CORE-01,BR,BR-5724431673
TXN00004267,CLI000859,2023-11-18,PAGAMENTO,872.64,10,RJ-CORE-01,BR,BR-6736690534
TXN00004268,CLI000279,2023-11-07,FATURA,501.99,00,BA-CORE-01,BR,BR-7638795698
TXN00004269,CLI000589,2023-01-11,AJUSTE,1449.1,00,BA-CORE-01,BR,BR-8144285185
TXN00004270,CLI000389,2023-09-04,FATURA,1357.73,01,SP-CORE-01,BR,BR-6383899766
TXN00004271,CLI000868,2023-05-15,PAGAMENTO,2680.73,10,BA-CORE-01,BR,BR-2970319532
TXN00004272,CLI000890,2023-06-12,AJUSTE,3197.45,00,MG-CORE-01,BR,BR-8850124241
TXN00004273,CLI001171,2023-01-08,ESTORNO,2931.37,01,SP-CORE-02,BR,BR-3080288209
TXN00004274,CLI000306,2023-12-04,AJUSTE,645.3,02,SP-CORE-02,BR,BR-3747921408
TXN00004275,CLI000493,2023-08-21,PAGAMENTO,3192.05,01,MG-CORE-01,BR,BR-5269571438
TXN00004276,CLI000642,2023-10-26,PAGAMENTO,924.93,02,SP-CORE-02,BR,BR-6829105597
TXN00004277,CLI001066,2023-11-11,AJUSTE,1462.37,02,RJ-CORE-01,BR,BR-1132734573
TXN00004278,CLI000238,2023-05-08,ESTORNO,2808.99,10,BA-CORE-01,BR,BR-7144897817
TXN00004279,CLI000873,2023-06-08,FATURA,2745.37,01,SP-CORE-02,BR,BR-1383428853
TXN00004280,CLI000175,2023-01-13,ESTORNO,-2125.4,00,RJ-CORE-01,BR,BR-9213654445
TXN00004281,CLI001087,2023-06-12,ESTORNO,2464.63,00,MG-CORE-01,BR,BR-6046381494
TXN00004282,CLI000312,2023-11-09,PAGAMENTO,201.41,02,BA-CORE-01,BR,BR-6717441860
TXN00004283,CLI000239,2023-05-17,FATURA,3341.76,01,MG-CORE-01,BR,BR-7825337991
TXN00004284,CLI000444,2023-04-02,PAGAMENTO,3104.41,10,MG-CORE-01,BR,BR-6481439687
TXN00004285,CLI000014,2023-04-08,AJUSTE,1147.52,02,SP-CORE-01,BR,BR-1818503364
TXN00004286,CLI000933,2023-11-15,AJUSTE,1131.77,10,MG-CORE-01,BR,BR-8309328395
TXN00004287,CLI000710,2023-11-05,AJUSTE,2910.41,10,BA-CORE-01,BR,BR-5823081903
TXN00004288,CLI000552,2023-10-16,FATURA,3366.61,01,RJ-CORE-01,BR,BR-8710896127
TXN00004289,CLI000025,2023-02-07,FATURA,244.08,01,MG-CORE-01,BR,BR-6785311561
TXN00004290,CLI000949,2023-12-30,AJUSTE,1856.42,01,RJ-CORE-01,BR,BR-5330765328
TXN00004291,CLI000329,2023-02-23,PAGAMENTO,379.87,02,BA-CORE-01,BR,BR-5926890511
TXN00004292,CLI000741,2023-04-17,AJUSTE,126.59,00,BA-CORE-01,BR,BR-3924542318
TXN00004293,CLI000518,2023-05-08,PAGAMENTO,131.62,01,BA-CORE-01,BR,BR-5993358302
TXN00004294,CLI000967,2023-09-19,AJUSTE,1642.86,01,SP-CORE-01,BR,BR-7385863902
TXN00004295,CLI000724,2023-02-12,AJUSTE,617.74,10,SP-CORE-02,BR,BR-2265841695
TXN00004296,CLI000132,2023-10-06,ESTORNO,-1234.3,01,SP-CORE-01,BR,BR-2949306060
TXN00004297,CLI000519,2023-01-12,PAGAMENTO,1935.44,01,BA-CORE-01,BR,BR-6228372352
TXN00004298,CLI000881,2023-08-12,FATURA,2392.94,01,MG-CORE-01,BR,BR-1530152576
TXN00004299,CLI000671,2023-11-19,AJUSTE,1396.55,00,SP-CORE-02,BR,BR-7392485211
TXN00004300,CLI000067,2023-06-19,ESTORNO,337.98,00,SP-CORE-01,BR,BR-5316829737
TXN00004301,CLI000880,2023-11-13,FATURA,1076.44,02,SP-CORE-02,BR,BR-4582475407
TXN00004302,CLI000022,2023-04-17,AJUSTE,2421.48,00,SP-CORE-02,BR,BR-5509294947
TXN00004303,CLI001084,2023-03-10,PAGAMENTO,468.93,02,SP-CORE-01,BR,BR-5886464965
TXN00004304,CLI000563,2023-01-02,AJUSTE,2474.76,01,RJ-CORE-01,BR,BR-9069049958
TXN00004305,CLI000891,2023-08-22,AJUSTE,1171.51,01,BA-CORE-01,BR,BR-3408399111
TXN00004306,CLI000453,2023-10-14,AJUSTE,124.87,00,MG-CORE-01,BR,BR-5096047004
TXN00004307,CLI001144,2023-08-05,FATURA,2944.01,10,BA-CORE-01,BR,BR-8358125511
TXN00004308,CLI000521,2023-12-13,PAGAMENTO,1083.31,01,SP-CORE-02,BR,BR-4148439236
TXN00004309,CLI000801,2023-05-23,ESTORNO,-3186.39,00,SP-CORE-01,BR,BR-4943895991
TXN00004310,CLI000679,2023-10-25,ESTORNO,-1635.79,00,BA-CORE-01,BR,BR-2248985201
TXN00004311,CLI000614,2023-02-21,FATURA,1165.61,00,MG-CORE-01,BR,BR-5432993319
TXN00004312,CLI000266,2023-10-25,AJUSTE,3309.89,01,BA-CORE-01,BR,BR-9301891589
TXN00004313,CLI000836,2023-02-19,ESTORNO,434.17,00,RJ-CORE-01,BR,BR-6953859063
TXN00004314,CLI000333,2023-02-20,PAGAMENTO,2563.21,01,SP-CORE-01,BR,BR-4883349761
TXN00004315,CLI001132,2023-07-10,ESTORNO,576.09,01,SP-CORE-02,BR,BR-9130517572
TXN00004316,CLI000623,2023-06-16,FATURA,1771.19,01,MG-CORE-01,BR,BR-9247171004
TXN00004317,CLI000829,2023-06-29,AJUSTE,3225.89,00,RJ-CORE-01,BR,BR-7859229401
TXN00004318,CLI000096,2023-06-24,AJUSTE,2616.61,01,BA-CORE-01,BR,BR-9057068336
TXN00004319,CLI000655,2023-02-14,FATURA,423.02,02,SP-CORE-02,BR,BR-4297076131
TXN00004320,CLI000453,2023-04-03,PAGAMENTO,1631.26,01,MG-CORE-01,BR,BR-2073829642
TXN00004321,CLI000522,2023-08-16,FATURA,981.73,00,SP-CORE-02,BR,BR-6151912812
TXN00004322,CLI001114,2023-10-01,ESTORNO,-3120.31,00,BA-CORE-01,BR,BR-2309948279
TXN00004323,CLI000451,2023-02-04,PAGAMENTO,2801.47,02,SP-CORE-02,BR,BR-6082544784
TXN00004324,CLI000093,2023-12-26,ESTORNO,1163.1,02,RJ-CORE-01,BR,BR-8876335861
TXN00004325,CLI000181,2023-06-30,ESTORNO,-1981.09,10,RJ-CORE-01,BR,BR-1412498542
TXN00004326,CLI000458,2023-12-15,FATURA,675.52,10,BA-CORE-01,BR,BR-7556574228
TXN00004327,CLI000293,2023-12-29,FATURA,1082.97,02,MG-CORE-01,BR,BR-8276247494
TXN00004328,CLI000002,2023-05-09,PAGAMENTO,1151.48,00,SP-CORE-01,BR,BR-6830671474
TXN00004329,CLI000344,2023-09-29,ESTORNO,2005.13,00,SP-CORE-01,BR,BR-6816218289
TXN00004330,CLI000770,2023-03-01,AJUSTE,2722.53,01,MG-CORE-01,BR,BR-7298795267
TXN00004331,CLI000887,2023-01-04,FATURA,3205.64,01,RJ-CORE-01,BR,BR-9424350379
TXN00004332,CLI000576,2023-03-08,FATURA,2357.23,01,SP-CORE-01,BR,BR-2981199619
TXN00004333,CLI000982,2023-02-24,PAGAMENTO,2596.85,01,BA-CORE-01,BR,BR-8588218088
TXN00004334,CLI000452,2023-08-27,AJUSTE,385.86,02,MG-CORE-01,BR,BR-9189853166
TXN00004335,CLI000749,2023-09-24,AJUSTE,2375.12,02,SP-CORE-02,BR,BR-4378559057
TXN00004336,CLI000958,2023-09-20,PAGAMENTO,2288.82,02,SP-CORE-02,BR,BR-2602500198
TXN00004337,CLI000486,2023-12-23,PAGAMENTO,864.64,00,SP-CORE-01,BR,BR-9065112088
TXN00004338,CLI000948,2023-10-28,PAGAMENTO,1010.29,02,RJ-CORE-01,BR,BR-8924675684
TXN00004339,CLI000349,2023-06-08,ESTORNO,984.32,00,MG-CORE-01,BR,BR-5835857609
TXN00004340,CLI000610,2023-03-11,PAGAMENTO,1361.89,02,RJ-CORE-01,BR,BR-3877968405
TXN00004341,CLI000531,2023-07-01,PAGAMENTO,3477.43,00,MG-CORE-01,BR,BR-7519795910
TXN00004342,CLI000675,2023-06-24,AJUSTE,2037.49,01,BA-CORE-01,BR,BR-4604328146
TXN00004343,CLI000644,2023-08-25,FATURA,2847.06,10,RJ-CORE-01,BR,BR-1363608048
TXN00004344,CLI001131,2023-09-17,PAGAMENTO,2652.02,10,RJ-CORE-01,BR,BR-5754738881
TXN00004345,CLI000080,2023-07-13,FATURA,1679.79,02,SP-CORE-02,BR,BR-3552669535
TXN00004346,CLI000954,2023-12-22,PAGAMENTO,752.6,10,SP-CORE-01,BR,BR-8825173287
TXN00004347,CLI000006,2023-02-18,PAGAMENTO,3082.96,01,RJ-CORE-01,BR,BR-7723528199
TXN00004348,CLI000305,2023-09-18,PAGAMENTO,1880.41,10,BA-CORE-01,BR,BR-8261041225
TXN00004349,CLI000484,2023-04-12,AJUSTE,2509.93,02,RJ-CORE-01,BR,BR-4712200911
TXN00004350,CLI000683,2023-07-29,AJUSTE,2044.12,02,SP-CORE-02,BR,BR-4079282743
TXN00004351,CLI000401,2023-04-06,FATURA,800.24,01,MG-CORE-01,BR,BR-4013231659
TXN00004352,CLI000923,2023-08-23,AJUSTE,847.87,02,SP-CORE-01,BR,BR-3217337132
TXN00004353,CLI000263,2023-05-15,AJUSTE,2087.94,00,SP-CORE-02,BR,BR-9449396649
TXN00004354,CLI000676,2023-05-18,AJUSTE,1697.61,00,RJ-CORE-01,BR,BR-1585845375
TXN00004355,CLI000706,2023-10-27,FATURA,865.73,02,RJ-CORE-01,BR,BR-5959722992
TXN00004356,CLI000842,2023-01-22,PAGAMENTO,3198.1,01,SP-CORE-01,BR,BR-7993235236
TXN00004357,CLI000544,2023-08-29,FATURA,895.14,01,MG-CORE-01,BR,BR-5022370931
TXN00004358,CLI000221,2023-10-16,ESTORNO,973.85,10,MG-CORE-01,BR,BR-8755065294
TXN00004359,CLI000858,2023-12-06,AJUSTE,2097.79,01,MG-CORE-01,BR,BR-1861999412
TXN00004360,CLI000307,2023-01-16,ESTORNO,-1542.85,10,SP-CORE-01,BR,BR-1288372981
TXN00004361,CLI000607,2023-12-02,AJUSTE,2491.09,00,RJ-CORE-01,BR,BR-4779137718
TXN00004362,CLI000760,2023-08-03,ESTORNO,1959.95,02,SP-CORE-02,BR,BR-3232620908
TXN00004363,CLI000836,2023-06-15,ESTORNO,-2843.25,02,BA-CORE-01,BR,BR-2061742064
TXN00004364,CLI000998,2023-12-28,AJUSTE,1178.25,00,MG-CORE-01,BR,BR-5739956073
TXN00004365,CLI000393,2023-04-21,ESTORNO,827.66,01,MG-CORE-01,BR,BR-7467381113
TXN00004366,CLI001065,2023-05-15,FATURA,2380.74,10,SP-CORE-01,BR,BR-2678103394
TXN00004367,CLI000773,2023-12-22,AJUSTE,2601.57,01,MG-CORE-01,BR,BR-4977330607
TXN00004368,CLI000307,2023-08-06,AJUSTE,3116.48,00,SP-CORE-02,BR,BR-6583130018
TXN00004369,CLI000214,2023-10-16,FATURA,1565.55,02,SP-CORE-01,BR,BR-5824092354
TXN00004370,CLI000698,2023-11-07,PAGAMENTO,149.2,10,SP-CORE-01,BR,BR-1093019873
TXN00004371,CLI000518,2023-03-30,FATURA,154.58,01,BA-CORE-01,BR,BR-2033720874
TXN00004372,CLI000235,2023-11-10,ESTORNO,135.41,10,BA-CORE-01,BR,BR-6155468456
TXN00004373,CLI000149,2023-04-04,PAGAMENTO,2553.84,01,SP-CORE-02,BR,BR-7358555069
TXN00004374,CLI000691,2023-10-23,AJUSTE,3221.13,01,SP-CORE-01,BR,BR-7823688564
TXN00004375,CLI000087,2023-01-13,AJUSTE,1691.74,01,SP-CORE-02,BR,BR-6476862198
TXN00004376,CLI000949,2023-10-14,FATURA,-126591.64,9A,SANTOS-PORT-07,PA,OFFSHORE-052774MW
TXN00004377,CLI001147,2023-05-24,PAGAMENTO,652.77,00,RJ-CORE-01,BR,BR-5974923010
TXN00004378,CLI000128,2023-09-09,ESTORNO,2578.98,10,SP-CORE-02,BR,BR-6200261098
TXN00004379,CLI000864,2023-04-10,PAGAMENTO,544.53,00,SP-CORE-01,BR,BR-7550064137
TXN00004380,CLI001188,2023-05-30,FATURA,920.23,10,RJ-CORE-01,BR,BR-3203512161
TXN00004381,CLI001163,2023-03-12,ESTORNO,-2597.47,02,MG-CORE-01,BR,BR-5945236997
TXN00004382,CLI000319,2023-12-21,PAGAMENTO,2880.27,10,RJ-CORE-01,BR,BR-7713668526
TXN00004383,CLI000514,2023-06-25,ESTORNO,635.56,10,SP-CORE-02,BR,BR-5896431504
TXN00004384,CLI000008,2023-09-11,PAGAMENTO,1925.14,02,SP-CORE-01,BR,BR-8122962522
TXN00004385,CLI000177,2023-08-02,ESTORNO,1126.92,10,MG-CORE-01,BR,BR-9261270535
TXN00004386,CLI000628,2023-11-11,AJUSTE,1808.54,10,SP-CORE-02,BR,BR-7372634805
TXN00004387,CLI000822,2023-07-24,AJUSTE,1838.14,01,BA-CORE-01,BR,BR-9429109595
TXN00004388,CLI000897,2023-12-29,FATURA,2260.78,10,RJ-CORE-01,BR,BR-2113367267
TXN00004389,CLI000869,2023-01-01,FATURA,1208.77,10,SP-CORE-01,BR,BR-8291861073
TXN00004390,CLI000022,2023-06-21,FATURA,1367.43,10,BA-CORE-01,BR,BR-7789160970
TXN00004391,CLI000967,2023-02-08,AJUSTE,2421.11,10,MG-CORE-01,BR,BR-8859301687
TXN00004392,CLI000253,2023-11-22,ESTORNO,-243.08,10,BA-CORE-01,BR,BR-1290210829
TXN00004393,CLI000554,2023-05-15,AJUSTE,129408.38,4F,SANTOS-PORT-07,KY,OFFSHORE-101759AX
TXN00004394,CLI000176,2023-07-24,FATURA,2775.48,00,BA-CORE-01,BR,BR-6042580412
TXN00004395,CLI001054,2023-10-12,ESTORNO,-88.63,10,SP-CORE-01,BR,BR-7225596472
TXN00004396,CLI000081,2023-09-06,PAGAMENTO,3055.33,00,RJ-CORE-01,BR,BR-3390012828
TXN00004397,CLI000120,2023-08-28,PAGAMENTO,2278.05,00,MG-CORE-01,BR,BR-6135569472
TXN00004398,CLI000311,2023-04-26,ESTORNO,-802.78,02,MG-CORE-01,BR,BR-7404238705
TXN00004399,CLI001169,2023-07-31,ESTORNO,-309.67,00,RJ-CORE-01,BR,BR-8210601642
TXN00004400,CLI001138,2023-01-27,FATURA,2373.47,00,SP-CORE-01,BR,BR-1968500282
TXN00004401,CLI000592,2023-01-15,ESTORNO,-2548.26,00,RJ-CORE-01,BR,BR-4187526779
TXN00004402,CLI000068,2023-03-25,PAGAMENTO,2407.55,01,BA-CORE-01,BR,BR-4393042281
TXN00004403,CLI000747,2023-01-07,FATURA,3464.36,01,BA-CORE-01,BR,BR-9959380382
TXN00004404,CLI000865,2023-05-18,PAGAMENTO,2276.51,02,SP-CORE-02,BR,BR-9694057718
TXN00004405,CLI000343,2023-11-01,ESTORNO,3037.4,10,RJ-CORE-01,BR,BR-1413202112
TXN00004406,CLI000829,2023-03-19,ESTORNO,-1354.85,02,SP-CORE-02,BR,BR-5317456982
TXN00004407,CLI000751,2023-02-27,ESTORNO,-1235.29,01,MG-CORE-01,BR,BR-8620928447
TXN00004408,CLI000810,2023-04-07,FATURA,849.48,01,MG-CORE-01,BR,BR-4712961266
TXN00004409,CLI000656,2023-07-14,PAGAMENTO,1876.83,10,SP-CORE-01,BR,BR-2463343954
TXN00004410,CLI000744,2023-09-12,ESTORNO,2688.54,10,RJ-CORE-01,BR,BR-7563373617
TXN00004411,CLI000072,2023-11-12,ESTORNO,2538.08,00,RJ-CORE-01,BR,BR-8849378030
TXN00004412,CLI000351,2023-04-19,FATURA,3346.89,02,BA-CORE-01,BR,BR-7446102889
TXN00004413,CLI001157,2023-01-24,ESTORNO,-2364.96,10,RJ-CORE-01,BR,BR-4665417862
TXN00004414,CLI000298,2023-04-18,PAGAMENTO,655.65,02,SP-CORE-02,BR,BR-4442828156
TXN00004415,CLI001062,2023-10-30,PAGAMENTO,400.3,00,SP-CORE-01,BR,BR-7179934236
TXN00004416,CLI001135,2023-12-21,ESTORNO,3018.38,02,MG-CORE-01,BR,BR-7981343502
TXN00004417,CLI001182,2023-11-02,ESTORNO,-793.86,01,SP-CORE-01,BR,BR-4753702208
TXN00004418,CLI000407,2023-03-02,PAGAMENTO,1760.28,01,SP-CORE-01,BR,BR-3444491041
TXN00004419,CLI000858,2023-12-21,ESTORNO,-3280.74,00,SP-CORE-01,BR,BR-7516525681
TXN00004420,CLI000680,2023-03-21,ESTORNO,-1224.66,10,SP-CORE-02,BR,BR-1433418050
TXN00004421,CLI000289,2023-10-07,ESTORNO,2895.3,10,BA-CORE-01,BR,BR-3141952775
TXN00004422,CLI000574,2023-05-25,FATURA,1657.27,02,BA-CORE-01,BR,BR-9811035250
TXN00004423,CLI000508,2023-06-06,PAGAMENTO,1365.36,02,SP-CORE-02,BR,BR-7616560434
TXN00004424,CLI000166,2023-02-23,PAGAMENTO,1696.59,02,MG-CORE-01,BR,BR-1096819216
TXN00004425,CLI000556,2023-08-09,ESTORNO,293.26,01,MG-CORE-01,BR,BR-8851838021
TXN00004426,CLI000877,2023-03-15,ESTORNO,2182.8,01,MG-CORE-01,BR,BR-2537191134
TXN00004427,CLI000601,2023-10-29,PAGAMENTO,3476.16,10,MG-CORE-01,BR,BR-2237246941
TXN00004428,CLI000009,2023-06-18,ESTORNO,-1804.27,10,RJ-CORE-01,BR,BR-6636024977
TXN00004429,CLI000852,2023-11-09,FATURA,3243.19,01,BA-CORE-01,BR,BR-3657059704
TXN00004430,CLI000682,2023-12-20,FATURA,1162.46,10,SP-CORE-02,BR,BR-4830287810
TXN00004431,CLI001057,2023-12-24,FATURA,2043.37,02,MG-CORE-01,BR,BR-7797956176
TXN00004432,CLI000604,2023-02-26,FATURA,553.11,02,BA-CORE-01,BR,BR-9525226329
TXN00004433,CLI000144,2023-11-06,PAGAMENTO,863.56,02,MG-CORE-01,BR,BR-3805610094
TXN00004434,CLI000492,2023-07-29,ESTORNO,1949.26,10,SP-CORE-02,BR,BR-5433586186
TXN00004435,CLI000517,2023-08-27,FATURA,118.22,10,RJ-CORE-01,BR,BR-7104891000
TXN00004436,CLI000269,2023-06-11,FATURA,3387.95,00,MG-CORE-01,BR,BR-6156156606
TXN00004437,CLI000109,2023-08-19,AJUSTE,2232.12,02,SP-CORE-02,BR,BR-1255086561
TXN00004438,CLI001100,2023-08-14,AJUSTE,3361.57,01,MG-CORE-01,BR,BR-1267698902
TXN00004439,CLI000722,2023-11-22,PAGAMENTO,2277.48,02,RJ-CORE-01,BR,BR-3119803089
TXN00004440,CLI000430,2023-04-07,PAGAMENTO,3018.29,00,SP-CORE-02,BR,BR-4468132414
TXN00004441,CLI001106,2023-09-09,FATURA,1914.97,01,BA-CORE-01,BR,BR-4991586232
TXN00004442,CLI001046,2023-07-22,FATURA,1468.36,02,RJ-CORE-01,BR,BR-5851013429
TXN00004443,CLI000608,2023-09-20,ESTORNO,-1416.66,01,RJ-CORE-01,BR,BR-4106677731
TXN00004444,CLI000361,2023-09-25,FATURA,3256.72,01,BA-CORE-01,BR,BR-1446939534
TXN00004445,CLI001197,2023-03-13,ESTORNO,-284.57,01,BA-CORE-01,BR,BR-6799312597
TXN00004446,CLI001078,2023-06-11,FATURA,2922.95,02,MG-CORE-01,BR,BR-7346211863
TXN00004447,CLI000074,2023-03-31,ESTORNO,-1888.26,01,BA-CORE-01,BR,BR-1978200864
TXN00004448,CLI001107,2023-03-20,ESTORNO,174.71,00,SP-CORE-02,BR,BR-4999673414
TXN00004449,CLI000035,2023-02-16,PAGAMENTO,2778.49,01,SP-CORE-02,BR,BR-9667651430
TXN00004450,CLI000907,2023-08-10,AJUSTE,3307.37,10,RJ-CORE-01,BR,BR-3070918747
TXN00004451,CLI000382,2023-10-07,PAGAMENTO,1374.41,10,BA-CORE-01,BR,BR-5832857817
TXN00004452,CLI000307,2023-03-15,PAGAMENTO,1861.56,10,SP-CORE-01,BR,BR-8307190146
TXN00004453,CLI000464,2023-09-16,FATURA,3478.92,10,MG-CORE-01,BR,BR-3360277484
TXN00004454,CLI000467,2023-08-13,ESTORNO,3395.42,00,MG-CORE-01,BR,BR-5791393363
TXN00004455,CLI000498,2023-05-17,AJUSTE,2239.29,02,RJ-CORE-01,BR,BR-9175690539
TXN00004456,CLI000075,2023-08-06,ESTORNO,623.73,01,MG-CORE-01,BR,BR-2510922679
TXN00004457,CLI001197,2023-05-11,FATURA,1170.46,02,BA-CORE-01,BR,BR-6768680689
TXN00004458,CLI000260,2023-04-22,PAGAMENTO,231.92,01,MG-CORE-01,BR,BR-4943074590
TXN00004459,CLI000335,2023-10-09,AJUSTE,1218.48,10,SP-CORE-01,BR,BR-2022933267
TXN00004460,CLI000841,2023-01-22,ESTORNO,-2676.29,01,RJ-CORE-01,BR,BR-9985032096
TXN00004461,CLI000214,2023-10-24,AJUSTE,2789.26,10,SP-CORE-01,BR,BR-1043162941
TXN00004462,CLI000863,2023-08-01,FATURA,1678.83,00,RJ-CORE-01,BR,BR-4443563465
TXN00004463,CLI000704,2023-07-24,ESTORNO,-3045.67,10,SP-CORE-02,BR,BR-1244313440
TXN00004464,CLI000884,2023-11-08,PAGAMENTO,55.35,02,BA-CORE-01,BR,BR-1243329601
TXN00004465,CLI000334,2023-04-27,PAGAMENTO,156674.76,9A,SANTOS-PORT-07,PA,OFFSHORE-753745OF
TXN00004466,CLI000897,2023-10-06,ESTORNO,2115.96,02,BA-CORE-01,BR,BR-3807379048
TXN00004467,CLI000537,2023-01-06,FATURA,2314.14,10,SP-CORE-02,BR,BR-6444022456
TXN00004468,CLI000066,2023-10-26,ESTORNO,-390912.94,4F,SANTOS-PORT-07,KY,OFFSHORE-520377WR
TXN00004469,CLI000175,2023-07-31,PAGAMENTO,103.62,02,SP-CORE-02,BR,BR-5093296976
TXN00004470,CLI000060,2023-01-25,AJUSTE,804.35,01,BA-CORE-01,BR,BR-5386405648
TXN00004471,CLI000295,2023-05-04,FATURA,2530.27,10,SP-CORE-01,BR,BR-4591989418
TXN00004472,CLI000156,2023-05-07,AJUSTE,1258.37,00,RJ-CORE-01,BR,BR-6455890846
TXN00004473,CLI000424,2023-10-04,FATURA,2364.33,00,RJ-CORE-01,BR,BR-7821439539
TXN00004474,CLI000939,2023-05-24,PAGAMENTO,2935.21,01,RJ-CORE-01,BR,BR-5145057803
TXN00004475,CLI001048,2023-03-08,FATURA,2232.89,10,MG-CORE-01,BR,BR-5551462938
TXN00004476,CLI000884,2023-02-06,PAGAMENTO,3492.99,10,RJ-CORE-01,BR,BR-6943960966
TXN00004477,CLI000703,2023-08-25,ESTORNO,-2444.99,02,RJ-CORE-01,BR,BR-6938171032
TXN00004478,CLI000793,2023-07-08,ESTORNO,108.45,02,RJ-CORE-01,BR,BR-2907050257
TXN00004479,CLI000616,2023-10-16,AJUSTE,2491.06,00,MG-CORE-01,BR,BR-1963998771
TXN00004480,CLI000641,2023-05-27,ESTORNO,3143.55,01,BA-CORE-01,BR,BR-2629196971
TXN00004481,CLI001085,2023-12-06,AJUSTE,3141.16,01,SP-CORE-01,BR,BR-8129326560
TXN00004482,CLI000379,2023-02-08,AJUSTE,1392.36,02,SP-CORE-01,BR,BR-3287035463
TXN00004483,CLI000606,2023-06-03,FATURA,2916.16,02,MG-CORE-01,BR,BR-8131374264
TXN00004484,CLI000790,2023-03-18,ESTORNO,-228.95,01,SP-CORE-01,BR,BR-9724393265
TXN00004485,CLI000743,2023-08-26,ESTORNO,-724.63,01,RJ-CORE-01,BR,BR-8572011492
TXN00004486,CLI000586,2023-03-30,AJUSTE,2537.76,00,SP-CORE-02,BR,BR-5025345979
TXN00004487,CLI000594,2023-12-26,FATURA,621.6,01,MG-CORE-01,BR,BR-5412413776
TXN00004488,CLI000080,2023-10-22,FATURA,891.79,01,SP-CORE-01,BR,BR-7964420564
TXN00004489,CLI000126,2023-12-04,ESTORNO,593.39,10,BA-CORE-01,BR,BR-9013302138
TXN00004490,CLI000182,2023-05-25,FATURA,3239.25,10,BA-CORE-01,BR,BR-4231536511
TXN00004491,CLI000833,2023-12-02,AJUSTE,843.6,01,RJ-CORE-01,BR,BR-4467742419
TXN00004492,CLI000620,2023-02-14,FATURA,1946.83,00,SP-CORE-01,BR,BR-7671347646
TXN00004493,CLI000414,2023-05-15,AJUSTE,2807.64,02,MG-CORE-01,BR,BR-7591749938
TXN00004494,CLI000876,2023-11-04,AJUSTE,2689.64,10,SP-CORE-02,BR,BR-2117124041
TXN00004495,CLI000238,2023-02-14,PAGAMENTO,666.03,01,RJ-CORE-01,BR,BR-9419445903
TXN00004496,CLI000418,2023-03-19,FATURA,110.2,01,BA-CORE-01,BR,BR-2023176784
TXN00004497,CLI001148,2023-04-25,FATURA,157.23,02,BA-CORE-01,BR,BR-4898595925
TXN00004498,CLI001082,2023-03-25,FATURA,2170.88,00,BA-CORE-01,BR,BR-2178508211
TXN00004499,CLI000324,2023-10-24,FATURA,1341.86,10,RJ-CORE-01,BR,BR-5289839506
TXN00004500,CLI000074,2023-03-01,AJUSTE,2889.27,00,BA-CORE-01,BR,BR-6565525658
TXN00004501,CLI001151,2023-02-05,AJUSTE,2354.04,01,RJ-CORE-01,BR,BR-7747748543
TXN00004502,CLI000817,2023-02-18,AJUSTE,1559.09,01,SP-CORE-02,BR,BR-9755746983
TXN00004503,CLI000024,2023-01-28,PAGAMENTO,3471.12,00,MG-CORE-01,BR,BR-6472947474
TXN00004504,CLI001037,2023-12-20,AJUSTE,1926.54,00,BA-CORE-01,BR,BR-1052996109
TXN00004505,CLI000422,2023-05-29,PAGAMENTO,144.46,00,SP-CORE-01,BR,BR-8132980658
TXN00004506,CLI000754,2023-01-12,AJUSTE,2676.78,01,RJ-CORE-01,BR,BR-8885559100
TXN00004507,CLI000973,2023-01-15,PAGAMENTO,3354.36,00,RJ-CORE-01,BR,BR-4640382786
TXN00004508,CLI000315,2023-06-26,PAGAMENTO,221.95,10,MG-CORE-01,BR,BR-7201111087
TXN00004509,CLI000773,2023-12-29,ESTORNO,-3011.63,10,SP-CORE-02,BR,BR-5369127161
TXN00004510,CLI000158,2023-03-02,AJUSTE,1392.42,01,MG-CORE-01,BR,BR-5333066661
TXN00004511,CLI000064,2023-11-30,FATURA,3404.02,00,RJ-CORE-01,BR,BR-6835673655
TXN00004512,CLI000818,2023-10-21,AJUSTE,2149.94,01,SP-CORE-01,BR,BR-3390614928
TXN00004513,CLI000813,2023-01-12,PAGAMENTO,67.55,02,MG-CORE-01,BR,BR-2754970413
TXN00004514,CLI000945,2023-12-18,PAGAMENTO,2123.99,01,SP-CORE-02,BR,BR-5636618622
TXN00004515,CLI000055,2023-01-15,FATURA,1736.17,02,BA-CORE-01,BR,BR-7663417867
TXN00004516,CLI000406,2023-02-03,PAGAMENTO,974.73,00,BA-CORE-01,BR,BR-5094363513
TXN00004517,CLI000692,2023-04-04,AJUSTE,772.39,01,SP-CORE-01,BR,BR-2891673334
TXN00004518,CLI000499,2023-05-31,PAGAMENTO,1012.89,01,BA-CORE-01,BR,BR-8673971451
TXN00004519,CLI000382,2023-06-21,PAGAMENTO,2107.23,00,BA-CORE-01,BR,BR-3125703567
TXN00004520,CLI000766,2023-09-26,AJUSTE,2981.19,02,BA-CORE-01,BR,BR-1749451693
TXN00004521,CLI001180,2023-05-21,ESTORNO,1259.13,00,SP-CORE-02,BR,BR-3817404707
TXN00004522,CLI000482,2023-01-13,PAGAMENTO,3374.22,02,BA-CORE-01,BR,BR-1999320584
TXN00004523,CLI000401,2023-09-11,PAGAMENTO,280784.56,9A,SANTOS-PORT-07,PA,OFFSHORE-511871UB
TXN00004524,CLI001090,2023-10-16,PAGAMENTO,2947.33,01,SP-CORE-02,BR,BR-3194880840
TXN00004525,CLI000900,2023-01-17,FATURA,918.18,01,MG-CORE-01,BR,BR-2017815838
TXN00004526,CLI000983,2023-09-23,ESTORNO,-1102.98,10,RJ-CORE-01,BR,BR-2786576136
TXN00004527,CLI000467,2023-02-20,ESTORNO,-1387.27,10,SP-CORE-01,BR,BR-8051851097
TXN00004528,CLI000985,2023-08-23,FATURA,1178.55,01,BA-CORE-01,BR,BR-9056727891
TXN00004529,CLI000010,2023-01-20,PAGAMENTO,443.96,02,BA-CORE-01,BR,BR-1614521710
TXN00004530,CLI000758,2023-02-26,FATURA,2627.55,02,RJ-CORE-01,BR,BR-8680107879
TXN00004531,CLI000141,2023-04-02,PAGAMENTO,1913.29,02,SP-CORE-02,BR,BR-8095192399
TXN00004532,CLI000792,2023-08-01,FATURA,1895.77,00,SP-CORE-01,BR,BR-9476123135
TXN00004533,CLI000341,2023-04-12,FATURA,3073.53,00,SP-CORE-01,BR,BR-3671110493
TXN00004534,CLI000777,2023-01-12,PAGAMENTO,2743.78,02,RJ-CORE-01,BR,BR-5983505618
TXN00004535,CLI000524,2023-05-13,ESTORNO,-630.57,10,BA-CORE-01,BR,BR-5486568260
TXN00004536,CLI000595,2023-09-13,AJUSTE,1593.23,02,SP-CORE-01,BR,BR-4995644660
TXN00004537,CLI000841,2023-11-20,ESTORNO,-2407.23,02,RJ-CORE-01,BR,BR-1109673244
TXN00004538,CLI000848,2023-01-15,PAGAMENTO,50.86,00,SP-CORE-01,BR,BR-3615798918
TXN00004539,CLI000771,2023-03-19,AJUSTE,1747.97,01,SP-CORE-02,BR,BR-8765447816
TXN00004540,CLI000800,2023-05-17,PAGAMENTO,2410.72,00,MG-CORE-01,BR,BR-6217821437
TXN00004541,CLI000924,2023-10-01,AJUSTE,1299.42,00,BA-CORE-01,BR,BR-9729948493
TXN00004542,CLI000175,2023-10-27,FATURA,694.0,00,BA-CORE-01,BR,BR-4119261951
TXN00004543,CLI000233,2023-12-16,PAGAMENTO,3217.15,02,SP-CORE-01,BR,BR-4148407142
TXN00004544,CLI000564,2023-04-07,FATURA,1453.28,02,SP-CORE-01,BR,BR-9810831226
TXN00004545,CLI000861,2023-10-15,ESTORNO,-966.6,10,MG-CORE-01,BR,BR-7189122676
TXN00004546,CLI000255,2023-09-07,AJUSTE,3249.27,02,BA-CORE-01,BR,BR-2156130988
TXN00004547,CLI000793,2023-04-03,ESTORNO,2086.83,02,RJ-CORE-01,BR,BR-6343063847
TXN00004548,CLI000725,2023-10-22,PAGAMENTO,1165.97,01,SP-CORE-01,BR,BR-2554627667
TXN00004549,CLI000025,2023-03-08,PAGAMENTO,1671.78,01,BA-CORE-01,BR,BR-7252704323
TXN00004550,CLI000555,2023-08-01,FATURA,3384.62,00,MG-CORE-01,BR,BR-6330254025
TXN00004551,CLI000642,2023-08-25,ESTORNO,-2038.25,02,RJ-CORE-01,BR,BR-9075512531
TXN00004552,CLI000571,2023-07-29,FATURA,2496.36,01,SP-CORE-02,BR,BR-2554267761
TXN00004553,CLI000912,2023-02-16,PAGAMENTO,2410.24,00,SP-CORE-01,BR,BR-3171722069
TXN00004554,CLI000582,2023-08-27,FATURA,1955.53,00,SP-CORE-02,BR,BR-9223296899
TXN00004555,CLI001160,2023-08-18,ESTORNO,1429.52,00,SP-CORE-02,BR,BR-8100997954
TXN00004556,CLI000719,2023-10-14,ESTORNO,-1000.81,02,SP-CORE-02,BR,BR-3599394028
TXN00004557,CLI001096,2023-10-05,AJUSTE,722.94,01,MG-CORE-01,BR,BR-2798948060
TXN00004558,CLI000256,2023-07-03,PAGAMENTO,3010.87,10,BA-CORE-01,BR,BR-3309042717
TXN00004559,CLI000561,2023-01-25,AJUSTE,3215.7,10,RJ-CORE-01,BR,BR-6527129795
TXN00004560,CLI001148,2023-12-31,PAGAMENTO,1663.79,00,RJ-CORE-01,BR,BR-2347951178
TXN00004561,CLI000569,2023-02-03,AJUSTE,2928.56,10,SP-CORE-01,BR,BR-5645032724
TXN00004562,CLI000245,2023-01-02,FATURA,1716.99,00,SP-CORE-01,BR,BR-5223016951
TXN00004563,CLI000168,2023-06-03,FATURA,425219.14,4F,SANTOS-PORT-07,LU,OFFSHORE-288665SP
TXN00004564,CLI000937,2023-10-26,FATURA,2999.78,01,SP-CORE-01,BR,BR-5842373700
TXN00004565,CLI001058,2023-06-05,ESTORNO,620.17,02,MG-CORE-01,BR,BR-2260108602
TXN00004566,CLI001015,2023-12-30,ESTORNO,662.84,10,MG-CORE-01,BR,BR-4101737697
TXN00004567,CLI000497,2023-01-03,PAGAMENTO,216.64,00,SP-CORE-02,BR,BR-9906699355
TXN00004568,CLI000064,2023-06-21,AJUSTE,3261.35,01,SP-CORE-01,BR,BR-9249445534
TXN00004569,CLI000832,2023-03-26,AJUSTE,1433.5,00,BA-CORE-01,BR,BR-9374838576
TXN00004570,CLI001125,2023-01-10,PAGAMENTO,536.44,10,RJ-CORE-01,BR,BR-9206283313
TXN00004571,CLI000840,2023-10-20,AJUSTE,2270.12,02,MG-CORE-01,BR,BR-8004370096
TXN00004572,CLI000387,2023-07-26,ESTORNO,2657.77,01,SP-CORE-01,BR,BR-7166242227
TXN00004573,CLI000504,2023-01-05,PAGAMENTO,2915.24,00,MG-CORE-01,BR,BR-8549092491
TXN00004574,CLI000461,2023-09-24,PAGAMENTO,2722.96,10,MG-CORE-01,BR,BR-4006965433
TXN00004575,CLI000481,2023-01-19,AJUSTE,1755.51,00,BA-CORE-01,BR,BR-4150114278
TXN00004576,CLI001108,2023-09-16,ESTORNO,964.19,01,MG-CORE-01,BR,BR-3187744636
TXN00004577,CLI000712,2023-07-29,PAGAMENTO,3269.87,01,BA-CORE-01,BR,BR-9623365510
TXN00004578,CLI000649,2023-09-01,FATURA,2798.58,02,RJ-CORE-01,BR,BR-7842090240
TXN00004579,CLI000184,2023-03-10,PAGAMENTO,1506.21,10,RJ-CORE-01,BR,BR-7242851593
TXN00004580,CLI001183,2023-09-15,AJUSTE,378.31,02,MG-CORE-01,BR,BR-6671233208
TXN00004581,CLI000272,2023-01-02,ESTORNO,-3009.68,00,SP-CORE-02,BR,BR-4320036885
TXN00004582,CLI000463,2023-02-01,AJUSTE,666.94,01,MG-CORE-01,BR,BR-6292531626
TXN00004583,CLI000352,2023-04-21,FATURA,455.03,10,RJ-CORE-01,BR,BR-7413646620
TXN00004584,CLI000946,2023-08-15,ESTORNO,794.93,00,BA-CORE-01,BR,BR-9797329728
TXN00004585,CLI000703,2023-01-21,ESTORNO,-2568.89,01,RJ-CORE-01,BR,BR-9280884088
TXN00004586,CLI000754,2023-11-28,AJUSTE,536.73,10,MG-CORE-01,BR,BR-6520137641
TXN00004587,CLI000051,2023-03-06,FATURA,1212.24,01,MG-CORE-01,BR,BR-6944525712
TXN00004588,CLI000428,2023-07-03,FATURA,2945.16,01,MG-CORE-01,BR,BR-4252579672
TXN00004589,CLI000266,2023-03-11,AJUSTE,1734.13,01,SP-CORE-02,BR,BR-5095310029
TXN00004590,CLI000473,2023-09-30,AJUSTE,3303.99,10,SP-CORE-02,BR,BR-4139556167
TXN00004591,CLI000382,2023-03-13,PAGAMENTO,3135.33,01,MG-CORE-01,BR,BR-2350197673
TXN00004592,CLI000109,2023-10-24,ESTORNO,743.48,00,SP-CORE-02,BR,BR-6786805346
TXN00004593,CLI000515,2023-10-06,FATURA,2431.38,02,SP-CORE-02,BR,BR-1711214547
TXN00004594,CLI000392,2023-04-15,FATURA,2605.86,00,RJ-CORE-01,BR,BR-6531244261
TXN00004595,CLI000752,2023-04-11,AJUSTE,2396.14,01,BA-CORE-01,BR,BR-7385051823
TXN00004596,CLI000998,2023-11-21,PAGAMENTO,2685.83,00,SP-CORE-02,BR,BR-6022194495
TXN00004597,CLI001073,2023-05-18,FATURA,1637.3,10,SP-CORE-01,BR,BR-2196701188
TXN00004598,CLI000034,2023-12-18,ESTORNO,330686.7,4F,SANTOS-PORT-07,LU,OFFSHORE-782741DG
TXN00004599,CLI000296,2023-06-01,PAGAMENTO,216725.76,4F,SANTOS-PORT-07,LU,OFFSHORE-478150WW
TXN00004600,CLI000323,2023-07-08,FATURA,1723.35,01,MG-CORE-01,BR,BR-2861342732
TXN00004601,CLI000406,2023-05-29,PAGAMENTO,124.81,01,SP-CORE-02,BR,BR-2363768949
TXN00004602,CLI001078,2023-09-25,PAGAMENTO,1862.03,01,RJ-CORE-01,BR,BR-1034233408
TXN00004603,CLI000936,2023-11-22,AJUSTE,2813.71,00,SP-CORE-02,BR,BR-5050851541
TXN00004604,CLI000763,2023-12-13,PAGAMENTO,2359.01,01,SP-CORE-02,BR,BR-3892006052
TXN00004605,CLI000708,2023-05-02,FATURA,594.13,02,BA-CORE-01,BR,BR-6434362188
TXN00004606,CLI000893,2023-02-11,ESTORNO,-2389.65,00,SP-CORE-02,BR,BR-5945367549
TXN00004607,CLI000458,2023-11-29,PAGAMENTO,1843.55,00,MG-CORE-01,BR,BR-4495540116
TXN00004608,CLI001090,2023-09-11,ESTORNO,1473.08,00,RJ-CORE-01,BR,BR-8445586448
TXN00004609,CLI000002,2023-05-07,PAGAMENTO,515.29,02,BA-CORE-01,BR,BR-2213756353
TXN00004610,CLI000781,2023-09-28,AJUSTE,1185.62,02,SP-CORE-02,BR,BR-4761807031
TXN00004611,CLI000496,2023-03-20,AJUSTE,379.01,02,BA-CORE-01,BR,BR-4218845963
TXN00004612,CLI000527,2023-06-01,PAGAMENTO,736.53,10,SP-CORE-02,BR,BR-5308701373
TXN00004613,CLI000586,2023-11-02,ESTORNO,-1025.83,01,BA-CORE-01,BR,BR-5583852251
TXN00004614,CLI000963,2023-07-05,PAGAMENTO,1535.47,02,SP-CORE-02,BR,BR-1764998225
TXN00004615,CLI000187,2023-09-20,FATURA,1727.29,00,SP-CORE-01,BR,BR-3507826917
TXN00004616,CLI000771,2023-12-06,FATURA,529.72,10,SP-CORE-02,BR,BR-8033930780
TXN00004617,CLI000945,2023-12-16,AJUSTE,2605.31,01,RJ-CORE-01,BR,BR-7378283909
TXN00004618,CLI001035,2023-12-27,AJUSTE,2897.37,01,SP-CORE-02,BR,BR-7360670711
TXN00004619,CLI000011,2023-05-18,PAGAMENTO,1983.7,00,MG-CORE-01,BR,BR-1414607096
TXN00004620,CLI001064,2023-10-25,FATURA,450.97,00,RJ-CORE-01,BR,BR-6528788381
TXN00004621,CLI000316,2023-07-22,PAGAMENTO,2525.59,00,MG-CORE-01,BR,BR-9458345995
TXN00004622,CLI000405,2023-06-08,PAGAMENTO,1078.64,10,BA-CORE-01,BR,BR-2397569678
TXN00004623,CLI000992,2023-09-21,PAGAMENTO,1263.77,02,RJ-CORE-01,BR,BR-8140031764
TXN00004624,CLI001016,2023-01-30,PAGAMENTO,2758.38,00,BA-CORE-01,BR,BR-1497439597
TXN00004625,CLI000030,2023-08-01,FATURA,1038.37,02,BA-CORE-01,BR,BR-5782601974
TXN00004626,CLI001177,2023-06-29,ESTORNO,-2634.27,01,RJ-CORE-01,BR,BR-8288424566
TXN00004627,CLI001125,2023-05-11,ESTORNO,-3201.3,01,SP-CORE-02,BR,BR-4027173701
TXN00004628,CLI000895,2023-12-31,FATURA,1153.03,00,RJ-CORE-01,BR,BR-2008716202
TXN00004629,CLI000907,2023-02-14,ESTORNO,1944.88,10,BA-CORE-01,BR,BR-6544503163
TXN00004630,CLI000503,2023-10-31,FATURA,1859.75,01,MG-CORE-01,BR,BR-3179641818
TXN00004631,CLI001031,2023-07-01,ESTORNO,171.02,10,BA-CORE-01,BR,BR-8657187506
TXN00004632,CLI000491,2023-07-22,FATURA,568.94,02,SP-CORE-01,BR,BR-9851082595
TXN00004633,CLI000339,2023-09-19,FATURA,3014.8,10,RJ-CORE-01,BR,BR-8609817285
TXN00004634,CLI000676,2023-04-24,ESTORNO,1057.63,01,RJ-CORE-01,BR,BR-6659127769
TXN00004635,CLI000066,2023-02-27,AJUSTE,669.59,00,RJ-CORE-01,BR,BR-7193134742
TXN00004636,CLI000093,2023-09-16,AJUSTE,1592.52,00,BA-CORE-01,BR,BR-7007282752
TXN00004637,CLI000782,2023-06-19,AJUSTE,3039.88,10,BA-CORE-01,BR,BR-4918593865
TXN00004638,CLI000825,2023-01-01,PAGAMENTO,3168.39,00,SP-CORE-02,BR,BR-6447381055
TXN00004639,CLI000168,2023-08-14,ESTORNO,981.19,10,BA-CORE-01,BR,BR-4127538716
TXN00004640,CLI000487,2023-02-11,PAGAMENTO,668.19,00,RJ-CORE-01,BR,BR-4515536330
TXN00004641,CLI001030,2023-12-24,PAGAMENTO,1109.27,02,BA-CORE-01,BR,BR-6620010435
TXN00004642,CLI000252,2023-11-23,FATURA,1979.34,00,SP-CORE-01,BR,BR-2760127183
TXN00004643,CLI001114,2023-09-24,ESTORNO,-2115.58,01,SP-CORE-02,BR,BR-3685585090
TXN00004644,CLI000643,2023-12-05,PAGAMENTO,1415.8,00,SP-CORE-02,BR,BR-2415982761
TXN00004645,CLI000987,2023-01-01,ESTORNO,-2687.14,00,SP-CORE-02,BR,BR-4101948739
TXN00004646,CLI000603,2023-09-23,AJUSTE,60.23,00,SP-CORE-01,BR,BR-8741304368
TXN00004647,CLI000186,2023-08-27,ESTORNO,115030.45,9A,SANTOS-PORT-07,LU,OFFSHORE-563830CY
TXN00004648,CLI000766,2023-11-08,ESTORNO,1997.35,00,SP-CORE-02,BR,BR-3082629429
TXN00004649,CLI001181,2023-07-02,FATURA,1189.43,00,BA-CORE-01,BR,BR-5969043107
TXN00004650,CLI000990,2023-09-30,PAGAMENTO,1544.32,10,MG-CORE-01,BR,BR-2294788502
TXN00004651,CLI000418,2023-10-02,FATURA,59.91,02,BA-CORE-01,BR,BR-2062182961
TXN00004652,CLI000208,2023-10-13,AJUSTE,3176.96,02,SP-CORE-01,BR,BR-8662451920
TXN00004653,CLI000153,2023-02-12,PAGAMENTO,554.87,01,SP-CORE-02,BR,BR-8109356121
TXN00004654,CLI001153,2023-05-24,AJUSTE,2026.18,01,SP-CORE-02,BR,BR-1364714170
TXN00004655,CLI000965,2023-01-22,ESTORNO,2336.72,01,MG-CORE-01,BR,BR-9907290768
TXN00004656,CLI000920,2023-07-05,PAGAMENTO,1837.08,02,MG-CORE-01,BR,BR-2784043645
TXN00004657,CLI000372,2023-10-04,ESTORNO,44.03,10,SP-CORE-01,BR,BR-9653250072
TXN00004658,CLI000759,2023-03-09,PAGAMENTO,2528.44,01,SP-CORE-01,BR,BR-1652180311
TXN00004659,CLI000242,2023-08-08,FATURA,1126.64,00,SP-CORE-02,BR,BR-8699244299
TXN00004660,CLI000249,2023-01-25,PAGAMENTO,2913.49,00,BA-CORE-01,BR,BR-6685363026
TXN00004661,CLI000454,2023-12-09,AJUSTE,2492.39,01,BA-CORE-01,BR,BR-5395606770
TXN00004662,CLI001015,2023-01-31,AJUSTE,653.74,02,BA-CORE-01,BR,BR-6472001976
TXN00004663,CLI000583,2023-01-31,AJUSTE,1513.58,01,SP-CORE-02,BR,BR-1870446839
TXN00004664,CLI000221,2023-11-04,ESTORNO,1518.05,00,SP-CORE-01,BR,BR-7319616386
TXN00004665,CLI000705,2023-10-08,PAGAMENTO,188.44,02,RJ-CORE-01,BR,BR-6545827794
TXN00004666,CLI000013,2023-02-15,AJUSTE,246.56,00,SP-CORE-02,BR,BR-1399699943
TXN00004667,CLI000519,2023-07-27,FATURA,2755.36,00,BA-CORE-01,BR,BR-9447712449
TXN00004668,CLI000526,2023-07-28,ESTORNO,2942.63,00,BA-CORE-01,BR,BR-7704427893
TXN00004669,CLI000667,2023-10-10,FATURA,2945.92,02,MG-CORE-01,BR,BR-7370937693
TXN00004670,CLI000681,2023-05-24,ESTORNO,-1989.82,02,SP-CORE-01,BR,BR-6345576602
TXN00004671,CLI000816,2023-07-31,FATURA,2900.38,10,RJ-CORE-01,BR,BR-5760130713
TXN00004672,CLI000998,2023-11-01,PAGAMENTO,1960.11,02,BA-CORE-01,BR,BR-5188411716
TXN00004673,CLI000033,2023-03-14,ESTORNO,-2137.19,02,SP-CORE-01,BR,BR-6291895991
TXN00004674,CLI000391,2023-11-14,ESTORNO,-1269.62,10,MG-CORE-01,BR,BR-6883339101
TXN00004675,CLI000708,2023-08-21,ESTORNO,1433.7,10,BA-CORE-01,BR,BR-3418724889
TXN00004676,CLI001075,2023-01-23,AJUSTE,353.13,02,MG-CORE-01,BR,BR-8055852017
TXN00004677,CLI000656,2023-03-05,PAGAMENTO,1653.56,02,MG-CORE-01,BR,BR-2427799501
TXN00004678,CLI000914,2023-03-10,FATURA,3381.98,10,SP-CORE-02,BR,BR-5191103954
TXN00004679,CLI001107,2023-02-13,PAGAMENTO,440.94,10,MG-CORE-01,BR,BR-9999627377
TXN00004680,CLI001070,2023-08-11,PAGAMENTO,47.42,01,RJ-CORE-01,BR,BR-1726947767
TXN00004681,CLI000846,2023-05-19,AJUSTE,2831.54,10,BA-CORE-01,BR,BR-2073608945
TXN00004682,CLI000323,2023-11-30,PAGAMENTO,179.99,10,RJ-CORE-01,BR,BR-5901977457
TXN00004683,CLI000129,2023-09-09,PAGAMENTO,2878.89,02,SP-CORE-01,BR,BR-1998278217
TXN00004684,CLI000561,2023-09-12,ESTORNO,-3332.42,01,SP-CORE-01,BR,BR-8590961600
TXN00004685,CLI000002,2023-04-14,AJUSTE,1203.91,02,MG-CORE-01,BR,BR-6377401488
TXN00004686,CLI000927,2023-09-25,ESTORNO,2935.15,02,BA-CORE-01,BR,BR-1646873524
TXN00004687,CLI000017,2023-02-25,AJUSTE,1279.64,00,RJ-CORE-01,BR,BR-5318897881
TXN00004688,CLI000761,2023-04-27,ESTORNO,1169.99,00,SP-CORE-02,BR,BR-3965233999
TXN00004689,CLI000497,2023-01-09,PAGAMENTO,1166.27,01,RJ-CORE-01,BR,BR-8708159741
TXN00004690,CLI000175,2023-03-06,AJUSTE,2545.09,00,SP-CORE-01,BR,BR-7638253076
TXN00004691,CLI000568,2023-10-24,AJUSTE,962.62,02,SP-CORE-02,BR,BR-3800355735
TXN00004692,CLI000544,2023-05-24,FATURA,3020.18,10,BA-CORE-01,BR,BR-6677250784
TXN00004693,CLI001115,2023-12-15,AJUSTE,2953.05,10,MG-CORE-01,BR,BR-8339532919
TXN00004694,CLI000236,2023-12-19,AJUSTE,3061.07,00,SP-CORE-02,BR,BR-5746127311
TXN00004695,CLI001159,2023-09-29,PAGAMENTO,532.51,00,SP-CORE-02,BR,BR-4003279786
TXN00004696,CLI000785,2023-09-15,FATURA,399.49,00,SP-CORE-01,BR,BR-2613559300
TXN00004697,CLI001064,2023-06-09,AJUSTE,585.93,10,RJ-CORE-01,BR,BR-4250803652
TXN00004698,CLI000925,2023-04-22,PAGAMENTO,2383.9,02,BA-CORE-01,BR,BR-4213274467
TXN00004699,CLI001092,2023-06-27,ESTORNO,3036.61,10,SP-CORE-02,BR,BR-1713810569
TXN00004700,CLI000637,2023-04-11,AJUSTE,2626.47,10,SP-CORE-02,BR,BR-5174348618
TXN00004701,CLI000955,2023-04-06,ESTORNO,-466.35,02,SP-CORE-02,BR,BR-7116816064
TXN00004702,CLI000689,2023-10-11,AJUSTE,107.84,00,SP-CORE-02,BR,BR-3092479645
TXN00004703,CLI000537,2023-04-28,ESTORNO,-1947.99,01,BA-CORE-01,BR,BR-7644679689
TXN00004704,CLI001091,2023-07-23,PAGAMENTO,1665.4,10,MG-CORE-01,BR,BR-2715434253
TXN00004705,CLI001026,2023-10-04,AJUSTE,1920.02,10,RJ-CORE-01,BR,BR-2274535954
TXN00004706,CLI000642,2023-02-10,PAGAMENTO,2535.9,01,SP-CORE-01,BR,BR-8201299357
TXN00004707,CLI000738,2023-02-06,AJUSTE,2400.37,01,MG-CORE-01,BR,BR-7539002241
TXN00004708,CLI000196,2023-02-22,AJUSTE,1312.53,01,MG-CORE-01,BR,BR-3792676715
TXN00004709,CLI000451,2023-09-04,FATURA,2948.06,00,RJ-CORE-01,BR,BR-5902780755
TXN00004710,CLI000569,2023-11-22,FATURA,2870.25,00,MG-CORE-01,BR,BR-8363613204
TXN00004711,CLI000639,2023-07-02,ESTORNO,515.33,10,RJ-CORE-01,BR,BR-6374032156
TXN00004712,CLI000743,2023-04-15,ESTORNO,763.1,10,SP-CORE-01,BR,BR-2988055189
TXN00004713,CLI000338,2023-04-27,AJUSTE,2869.03,02,BA-CORE-01,BR,BR-9315926417
TXN00004714,CLI000422,2023-11-12,PAGAMENTO,1646.56,00,SP-CORE-01,BR,BR-1581277647
TXN00004715,CLI001130,2023-04-26,ESTORNO,1044.83,10,RJ-CORE-01,BR,BR-8857247603
TXN00004716,CLI000827,2023-11-17,PAGAMENTO,259.49,00,MG-CORE-01,BR,BR-5337148987
TXN00004717,CLI001173,2023-12-30,FATURA,3485.99,01,SP-CORE-01,BR,BR-2788007547
TXN00004718,CLI000450,2023-09-13,AJUSTE,2132.38,01,MG-CORE-01,BR,BR-5940711655
TXN00004719,CLI000241,2023-09-09,AJUSTE,3162.52,00,SP-CORE-02,BR,BR-5196080556
TXN00004720,CLI000084,2023-03-27,AJUSTE,668.03,02,RJ-CORE-01,BR,BR-1806055547
TXN00004721,CLI001076,2023-01-08,PAGAMENTO,1028.64,01,SP-CORE-01,BR,BR-3980901341
TXN00004722,CLI001017,2023-07-22,AJUSTE,1953.4,02,MG-CORE-01,BR,BR-7604506493
TXN00004723,CLI000724,2023-01-04,ESTORNO,-1617.47,01,MG-CORE-01,BR,BR-2421785056
TXN00004724,CLI000332,2023-01-07,PAGAMENTO,32.99,10,MG-CORE-01,BR,BR-9852390547
TXN00004725,CLI000248,2023-03-03,AJUSTE,3031.79,01,BA-CORE-01,BR,BR-1671960610
TXN00004726,CLI000536,2023-09-15,AJUSTE,1465.38,01,MG-CORE-01,BR,BR-6265756641
TXN00004727,CLI000405,2023-03-10,PAGAMENTO,1504.78,01,BA-CORE-01,BR,BR-3700768869
TXN00004728,CLI001168,2023-06-03,FATURA,2532.29,02,BA-CORE-01,BR,BR-4985212098
TXN00004729,CLI000067,2023-12-06,AJUSTE,2666.51,10,MG-CORE-01,BR,BR-6474282056
TXN00004730,CLI000517,2023-10-06,ESTORNO,-210356.36,9A,SANTOS-PORT-07,KY,OFFSHORE-128965NS
TXN00004731,CLI001067,2023-04-16,ESTORNO,-3494.71,02,BA-CORE-01,BR,BR-7892457034
TXN00004732,CLI000797,2023-08-10,ESTORNO,-1243.16,01,RJ-CORE-01,BR,BR-9200079312
TXN00004733,CLI000629,2023-08-28,AJUSTE,1959.51,00,MG-CORE-01,BR,BR-1898965501
TXN00004734,CLI000693,2023-07-12,AJUSTE,898.42,00,SP-CORE-01,BR,BR-1929617578
TXN00004735,CLI000506,2023-07-05,ESTORNO,-2588.63,02,BA-CORE-01,BR,BR-3641077173
TXN00004736,CLI000397,2023-10-21,PAGAMENTO,2646.38,00,SP-CORE-02,BR,BR-1615611973
TXN00004737,CLI000945,2023-06-22,PAGAMENTO,2025.18,01,MG-CORE-01,BR,BR-5296027584
TXN00004738,CLI000430,2023-09-24,PAGAMENTO,1733.45,10,RJ-CORE-01,BR,BR-5165439968
TXN00004739,CLI000150,2023-10-14,ESTORNO,-1499.51,01,RJ-CORE-01,BR,BR-8762012604
TXN00004740,CLI000367,2023-04-23,ESTORNO,2715.02,00,BA-CORE-01,BR,BR-7320856459
TXN00004741,CLI000027,2023-09-09,PAGAMENTO,2995.28,01,SP-CORE-02,BR,BR-4264207051
TXN00004742,CLI000154,2023-07-27,PAGAMENTO,420.14,00,SP-CORE-01,BR,BR-6983948853
TXN00004743,CLI000001,2023-04-25,FATURA,2142.07,02,RJ-CORE-01,BR,BR-8618926769
TXN00004744,CLI000321,2023-05-25,ESTORNO,-658.33,01,MG-CORE-01,BR,BR-8328264724
TXN00004745,CLI001075,2023-05-14,FATURA,3475.02,00,SP-CORE-01,BR,BR-6819644762
TXN00004746,CLI000038,2023-02-19,PAGAMENTO,2804.79,10,RJ-CORE-01,BR,BR-7191825941
TXN00004747,CLI000055,2023-11-18,ESTORNO,-3433.08,00,RJ-CORE-01,BR,BR-9159416252
TXN00004748,CLI000793,2023-08-21,PAGAMENTO,2153.58,10,MG-CORE-01,BR,BR-8095681651
TXN00004749,CLI000372,2023-04-03,PAGAMENTO,3422.77,10,SP-CORE-01,BR,BR-1764557476
TXN00004750,CLI000118,2023-08-23,AJUSTE,650.59,02,SP-CORE-02,BR,BR-9015003556
TXN00004751,CLI000961,2023-09-18,ESTORNO,2798.57,10,SP-CORE-02,BR,BR-8968763419
TXN00004752,CLI000401,2023-12-07,FATURA,2957.99,02,RJ-CORE-01,BR,BR-2821400851
TXN00004753,CLI000632,2023-09-08,AJUSTE,1644.83,00,SP-CORE-01,BR,BR-6115237403
TXN00004754,CLI000010,2023-08-27,FATURA,2372.23,01,SP-CORE-02,BR,BR-2607201922
TXN00004755,CLI001073,2023-09-18,PAGAMENTO,1204.35,10,SP-CORE-01,BR,BR-5275375467
TXN00004756,CLI000981,2023-12-11,ESTORNO,-2125.23,01,RJ-CORE-01,BR,BR-6136076879
TXN00004757,CLI001017,2023-04-19,ESTORNO,-3322.15,01,MG-CORE-01,BR,BR-1837040208
TXN00004758,CLI001010,2023-03-28,FATURA,1351.72,01,MG-CORE-01,BR,BR-7812627337
TXN00004759,CLI000911,2023-06-29,PAGAMENTO,2088.96,02,RJ-CORE-01,BR,BR-2410688654
TXN00004760,CLI000715,2023-07-17,PAGAMENTO,2174.19,02,MG-CORE-01,BR,BR-9207857552
TXN00004761,CLI000655,2023-11-18,ESTORNO,2835.84,01,RJ-CORE-01,BR,BR-9228328836
TXN00004762,CLI000907,2023-11-23,FATURA,471.39,00,RJ-CORE-01,BR,BR-9645745562
TXN00004763,CLI001074,2023-03-28,PAGAMENTO,2109.79,00,BA-CORE-01,BR,BR-2172645601
TXN00004764,CLI000486,2023-06-11,PAGAMENTO,3077.16,02,RJ-CORE-01,BR,BR-8074747961
TXN00004765,CLI000015,2023-06-28,PAGAMENTO,993.21,00,MG-CORE-01,BR,BR-8050936384
TXN00004766,CLI001189,2023-04-28,ESTORNO,1871.69,01,BA-CORE-01,BR,BR-2710659735
TXN00004767,CLI000778,2023-04-06,AJUSTE,2531.22,00,SP-CORE-02,BR,BR-8319760247
TXN00004768,CLI000429,2023-09-26,ESTORNO,-169.29,02,SP-CORE-01,BR,BR-7246947116
TXN00004769,CLI000362,2023-05-21,FATURA,324.02,00,MG-CORE-01,BR,BR-6041307910
TXN00004770,CLI000472,2023-01-16,ESTORNO,-1113.51,00,SP-CORE-02,BR,BR-1446192500
TXN00004771,CLI000809,2023-11-20,PAGAMENTO,2043.36,01,SP-CORE-02,BR,BR-2587135848
TXN00004772,CLI000077,2023-05-24,PAGAMENTO,2274.06,02,MG-CORE-01,BR,BR-4063645073
TXN00004773,CLI001169,2023-04-22,AJUSTE,2980.66,01,MG-CORE-01,BR,BR-4654772856
TXN00004774,CLI000581,2023-05-16,PAGAMENTO,407.88,01,SP-CORE-01,BR,BR-5650696322
TXN00004775,CLI000894,2023-01-28,FATURA,3072.4,00,SP-CORE-02,BR,BR-1512934062
TXN00004776,CLI000236,2023-09-05,FATURA,2818.6,00,BA-CORE-01,BR,BR-4051964572
TXN00004777,CLI000975,2023-06-03,PAGAMENTO,3419.1,02,BA-CORE-01,BR,BR-2349635732
TXN00004778,CLI000179,2023-04-14,PAGAMENTO,1823.93,01,SP-CORE-01,BR,BR-4661785483
TXN00004779,CLI000969,2023-05-09,ESTORNO,-768.07,02,MG-CORE-01,BR,BR-4167339238
TXN00004780,CLI000065,2023-06-24,AJUSTE,99.79,02,SP-CORE-02,BR,BR-9159005428
TXN00004781,CLI000685,2023-08-28,AJUSTE,120.9,10,BA-CORE-01,BR,BR-8148953034
TXN00004782,CLI000328,2023-08-29,PAGAMENTO,230.41,00,BA-CORE-01,BR,BR-1264069218
TXN00004783,CLI001168,2023-05-03,AJUSTE,3093.0,10,SP-CORE-01,BR,BR-2145192600
TXN00004784,CLI001067,2023-03-07,FATURA,672.86,10,RJ-CORE-01,BR,BR-6036215200
TXN00004785,CLI001026,2023-12-11,ESTORNO,-376.54,01,SP-CORE-02,BR,BR-5486129538
TXN00004786,CLI000136,2023-01-05,PAGAMENTO,1183.94,00,MG-CORE-01,BR,BR-3613612286
TXN00004787,CLI000062,2023-11-18,FATURA,2813.2,10,RJ-CORE-01,BR,BR-2757721882
TXN00004788,CLI000420,2023-05-17,PAGAMENTO,162.09,00,MG-CORE-01,BR,BR-5041950526
TXN00004789,CLI000467,2023-08-14,ESTORNO,1867.56,02,BA-CORE-01,BR,BR-6631408741
TXN00004790,CLI000673,2023-09-22,ESTORNO,-2948.16,02,MG-CORE-01,BR,BR-7702551535
TXN00004791,CLI000379,2023-12-20,ESTORNO,-2380.81,02,RJ-CORE-01,BR,BR-5800547550
TXN00004792,CLI001037,2023-11-11,FATURA,54.42,00,MG-CORE-01,BR,BR-9959710804
TXN00004793,CLI000877,2023-12-06,AJUSTE,2754.85,02,SP-CORE-02,BR,BR-9290458773
TXN00004794,CLI000086,2023-09-23,PAGAMENTO,1153.16,02,RJ-CORE-01,BR,BR-1378652730
TXN00004795,CLI000762,2023-10-28,ESTORNO,-770.33,01,SP-CORE-02,BR,BR-4942827617
TXN00004796,CLI000111,2023-01-03,PAGAMENTO,2959.7,02,SP-CORE-02,BR,BR-1371160993
TXN00004797,CLI000824,2023-07-05,FATURA,573.16,00,SP-CORE-02,BR,BR-1044833889
TXN00004798,CLI000819,2023-04-11,PAGAMENTO,781.93,01,SP-CORE-02,BR,BR-8034922852
TXN00004799,CLI000241,2023-05-16,ESTORNO,3392.3,01,SP-CORE-01,BR,BR-2977184333
TXN00004800,CLI000335,2023-05-21,ESTORNO,-2821.73,00,SP-CORE-02,BR,BR-5051173495
TXN00004801,CLI001144,2023-03-02,FATURA,527.97,02,SP-CORE-02,BR,BR-4713368213
TXN00004802,CLI001089,2023-01-03,ESTORNO,96.53,01,SP-CORE-02,BR,BR-4170160337
TXN00004803,CLI000114,2023-12-25,AJUSTE,155.66,10,BA-CORE-01,BR,BR-2333531793
TXN00004804,CLI000115,2023-09-28,ESTORNO,3063.21,00,BA-CORE-01,BR,BR-2232984424
TXN00004805,CLI000995,2023-06-02,ESTORNO,-1866.79,10,SP-CORE-02,BR,BR-2198138675
TXN00004806,CLI000671,2023-04-15,PAGAMENTO,2062.46,01,RJ-CORE-01,BR,BR-7721795431
TXN00004807,CLI000322,2023-09-27,AJUSTE,2907.94,02,SP-CORE-01,BR,BR-2778042470
TXN00004808,CLI000895,2023-03-16,PAGAMENTO,3011.28,01,BA-CORE-01,BR,BR-4587479963
TXN00004809,CLI000743,2023-03-09,ESTORNO,-2062.35,00,BA-CORE-01,BR,BR-1855663345
TXN00004810,CLI000163,2023-11-28,ESTORNO,1645.29,10,BA-CORE-01,BR,BR-9500935186
TXN00004811,CLI000867,2023-06-23,ESTORNO,-2079.29,01,SP-CORE-01,BR,BR-7183027712
TXN00004812,CLI000694,2023-06-05,ESTORNO,931.07,10,MG-CORE-01,BR,BR-5691874056
TXN00004813,CLI000667,2023-12-29,FATURA,2672.48,02,BA-CORE-01,BR,BR-6856674089
TXN00004814,CLI000595,2023-09-19,FATURA,2010.94,02,RJ-CORE-01,BR,BR-7541418750
TXN00004815,CLI000740,2023-05-02,FATURA,3212.73,00,MG-CORE-01,BR,BR-1732183014
TXN00004816,CLI000160,2023-06-30,ESTORNO,2112.64,01,RJ-CORE-01,BR,BR-7808480880
TXN00004817,CLI000899,2023-09-17,FATURA,2653.08,01,SP-CORE-02,BR,BR-3442596476
TXN00004818,CLI001177,2023-06-03,ESTORNO,-1575.66,10,MG-CORE-01,BR,BR-7158353462
TXN00004819,CLI001054,2023-07-09,AJUSTE,1007.87,00,SP-CORE-02,BR,BR-2239909831
TXN00004820,CLI000963,2023-03-17,PAGAMENTO,2983.31,01,MG-CORE-01,BR,BR-2155131949
TXN00004821,CLI000583,2023-01-09,FATURA,1737.24,02,RJ-CORE-01,BR,BR-6200011339
TXN00004822,CLI000217,2023-10-19,ESTORNO,2414.2,10,MG-CORE-01,BR,BR-6232365051
TXN00004823,CLI000241,2023-08-07,PAGAMENTO,481.35,02,MG-CORE-01,BR,BR-2120324674
TXN00004824,CLI000346,2023-06-18,AJUSTE,1286.77,01,RJ-CORE-01,BR,BR-4959613569
TXN00004825,CLI000254,2023-08-09,PAGAMENTO,1574.7,00,MG-CORE-01,BR,BR-3710612548
TXN00004826,CLI000405,2023-03-20,AJUSTE,1728.05,10,MG-CORE-01,BR,BR-3041010654
TXN00004827,CLI000212,2023-05-25,FATURA,2863.28,00,SP-CORE-02,BR,BR-6682202906
TXN00004828,CLI000747,2023-11-23,PAGAMENTO,-383075.86,9A,SANTOS-PORT-07,LU,OFFSHORE-820797SM
TXN00004829,CLI000689,2023-10-12,ESTORNO,857.5,02,RJ-CORE-01,BR,BR-8277815372
TXN00004830,CLI000440,2023-08-11,ESTORNO,2808.94,00,MG-CORE-01,BR,BR-8434394520
TXN00004831,CLI001043,2023-07-10,AJUSTE,2784.28,10,MG-CORE-01,BR,BR-6341172911
TXN00004832,CLI001189,2023-10-14,FATURA,2874.9,02,SP-CORE-01,BR,BR-8401828320
TXN00004833,CLI000163,2023-01-16,FATURA,1769.54,00,RJ-CORE-01,BR,BR-7875993207
TXN00004834,CLI000658,2023-02-15,PAGAMENTO,1309.54,02,MG-CORE-01,BR,BR-7017906777
TXN00004835,CLI000457,2023-02-17,AJUSTE,2197.6,10,BA-CORE-01,BR,BR-5758202336
TXN00004836,CLI000141,2023-10-12,PAGAMENTO,1355.33,00,BA-CORE-01,BR,BR-7775259340
TXN00004837,CLI000069,2023-01-19,PAGAMENTO,1841.82,02,SP-CORE-01,BR,BR-3547242254
TXN00004838,CLI000222,2023-07-10,ESTORNO,-372320.45,9A,SANTOS-PORT-07,PA,OFFSHORE-702324FQ
TXN00004839,CLI000389,2023-04-15,ESTORNO,-622.78,01,MG-CORE-01,BR,BR-2320817370
TXN00004840,CLI000088,2023-12-29,AJUSTE,775.62,10,SP-CORE-02,BR,BR-1792823740
TXN00004841,CLI000917,2023-01-02,AJUSTE,2336.6,01,BA-CORE-01,BR,BR-4684060593
TXN00004842,CLI000433,2023-12-02,AJUSTE,3480.1,00,BA-CORE-01,BR,BR-2874963179
TXN00004843,CLI000845,2023-05-26,ESTORNO,3335.02,10,BA-CORE-01,BR,BR-4110133535
TXN00004844,CLI001114,2023-08-10,PAGAMENTO,1426.55,02,SP-CORE-02,BR,BR-8626180528
TXN00004845,CLI000382,2023-06-03,AJUSTE,1803.51,00,SP-CORE-02,BR,BR-5316204963
TXN00004846,CLI000629,2023-08-11,PAGAMENTO,1036.52,02,SP-CORE-02,BR,BR-5979283596
TXN00004847,CLI000890,2023-01-16,ESTORNO,916.65,01,SP-CORE-02,BR,BR-5724092414
TXN00004848,CLI001126,2023-05-03,PAGAMENTO,1559.35,02,BA-CORE-01,BR,BR-4938269146
TXN00004849,CLI001161,2023-08-16,PAGAMENTO,2890.27,02,RJ-CORE-01,BR,BR-2664617282
TXN00004850,CLI000527,2023-06-09,AJUSTE,1370.83,10,SP-CORE-01,BR,BR-5016921419
TXN00004851,CLI000670,2023-11-09,PAGAMENTO,775.95,02,SP-CORE-02,BR,BR-9043115665
TXN00004852,CLI000313,2023-08-12,ESTORNO,-1423.75,01,SP-CORE-02,BR,BR-7858800225
TXN00004853,CLI000796,2023-10-26,PAGAMENTO,2661.34,10,RJ-CORE-01,BR,BR-3294007227
TXN00004854,CLI000373,2023-08-03,PAGAMENTO,2343.5,00,SP-CORE-01,BR,BR-6784750523
TXN00004855,CLI000546,2023-10-23,AJUSTE,2739.63,01,SP-CORE-02,BR,BR-1115518612
TXN00004856,CLI000958,2023-10-14,PAGAMENTO,1727.45,01,SP-CORE-01,BR,BR-6304961439
TXN00004857,CLI000132,2023-04-28,AJUSTE,1711.18,02,SP-CORE-01,BR,BR-6850949950
TXN00004858,CLI001016,2023-09-21,AJUSTE,1459.58,02,BA-CORE-01,BR,BR-9596770204
TXN00004859,CLI000789,2023-01-27,AJUSTE,3250.28,02,RJ-CORE-01,BR,BR-9921805120
TXN00004860,CLI001151,2023-12-12,ESTORNO,2718.94,10,RJ-CORE-01,BR,BR-1988158051
TXN00004861,CLI000811,2023-01-28,FATURA,3105.69,02,SP-CORE-01,BR,BR-3147267582
TXN00004862,CLI000440,2023-11-30,PAGAMENTO,1496.73,02,BA-CORE-01,BR,BR-1190043366
TXN00004863,CLI000220,2023-04-25,PAGAMENTO,596.32,00,RJ-CORE-01,BR,BR-6591780786
TXN00004864,CLI000598,2023-08-11,ESTORNO,-1255.86,02,RJ-CORE-01,BR,BR-5693756540
TXN00004865,CLI000934,2023-02-14,AJUSTE,3432.79,10,MG-CORE-01,BR,BR-6067527304
TXN00004866,CLI001177,2023-07-08,FATURA,497.76,01,RJ-CORE-01,BR,BR-5942423191
TXN00004867,CLI000838,2023-10-20,FATURA,3399.12,02,SP-CORE-01,BR,BR-6631097590
TXN00004868,CLI001113,2023-11-18,ESTORNO,-372.46,01,RJ-CORE-01,BR,BR-3064384875
TXN00004869,CLI001153,2023-11-17,FATURA,935.63,01,SP-CORE-02,BR,BR-9396734394
TXN00004870,CLI000098,2023-08-05,PAGAMENTO,1449.43,01,SP-CORE-02,BR,BR-1771023751
TXN00004871,CLI001036,2023-03-07,ESTORNO,-741.08,00,SP-CORE-01,BR,BR-5752083046
TXN00004872,CLI000167,2023-09-09,FATURA,170.4,02,SP-CORE-02,BR,BR-4462726923
TXN00004873,CLI000043,2023-06-28,ESTORNO,-1617.77,02,BA-CORE-01,BR,BR-4146796542
TXN00004874,CLI000196,2023-03-09,ESTORNO,1666.32,01,RJ-CORE-01,BR,BR-4465676206
TXN00004875,CLI000013,2023-05-29,FATURA,770.18,01,SP-CORE-01,BR,BR-5985957879
TXN00004876,CLI000083,2023-09-03,PAGAMENTO,2565.87,02,SP-CORE-01,BR,BR-7472388712
TXN00004877,CLI000823,2023-02-09,PAGAMENTO,57.72,01,SP-CORE-02,BR,BR-8242597557
TXN00004878,CLI000579,2023-05-28,PAGAMENTO,1200.25,01,MG-CORE-01,BR,BR-5344740217
TXN00004879,CLI000504,2023-05-03,PAGAMENTO,3383.16,01,SP-CORE-01,BR,BR-8173432577
TXN00004880,CLI000368,2023-11-09,FATURA,459.38,02,SP-CORE-02,BR,BR-5529091515
TXN00004881,CLI000454,2023-08-06,PAGAMENTO,1451.09,10,SP-CORE-01,BR,BR-7120247651
TXN00004882,CLI001045,2023-07-25,AJUSTE,320.84,10,RJ-CORE-01,BR,BR-9195703289
TXN00004883,CLI000680,2023-08-03,FATURA,2674.67,02,MG-CORE-01,BR,BR-7451305385
TXN00004884,CLI000969,2023-03-18,ESTORNO,-1485.03,01,SP-CORE-01,BR,BR-8649351906
TXN00004885,CLI000016,2023-03-15,FATURA,1602.34,02,SP-CORE-01,BR,BR-8353084840
TXN00004886,CLI000654,2023-12-17,ESTORNO,3233.1,10,SP-CORE-01,BR,BR-9468688732
TXN00004887,CLI000188,2023-02-08,PAGAMENTO,2708.65,01,SP-CORE-01,BR,BR-8557470772
TXN00004888,CLI000748,2023-08-21,PAGAMENTO,3045.86,01,SP-CORE-02,BR,BR-1343636531
TXN00004889,CLI000559,2023-10-22,AJUSTE,2816.05,01,SP-CORE-01,BR,BR-5324846219
TXN00004890,CLI000115,2023-10-26,ESTORNO,-2459.0,00,MG-CORE-01,BR,BR-2107399563
TXN00004891,CLI000466,2023-10-25,PAGAMENTO,1052.86,01,SP-CORE-01,BR,BR-9041060090
TXN00004892,CLI001083,2023-03-17,FATURA,964.51,10,RJ-CORE-01,BR,BR-2867829945
TXN00004893,CLI000071,2023-11-18,ESTORNO,-3252.41,02,SP-CORE-01,BR,BR-7291109928
TXN00004894,CLI000068,2023-02-05,ESTORNO,2999.56,00,RJ-CORE-01,BR,BR-1171130607
TXN00004895,CLI000748,2023-02-20,ESTORNO,-193.66,01,SP-CORE-02,BR,BR-9022555324
TXN00004896,CLI000647,2023-04-25,AJUSTE,3432.21,01,SP-CORE-02,BR,BR-7271729065
TXN00004897,CLI000109,2023-12-29,PAGAMENTO,2707.42,02,SP-CORE-02,BR,BR-6881083339
TXN00004898,CLI000540,2023-10-23,FATURA,2872.32,02,SP-CORE-01,BR,BR-7123345775
TXN00004899,CLI000948,2023-08-19,AJUSTE,3253.18,00,SP-CORE-02,BR,BR-8194054256
TXN00004900,CLI000348,2023-05-19,FATURA,1554.11,00,SP-CORE-02,BR,BR-9690996671
TXN00004901,CLI001105,2023-04-19,AJUSTE,3223.08,10,SP-CORE-01,BR,BR-2147767812
TXN00004902,CLI000076,2023-07-14,ESTORNO,-1861.57,10,MG-CORE-01,BR,BR-6554422145
TXN00004903,CLI000142,2023-11-06,ESTORNO,-348.49,01,BA-CORE-01,BR,BR-2791260069
TXN00004904,CLI000776,2023-12-18,FATURA,1228.12,02,BA-CORE-01,BR,BR-7213830490
TXN00004905,CLI000434,2023-05-07,AJUSTE,2516.81,00,MG-CORE-01,BR,BR-9742900191
TXN00004906,CLI000528,2023-05-28,PAGAMENTO,2259.67,00,BA-CORE-01,BR,BR-5774643348
TXN00004907,CLI000685,2023-01-23,ESTORNO,1362.26,02,RJ-CORE-01,BR,BR-4143505110
TXN00004908,CLI000014,2023-07-08,AJUSTE,1645.45,10,MG-CORE-01,BR,BR-2701728624
TXN00004909,CLI000657,2023-07-20,ESTORNO,646.14,00,MG-CORE-01,BR,BR-1752622784
TXN00004910,CLI001190,2023-03-17,PAGAMENTO,2290.88,01,MG-CORE-01,BR,BR-3297743956
TXN00004911,CLI000249,2023-07-30,AJUSTE,110.72,01,MG-CORE-01,BR,BR-7414320172
TXN00004912,CLI000452,2023-09-20,PAGAMENTO,3015.38,00,SP-CORE-01,BR,BR-9129156255
TXN00004913,CLI001171,2023-01-02,PAGAMENTO,2064.97,00,BA-CORE-01,BR,BR-3651030484
TXN00004914,CLI000403,2023-10-12,FATURA,254.01,10,SP-CORE-01,BR,BR-7739096956
TXN00004915,CLI000706,2023-09-13,AJUSTE,2422.23,01,BA-CORE-01,BR,BR-1174551698
TXN00004916,CLI000569,2023-08-27,PAGAMENTO,2885.02,10,SP-CORE-01,BR,BR-6697654131
TXN00004917,CLI001154,2023-03-10,PAGAMENTO,2447.86,01,SP-CORE-01,BR,BR-1164443046
TXN00004918,CLI001006,2023-08-07,ESTORNO,-2273.23,10,RJ-CORE-01,BR,BR-5729286078
TXN00004919,CLI000230,2023-04-14,PAGAMENTO,2232.37,02,MG-CORE-01,BR,BR-4115565294
TXN00004920,CLI000822,2023-03-18,AJUSTE,148.48,00,SP-CORE-02,BR,BR-6591987194
TXN00004921,CLI000358,2023-10-19,AJUSTE,3269.45,10,RJ-CORE-01,BR,BR-2721163424
TXN00004922,CLI000545,2023-01-23,ESTORNO,-189.5,02,SP-CORE-01,BR,BR-8502307281
TXN00004923,CLI001129,2023-11-24,PAGAMENTO,1665.64,02,BA-CORE-01,BR,BR-9213466250
TXN00004924,CLI000921,2023-02-27,AJUSTE,1725.42,10,RJ-CORE-01,BR,BR-5145330871
TXN00004925,CLI000683,2023-09-13,ESTORNO,1589.92,01,RJ-CORE-01,BR,BR-4408678433
TXN00004926,CLI000962,2023-04-21,ESTORNO,1888.92,02,MG-CORE-01,BR,BR-7746943183
TXN00004927,CLI000410,2023-04-01,FATURA,1240.32,00,SP-CORE-01,BR,BR-9568109316
TXN00004928,CLI000253,2023-12-23,FATURA,1342.28,02,MG-CORE-01,BR,BR-4409016344
TXN00004929,CLI001165,2023-07-15,AJUSTE,2838.3,00,BA-CORE-01,BR,BR-5504695792
TXN00004930,CLI000077,2023-10-27,PAGAMENTO,2021.68,01,RJ-CORE-01,BR,BR-7757426736
TXN00004931,CLI000082,2023-11-18,AJUSTE,285.53,10,BA-CORE-01,BR,BR-9312815857
TXN00004932,CLI000978,2023-11-25,ESTORNO,225526.5,9A,SANTOS-PORT-07,PA,OFFSHORE-795133IX
TXN00004933,CLI000110,2023-04-29,ESTORNO,839.27,02,SP-CORE-02,BR,BR-9667557205
TXN00004934,CLI001033,2023-11-03,AJUSTE,2370.87,10,RJ-CORE-01,BR,BR-2394184320
TXN00004935,CLI000404,2023-02-28,FATURA,668.31,01,MG-CORE-01,BR,BR-9863620453
TXN00004936,CLI000282,2023-07-08,ESTORNO,445.33,01,BA-CORE-01,BR,BR-8846797777
TXN00004937,CLI000688,2023-02-12,AJUSTE,1552.93,10,BA-CORE-01,BR,BR-7820039405
TXN00004938,CLI000114,2023-05-06,FATURA,1995.45,02,MG-CORE-01,BR,BR-6965879269
TXN00004939,CLI000616,2023-06-16,ESTORNO,-3379.72,10,MG-CORE-01,BR,BR-5348943115
TXN00004940,CLI000654,2023-02-07,AJUSTE,3202.91,02,SP-CORE-02,BR,BR-6757815878
TXN00004941,CLI001014,2023-06-29,AJUSTE,881.77,00,SP-CORE-01,BR,BR-2908610750
TXN00004942,CLI000557,2023-01-17,ESTORNO,-3002.53,01,MG-CORE-01,BR,BR-8484286122
TXN00004943,CLI000856,2023-04-07,FATURA,1344.26,02,MG-CORE-01,BR,BR-3996707622
TXN00004944,CLI000834,2023-11-10,AJUSTE,912.91,01,BA-CORE-01,BR,BR-8185419951
TXN00004945,CLI000819,2023-08-24,PAGAMENTO,3418.15,02,RJ-CORE-01,BR,BR-6393158644
TXN00004946,CLI000139,2023-04-27,ESTORNO,-366383.97,4F,SANTOS-PORT-07,LU,OFFSHORE-929596BV
TXN00004947,CLI000534,2023-06-03,FATURA,527.76,10,BA-CORE-01,BR,BR-4285392988
TXN00004948,CLI000219,2023-06-28,AJUSTE,988.85,01,SP-CORE-01,BR,BR-8490646376
TXN00004949,CLI000233,2023-09-16,FATURA,1919.03,10,BA-CORE-01,BR,BR-5250644256
TXN00004950,CLI000658,2023-03-21,AJUSTE,2674.06,01,RJ-CORE-01,BR,BR-3308943107
TXN00004951,CLI000666,2023-09-28,AJUSTE,1087.27,00,SP-CORE-01,BR,BR-1530402737
TXN00004952,CLI000811,2023-01-20,PAGAMENTO,2995.72,02,MG-CORE-01,BR,BR-2699732017
TXN00004953,CLI000788,2023-11-26,FATURA,341.93,10,RJ-CORE-01,BR,BR-2242744399
TXN00004954,CLI000853,2023-06-04,AJUSTE,2915.95,02,RJ-CORE-01,BR,BR-4714688406
TXN00004955,CLI000514,2023-01-02,AJUSTE,3193.87,00,SP-CORE-02,BR,BR-9499295746
TXN00004956,CLI001167,2023-11-15,PAGAMENTO,2488.0,01,SP-CORE-02,BR,BR-7657501485
TXN00004957,CLI000470,2023-01-03,ESTORNO,1725.87,00,MG-CORE-01,BR,BR-6230207584
TXN00004958,CLI000531,2023-07-17,ESTORNO,1352.93,00,BA-CORE-01,BR,BR-6492746582
TXN00004959,CLI000512,2023-12-17,PAGAMENTO,192.56,00,MG-CORE-01,BR,BR-8604238207
TXN00004960,CLI000389,2023-01-27,FATURA,1556.41,02,SP-CORE-01,BR,BR-3707013363
TXN00004961,CLI000339,2023-03-10,ESTORNO,279.46,00,SP-CORE-02,BR,BR-8027479006
TXN00004962,CLI000086,2023-11-21,ESTORNO,-391.3,02,MG-CORE-01,BR,BR-7582073468
TXN00004963,CLI000393,2023-08-12,ESTORNO,-900.76,00,BA-CORE-01,BR,BR-7029987916
TXN00004964,CLI000288,2023-12-12,AJUSTE,705.76,10,RJ-CORE-01,BR,BR-8545519608
TXN00004965,CLI000655,2023-11-02,ESTORNO,2804.43,00,RJ-CORE-01,BR,BR-9265880734
TXN00004966,CLI001124,2023-08-13,FATURA,2270.85,00,RJ-CORE-01,BR,BR-4750974892
TXN00004967,CLI000366,2023-10-17,AJUSTE,227.21,02,SP-CORE-02,BR,BR-7013187705
TXN00004968,CLI000328,2023-02-13,AJUSTE,2854.25,00,SP-CORE-01,BR,BR-9604268536
TXN00004969,CLI000444,2023-09-15,ESTORNO,412.9,00,RJ-CORE-01,BR,BR-8859215923
TXN00004970,CLI000345,2023-12-22,ESTORNO,-2467.39,01,BA-CORE-01,BR,BR-8571747753
TXN00004971,CLI000222,2023-06-14,PAGAMENTO,555.35,00,SP-CORE-02,BR,BR-3818317229
TXN00004972,CLI001037,2023-06-04,PAGAMENTO,3117.3,01,SP-CORE-01,BR,BR-5717261756
TXN00004973,CLI001114,2023-12-26,ESTORNO,1089.14,10,MG-CORE-01,BR,BR-7091421469
TXN00004974,CLI000256,2023-12-20,FATURA,1907.77,10,SP-CORE-02,BR,BR-9714664711
TXN00004975,CLI000853,2023-12-05,AJUSTE,1361.84,02,BA-CORE-01,BR,BR-1962899942
TXN00004976,CLI000233,2023-05-20,ESTORNO,2434.59,00,RJ-CORE-01,BR,BR-9935704422
TXN00004977,CLI000282,2023-02-18,FATURA,362.34,00,BA-CORE-01,BR,BR-5393036949
TXN00004978,CLI000375,2023-02-22,AJUSTE,1270.38,01,SP-CORE-02,BR,BR-3619124771
TXN00004979,CLI000805,2023-01-07,ESTORNO,-2550.89,01,RJ-CORE-01,BR,BR-7981448409
TXN00004980,CLI000642,2023-02-11,PAGAMENTO,2211.47,01,SP-CORE-01,BR,BR-3939316981
TXN00004981,CLI000918,2023-05-10,AJUSTE,573.06,10,MG-CORE-01,BR,BR-9383115102
TXN00004982,CLI001097,2023-07-17,PAGAMENTO,123.14,01,BA-CORE-01,BR,BR-9687514170
TXN00004983,CLI000620,2023-11-24,PAGAMENTO,2477.16,10,MG-CORE-01,BR,BR-4922193193
TXN00004984,CLI000154,2023-10-04,FATURA,2458.78,10,MG-CORE-01,BR,BR-7261069753
TXN00004985,CLI000042,2023-08-18,FATURA,2283.0,01,RJ-CORE-01,BR,BR-2027851518
TXN00004986,CLI001010,2023-04-22,AJUSTE,2452.37,02,SP-CORE-01,BR,BR-6153038644
TXN00004987,CLI000375,2023-05-26,AJUSTE,2798.01,01,RJ-CORE-01,BR,BR-5864694949
TXN00004988,CLI000425,2023-06-27,PAGAMENTO,1026.9,00,MG-CORE-01,BR,BR-1132670505
TXN00004989,CLI001129,2023-09-06,AJUSTE,3493.35,10,SP-CORE-02,BR,BR-7775750049
TXN00004990,CLI001048,2023-12-25,ESTORNO,664.78,00,BA-CORE-01,BR,BR-2972218606
TXN00004991,CLI000874,2023-07-15,AJUSTE,319798.55,9A,SANTOS-PORT-07,LU,OFFSHORE-616481VT
TXN00004992,CLI000476,2023-09-02,FATURA,3098.54,00,RJ-CORE-01,BR,BR-4069888953
TXN00004993,CLI000753,2023-08-22,ESTORNO,2710.99,01,SP-CORE-01,BR,BR-7178401182
TXN00004994,CLI000384,2023-02-06,AJUSTE,2875.75,10,BA-CORE-01,BR,BR-5551747366
TXN00004995,CLI000117,2023-11-30,FATURA,685.27,01,RJ-CORE-01,BR,BR-8781030738
TXN00004996,CLI001144,2023-01-04,ESTORNO,-2856.53,00,MG-CORE-01,BR,BR-5466364227
TXN00004997,CLI001034,2023-10-17,ESTORNO,-1003.28,10,SP-CORE-02,BR,BR-7184949643
TXN00004998,CLI001120,2023-12-27,PAGAMENTO,3354.51,01,SP-CORE-01,BR,BR-4381958315
TXN00004999,CLI000527,2023-06-16,FATURA,3193.6,02,SP-CORE-01,BR,BR-1445057469
TXN00005000,CLI000690,2023-07-03,ESTORNO,987.11,01,SP-CORE-02,BR,BR-8933106904
